ligand,file,geometries,conformers,donor_element,donor_index,substituents,sterimol_l,sterimol_b1,sterimol_b5,percent_buried_volume,buried_volume,qvbur_min,qvbur_max,max_delta_qvbur,max_delta_qvbur_min,pyr_p,pyr_alpha
1,.stericx/kraken_dft_cache/1/31676.sdf,30,30,P,16,C C C,6.9638,4.2632,9.7629,53.3015,95.7266,13.3950,36.6987,20.2646,2.6925,0.9126,20.2915
10,.stericx/kraken_dft_cache/10/31858.sdf,25,25,P,4,C C C,6.1962,3.4147,7.0326,36.0857,64.8078,13.0425,20.1908,6.7954,2.7741,0.8785,24.3564
100,.stericx/kraken_dft_cache/100/33519.sdf,7,7,P,16,C C C,6.9461,3.9102,7.1485,56.5040,101.4781,11.5577,44.1027,29.5910,29.1165,0.9500,15.3130
1000,.stericx/kraken_dft_cache/1000/48782.sdf,34,34,P,4,N N N,5.9447,2.9891,6.1137,33.1356,59.5096,12.6035,17.1400,4.2362,2.9606,0.9137,19.1199
1001,.stericx/kraken_dft_cache/1001/48816.sdf,34,34,P,4,N N N,6.2505,3.0501,6.2747,33.1027,59.4507,12.5466,17.1239,4.4299,3.0072,0.9122,19.3093
1002,.stericx/kraken_dft_cache/1002/48850.sdf,20,20,P,4,N C C,6.0743,3.0056,6.7496,34.3539,61.6977,11.8750,20.0861,7.5606,2.6109,0.9305,18.0847
1003,.stericx/kraken_dft_cache/1003/48870.sdf,14,14,P,3,C C C,9.0732,3.0828,5.8968,34.4844,61.9320,11.3379,20.5935,8.7977,4.0912,0.9051,21.3524
1004,.stericx/kraken_dft_cache/1004/48884.sdf,6,6,P,8,C C C,9.0952,1.9425,5.8623,30.3998,54.5963,9.9231,17.0953,6.7468,5.6881,0.9190,19.1340
1005,.stericx/kraken_dft_cache/1005/48890.sdf,19,19,P,3,C C B,4.8351,2.7765,9.0724,32.5897,58.5293,11.3259,18.3298,6.4506,3.1238,0.8952,22.5059
1006,.stericx/kraken_dft_cache/1006/48909.sdf,6,6,P,8,C C B,4.6739,2.7983,8.4213,29.0661,52.2010,10.0746,15.9841,5.8882,4.5342,0.9131,19.8394
1007,.stericx/kraken_dft_cache/1007/48915.sdf,18,18,P,3,C C Si,4.8738,2.7238,5.6855,31.6985,56.9288,11.6462,16.2697,4.0990,3.0422,0.8868,23.4938
1008,.stericx/kraken_dft_cache/1008/48933.sdf,6,6,P,4,C C Si,4.7345,2.7145,5.7103,31.5193,56.6070,10.8283,19.2886,8.4292,7.2849,0.8898,22.6205
1009,.stericx/kraken_dft_cache/1009/48939.sdf,3,3,P,9,F O O,3.3847,1.4700,6.8431,24.6647,44.2964,8.7808,13.9754,5.1053,0.9674,0.9545,13.9473
101,.stericx/kraken_dft_cache/101/33526.sdf,14,14,P,16,C C C,6.9367,3.7919,9.6499,53.3308,95.7792,11.7050,39.2155,22.6616,4.0329,0.9424,16.1270
1011,.stericx/kraken_dft_cache/1011/48942.sdf,2,2,P,4,F C C,3.1525,2.0104,5.0886,31.0813,55.8202,9.6977,16.8661,7.0518,7.0518,0.9087,20.2887
1012,.stericx/kraken_dft_cache/1012/48944.sdf,3,3,P,1,F C C,3.1446,1.4700,6.8740,25.2272,45.3065,9.0295,14.7137,5.4589,5.4550,0.9566,14.2748
1013,.stericx/kraken_dft_cache/1013/48947.sdf,3,3,P,1,F C C,3.1739,1.4700,5.2012,24.6539,44.2769,9.0528,14.6981,5.4355,4.5108,0.9602,13.3229
1015,.stericx/kraken_dft_cache/1015/48950.sdf,7,7,P,5,B B B,7.0384,2.1487,6.8845,26.6522,47.8659,11.2080,12.9181,1.6435,1.0024,0.9214,19.1207
1016,.stericx/kraken_dft_cache/1016/48957.sdf,20,20,P,7,C C B,6.9672,2.8239,6.8371,36.7991,66.0890,12.7900,19.9509,6.9067,4.0213,0.8835,23.9472
1017,.stericx/kraken_dft_cache/1017/48977.sdf,8,8,P,12,B B B,9.2618,2.4023,9.3172,25.8462,46.4182,11.0513,12.1498,0.8917,0.8509,0.9502,15.2017
1018,.stericx/kraken_dft_cache/1018/48985.sdf,10,10,P,7,C C B,6.9674,2.3252,6.8870,30.1791,54.2000,10.9053,16.0572,4.3919,4.0912,0.9142,20.4272
1019,.stericx/kraken_dft_cache/1019/48995.sdf,32,32,P,29,N N B,6.0251,3.1838,8.0290,53.0015,95.1877,14.7458,37.6115,20.8189,12.2037,0.8824,23.7381
102,.stericx/kraken_dft_cache/102/33540.sdf,36,36,P,9,C C C,7.7162,4.7045,9.7225,56.7218,101.8692,15.0018,36.4461,18.7262,5.5132,0.8969,22.3160
1020,.stericx/kraken_dft_cache/1020/49027.sdf,31,31,P,20,N N B,6.5288,4.8196,8.1498,69.7627,125.2898,23.8364,40.4186,14.7989,4.1728,0.9276,17.4573
1021,.stericx/kraken_dft_cache/1021/49058.sdf,40,40,P,29,C C B,6.9618,3.1746,8.0568,52.8896,94.9867,11.6679,40.0722,24.4189,14.5000,0.8801,24.3400
1022,.stericx/kraken_dft_cache/1022/49098.sdf,3,3,P,8,C C C,6.9430,3.2150,8.1912,35.4491,63.6646,11.6093,20.9185,9.1732,7.7162,0.9923,5.8775
1023,.stericx/kraken_dft_cache/1023/49101.sdf,8,8,P,17,C C C,6.9448,3.1104,8.2031,34.5437,62.0386,11.8468,19.2672,7.2325,6.9003,0.9921,5.9519
1024,.stericx/kraken_dft_cache/1024/49109.sdf,13,13,P,24,C C C,6.9450,3.3159,8.2140,36.5984,65.7286,11.2623,21.1304,9.5659,7.6346,0.9926,5.7471
1025,.stericx/kraken_dft_cache/1025/49122.sdf,27,27,P,22,N N C,6.4563,3.6431,8.9337,43.2241,77.6280,10.7735,27.7467,15.7156,7.9960,0.9749,10.0676
1026,.stericx/kraken_dft_cache/1026/49149.sdf,10,10,P,4,N N N,7.1985,3.9935,7.8430,33.5215,60.2028,11.4088,20.4142,8.6662,4.0796,0.9407,16.6084
1027,.stericx/kraken_dft_cache/1027/49159.sdf,1,1,P,10,N N N,7.3234,4.3847,7.3430,33.5410,60.2378,13.1362,16.9710,3.8348,3.8348,0.9918,6.0808
1028,.stericx/kraken_dft_cache/1028/49160.sdf,10,10,P,3,O O O,4.7365,1.5200,4.8416,22.9459,41.2095,8.7874,13.9976,5.1927,1.3288,0.9542,14.0335
1029,.stericx/kraken_dft_cache/1029/49170.sdf,19,19,P,5,N O O,5.1597,2.4334,4.6605,26.1453,46.9556,8.9297,18.8906,9.8818,8.0892,0.9374,16.2238
103,.stericx/kraken_dft_cache/103/33576.sdf,15,15,P,0,C C C,7.1508,4.5630,9.7574,58.5250,105.1076,15.7199,36.5677,18.6036,10.1057,0.7906,33.0768
1031,.stericx/kraken_dft_cache/1031/49189.sdf,1,1,P,4,O O O,3.9969,1.5200,5.4310,20.0740,36.0518,8.6603,9.4180,0.6994,0.6994,0.9833,8.0828
1032,.stericx/kraken_dft_cache/1032/49190.sdf,1,1,P,8,N N N,4.6634,2.7628,5.8389,28.6734,51.4958,11.5044,14.3135,1.6085,1.6085,0.9642,12.9249
1033,.stericx/kraken_dft_cache/1033/49191.sdf,1,1,P,5,N N N,6.0761,2.7331,6.0756,25.0000,44.8986,10.4204,12.0289,1.6085,1.6085,0.9922,5.9135
1034,.stericx/kraken_dft_cache/1034/49192.sdf,34,34,P,8,N N N,9.8627,3.8533,10.5198,27.1656,48.7879,10.6206,13.8520,2.4498,1.2588,0.9610,13.4251
1035,.stericx/kraken_dft_cache/1035/49226.sdf,49,49,P,8,N N C,9.6811,3.7059,10.3330,27.5343,49.4501,10.2808,14.5373,4.1464,2.6575,0.9460,15.9749
1036,.stericx/kraken_dft_cache/1036/47970.sdf,22,22,P,5,O N N,6.0370,2.5964,6.1614,27.7592,49.8539,10.1067,15.5469,5.4142,4.8838,0.9568,13.8184
1037,.stericx/kraken_dft_cache/1037/49286.sdf,55,55,P,9,N N N,6.5852,4.5822,7.2207,49.3539,88.6369,16.4772,27.6563,10.5488,1.6318,0.9070,20.8847
1038,.stericx/kraken_dft_cache/1038/49341.sdf,10,10,P,17,N N N,5.9346,4.8178,6.8320,51.7179,92.8825,17.4384,29.2727,11.6070,2.0165,0.8886,23.2369
1039,.stericx/kraken_dft_cache/1039/49351.sdf,2,2,P,16,N N N,6.7144,4.0773,7.3146,39.9825,71.8063,15.8462,20.0715,3.3161,3.3103,0.9458,16.0441
104,.stericx/kraken_dft_cache/104/33591.sdf,32,32,P,9,C C C,7.5776,4.8960,9.3199,46.5164,83.5409,11.5324,30.7847,16.6192,6.3525,0.8954,22.3226
1040,.stericx/kraken_dft_cache/1040/49353.sdf,10,10,P,18,N N C,6.2308,4.3888,8.3234,35.8950,64.4654,11.0102,21.4644,10.3609,3.7532,0.9650,12.7164
1041,.stericx/kraken_dft_cache/1041/49363.sdf,31,31,P,14,N N N,5.7301,4.1187,6.5603,40.1852,72.1704,14.5556,22.3993,7.3026,1.3871,0.9635,13.0220
1042,.stericx/kraken_dft_cache/1042/49394.sdf,21,21,P,7,N C C,5.4854,3.8678,8.2868,35.3576,63.5003,11.3246,23.0793,11.0765,7.2616,0.9012,21.8312
1043,.stericx/kraken_dft_cache/1043/49415.sdf,6,6,P,8,N C C,6.7592,3.6837,5.6382,39.5174,70.9709,14.0551,24.7086,9.9231,6.1660,0.8781,24.1455
1044,.stericx/kraken_dft_cache/1044/49421.sdf,11,11,P,4,N C C,5.5780,2.9044,6.8623,29.7520,53.4328,10.8400,16.4507,5.3554,2.2379,0.9355,17.3859
1045,.stericx/kraken_dft_cache/1045/49432.sdf,5,5,P,5,C C C,7.7927,2.6149,6.8751,28.3995,51.0040,11.2503,14.4370,2.0375,2.0281,0.9309,18.2407
1046,.stericx/kraken_dft_cache/1046/49437.sdf,4,4,P,8,C C C,11.2976,2.6374,6.8642,28.2532,50.7411,11.5160,13.8647,1.2909,1.2822,0.9321,18.0689
1047,.stericx/kraken_dft_cache/1047/49441.sdf,2,2,P,10,N N N,4.7010,2.4785,5.2548,27.3689,49.1530,10.1640,13.9113,2.9664,1.4337,0.9635,12.8069
1048,.stericx/kraken_dft_cache/1048/49443.sdf,8,8,P,8,C C C,6.9592,2.1251,7.9766,27.9822,50.2545,10.8997,14.4300,3.3802,2.5526,0.9379,17.2326
1049,.stericx/kraken_dft_cache/1049/49451.sdf,21,21,P,13,O O N,7.7456,2.7847,9.6274,32.2127,57.8522,10.2533,22.4077,11.9962,9.6278,0.9436,15.7334
105,.stericx/kraken_dft_cache/105/33623.sdf,9,9,P,9,C C C,7.5701,4.1244,9.7158,53.8205,96.6586,12.3268,36.8003,21.0078,8.7070,0.9093,20.6316
1050,.stericx/kraken_dft_cache/1050/49472.sdf,3,3,P,7,O O N,5.9452,1.5200,7.1911,24.8183,44.5722,9.0333,13.8589,4.8256,4.8256,0.9495,14.9645
1051,.stericx/kraken_dft_cache/1051/49475.sdf,11,11,P,7,O N O,6.7306,2.2834,7.3877,31.9002,57.2910,8.8998,27.0131,17.3016,6.9120,0.9507,15.1893
1052,.stericx/kraken_dft_cache/1052/49486.sdf,2,2,P,13,O O N,6.9734,1.5200,7.5160,27.6967,49.7416,8.9168,21.1089,11.8191,10.7701,0.9532,14.8391
1053,.stericx/kraken_dft_cache/1053/49488.sdf,5,5,P,16,O N O,6.9693,1.5200,7.5338,27.8518,50.0202,8.8981,21.3373,12.1245,10.6768,0.9536,14.7636
1054,.stericx/kraken_dft_cache/1054/49493.sdf,22,22,P,18,O O N,6.9708,1.5455,8.2309,28.0415,50.3610,8.8998,21.5041,12.2668,9.3947,0.9541,14.6896
1055,.stericx/kraken_dft_cache/1055/49515.sdf,3,3,P,16,O O N,6.9761,1.5200,7.5509,28.7362,51.6085,8.9401,23.0166,13.3849,13.3810,0.9523,14.9936
1056,.stericx/kraken_dft_cache/1056/49518.sdf,2,2,P,16,O O N,6.9690,1.5356,7.5336,31.0423,55.7503,8.9634,26.5522,16.9127,16.9127,0.9519,15.0659
1057,.stericx/kraken_dft_cache/1057/49520.sdf,5,5,P,16,C C C,6.8815,3.7773,7.3331,47.2780,84.9087,12.1478,36.1287,20.4771,16.1201,0.9539,13.9847
1058,.stericx/kraken_dft_cache/1058/49525.sdf,14,14,P,16,C C C,6.8809,4.1647,7.3372,48.2885,86.7234,13.6324,35.0618,19.5237,15.3508,0.9449,15.0491
1059,.stericx/kraken_dft_cache/1059/49539.sdf,2,2,P,11,C C C,6.9708,2.8847,8.6844,28.8162,51.7523,11.7608,14.1153,2.3545,2.3545,0.9628,13.1863
106,.stericx/kraken_dft_cache/106/33632.sdf,13,13,P,24,C C C,7.0518,4.0507,9.7533,54.0733,97.1126,12.8457,36.9313,20.0338,8.2990,0.9072,20.9567
1060,.stericx/kraken_dft_cache/1060/49541.sdf,1,1,P,7,C C C,5.4949,1.7973,9.0800,22.2352,39.9332,9.5928,10.3854,0.7809,0.7809,0.9526,14.9520
1061,.stericx/kraken_dft_cache/1061/49542.sdf,1,1,P,21,C C C,7.8873,5.3234,10.0591,27.2131,48.8733,10.9216,13.8939,2.4594,2.4594,0.9546,14.5926
1063,.stericx/kraken_dft_cache/1063/49543.sdf,32,32,P,10,N C C,7.8702,3.6642,6.3049,44.2199,79.4165,11.3223,35.8500,22.6802,18.1716,0.9414,16.5029
1064,.stericx/kraken_dft_cache/1064/49575.sdf,36,36,P,10,N N C,7.7588,3.8211,7.8518,54.4486,97.7867,12.0827,39.4520,25.5342,20.1414,0.9509,14.8831
1065,.stericx/kraken_dft_cache/1065/49611.sdf,33,33,P,10,N N N,7.7222,4.7623,7.7745,56.3682,101.2341,15.4261,36.1690,20.4021,2.2263,0.9489,15.3239
1066,.stericx/kraken_dft_cache/1066/49644.sdf,30,30,P,23,N C C,7.9893,4.3175,7.8410,56.7181,101.8626,12.3055,43.2240,26.2472,23.9179,0.9382,16.9248
1067,.stericx/kraken_dft_cache/1067/49674.sdf,14,14,P,23,N N C,8.0989,5.0265,9.3354,79.4759,142.7342,21.9489,43.3450,20.9757,12.3786,0.9621,12.9500
1068,.stericx/kraken_dft_cache/1068/49688.sdf,8,8,P,23,N C C,8.0968,4.7480,8.0035,63.3778,113.8229,14.1634,44.3945,25.1433,24.6056,0.9163,19.7362
1069,.stericx/kraken_dft_cache/1069/49696.sdf,42,42,P,30,N C C,8.0660,4.5920,7.4456,63.9873,114.9176,14.4328,43.9678,24.2526,22.1229,0.9382,16.9531
107,.stericx/kraken_dft_cache/107/33645.sdf,20,20,P,5,C C C,5.7633,3.6499,6.8067,38.9356,69.9262,12.4386,24.1027,11.3814,9.4763,0.9190,19.6367
1070,.stericx/kraken_dft_cache/1070/49738.sdf,24,24,P,30,N C C,8.0240,4.6364,7.4062,66.6004,119.6106,15.2051,43.6500,24.3424,22.3560,0.9144,19.9878
1071,.stericx/kraken_dft_cache/1071/49762.sdf,32,32,P,30,N C C,7.9952,4.6543,7.4434,64.2235,115.3419,13.6549,43.1750,24.3885,9.8842,0.9387,16.7665
1072,.stericx/kraken_dft_cache/1072/49794.sdf,28,28,P,10,N C C,7.8195,3.7290,6.8739,38.2886,68.7641,9.9013,31.4989,21.2904,16.7146,0.9478,15.6040
1073,.stericx/kraken_dft_cache/1073/49822.sdf,20,20,P,6,N C C,7.7673,4.1636,7.9077,51.0508,91.6843,14.3945,34.1629,19.3115,9.8492,0.9001,21.9363
1074,.stericx/kraken_dft_cache/1074/49842.sdf,16,16,P,10,N C C,7.8330,3.8225,7.4742,44.9004,80.6386,11.1219,34.7652,22.4967,12.7283,0.9417,16.2381
1075,.stericx/kraken_dft_cache/1075/49858.sdf,9,9,P,6,C C C,8.1676,2.6647,8.3121,28.6648,51.4803,11.4552,14.3135,1.7600,1.2705,0.9314,18.1745
1076,.stericx/kraken_dft_cache/1076/49867.sdf,23,23,P,5,C C C,7.0176,2.8675,6.8888,31.4261,56.4395,11.1502,17.0790,5.5877,1.5386,0.9236,19.1593
108,.stericx/kraken_dft_cache/108/33665.sdf,1,1,P,8,C C C,6.9249,3.4720,6.5028,48.6565,87.3844,19.6985,24.3725,3.3103,3.3103,0.7508,36.9100
1083,.stericx/kraken_dft_cache/1083/49890.sdf,5,5,P,1,C C C,6.9379,2.7881,7.1266,39.4029,70.7654,10.6792,31.2379,20.5074,5.4783,0.9125,20.4453
1084,.stericx/kraken_dft_cache/1084/49895.sdf,34,34,P,4,C C C,6.9949,3.6402,7.3688,48.6382,87.3515,12.6964,37.2050,21.9669,3.5667,0.9141,20.3368
1085,.stericx/kraken_dft_cache/1085/49929.sdf,16,16,P,4,C C C,6.9805,3.4728,7.4706,46.4105,83.3507,12.2358,34.3922,20.9129,8.2990,0.9024,21.7403
1086,.stericx/kraken_dft_cache/1086/49945.sdf,16,16,P,4,C C C,6.9871,3.8804,7.3426,48.2521,86.6581,13.9004,35.6474,20.3279,3.9980,0.8832,23.8950
1087,.stericx/kraken_dft_cache/1087/49961.sdf,12,12,P,3,C C C,6.9849,3.6190,7.3651,45.3623,81.4681,13.5986,34.3568,19.7024,4.0912,0.8808,24.1856
1088,.stericx/kraken_dft_cache/1088/49973.sdf,21,21,P,4,C C C,6.9853,4.0946,7.8680,58.5608,105.1719,14.7175,39.7161,22.4493,10.7934,0.9129,20.4833
1089,.stericx/kraken_dft_cache/1089/49994.sdf,15,15,P,4,C C C,6.5948,3.7009,6.9575,51.9622,93.3212,13.3204,37.4971,22.1890,14.0687,0.9069,21.2205
109,.stericx/kraken_dft_cache/109/33666.sdf,17,17,P,3,C C C,6.9842,3.4030,7.3625,43.3159,77.7930,11.9494,33.3757,19.5792,3.3452,0.9083,20.9443
1090,.stericx/kraken_dft_cache/1090/50009.sdf,3,3,P,12,C C C,6.9998,4.2664,8.4104,56.8536,102.1058,15.5101,41.7670,23.7548,23.7081,0.8622,26.3376
1091,.stericx/kraken_dft_cache/1091/50012.sdf,7,7,P,4,C C C,6.9662,3.2487,6.9085,44.5168,79.9496,12.2704,34.6197,20.1398,4.1495,0.8959,22.4460
1092,.stericx/kraken_dft_cache/1092/50019.sdf,8,8,P,7,C C C,6.9786,3.0468,6.9387,44.0672,79.1422,12.4412,30.2413,15.9482,10.0241,0.8824,23.8787
1093,.stericx/kraken_dft_cache/1093/50027.sdf,13,13,P,6,C C C,9.0413,3.2759,6.9534,43.4495,78.0328,12.0379,33.9205,21.0560,14.8496,0.9010,21.9158
1094,.stericx/kraken_dft_cache/1094/50040.sdf,7,7,P,4,C C C,8.2551,3.2530,6.8417,42.3778,76.1081,12.0372,31.6974,17.7303,3.7532,0.8972,22.2479
1095,.stericx/kraken_dft_cache/1095/50047.sdf,13,13,P,4,C C C,6.9840,3.3960,7.3047,53.4078,95.9174,12.6727,37.3312,21.3178,16.3183,0.8793,24.1747
1096,.stericx/kraken_dft_cache/1096/50060.sdf,17,17,P,8,C C C,6.9541,3.2984,6.7674,39.0065,70.0534,12.2476,24.5775,11.3158,4.4759,0.9144,20.2780
1097,.stericx/kraken_dft_cache/1097/50077.sdf,16,16,P,8,C C C,6.9477,3.2275,6.8576,41.2168,74.0231,12.6897,26.5507,11.6049,6.0611,0.9190,19.6024
1098,.stericx/kraken_dft_cache/1098/50093.sdf,31,31,P,9,C C C,6.9715,4.0247,6.9121,55.2331,99.1956,18.2047,31.6530,12.5922,3.1821,0.9240,19.0377
1099,.stericx/kraken_dft_cache/1099/50124.sdf,40,40,P,11,N O O,5.5399,4.2517,9.2126,40.1304,72.0720,10.4912,25.1488,13.2965,10.7351,0.9209,18.4981
11,.stericx/kraken_dft_cache/11/31883.sdf,25,25,P,4,C C C,6.7598,3.2835,6.8686,34.2705,61.5479,11.9678,19.7517,6.7987,1.3987,0.9151,20.1672
110,.stericx/kraken_dft_cache/110/33683.sdf,5,5,P,4,Si Si Si,5.3997,3.1685,5.6861,32.4117,58.2096,13.5209,15.3648,1.2192,1.2006,0.8928,23.0703
1100,.stericx/kraken_dft_cache/1100/50164.sdf,4,4,P,5,O O C,5.8074,3.3314,5.7687,40.4384,72.6251,12.6088,22.8660,10.0940,8.9634,0.9471,14.8928
1101,.stericx/kraken_dft_cache/1101/50168.sdf,25,25,P,11,O O C,7.2947,3.4135,9.0296,34.2116,61.4421,10.6819,23.2615,11.7632,7.5181,0.9273,17.8446
1102,.stericx/kraken_dft_cache/1102/50193.sdf,1,1,P,4,O O C,6.6939,1.8466,8.6258,27.8621,50.0389,10.1989,15.2926,4.3593,4.3593,0.9341,17.3331
1103,.stericx/kraken_dft_cache/1103/50194.sdf,8,8,P,4,N N C,7.1269,3.3017,6.9124,39.5752,71.0749,12.6496,22.9898,10.3053,4.7090,0.9040,21.6400
1104,.stericx/kraken_dft_cache/1104/50202.sdf,13,13,P,4,N N C,6.0634,2.7769,5.7356,31.9794,57.4332,11.4865,16.2887,4.0132,3.4618,0.9110,20.7841
1105,.stericx/kraken_dft_cache/1105/50215.sdf,47,47,P,5,N N C,5.6069,3.2758,5.6813,38.5024,69.1481,13.7580,21.2294,6.4869,3.0888,0.8888,23.1231
1106,.stericx/kraken_dft_cache/1106/50262.sdf,17,17,P,4,N N C,6.5371,3.1940,6.1135,35.5007,63.7572,12.8489,19.7609,6.0638,3.0422,0.8994,21.8247
1107,.stericx/kraken_dft_cache/1107/50279.sdf,43,43,P,5,N N C,5.5149,3.2019,5.7693,35.1246,63.0818,12.1100,19.6538,6.4243,3.3103,0.9038,21.3017
1108,.stericx/kraken_dft_cache/1108/50322.sdf,30,30,P,4,C C C,6.6741,3.2919,6.7191,35.8868,64.4506,12.9357,20.4320,6.7426,2.9140,0.8953,22.4109
1109,.stericx/kraken_dft_cache/1109/50352.sdf,19,19,P,7,C C C,6.5943,3.2139,6.7931,40.4209,72.5937,12.7068,25.9031,12.8393,5.6065,0.8912,23.0334
111,.stericx/kraken_dft_cache/111/33688.sdf,24,24,P,7,C C C,6.1840,4.3835,8.5232,49.8721,89.5675,15.5033,28.6187,11.9886,2.1447,0.9358,17.3381
1110,.stericx/kraken_dft_cache/1110/50371.sdf,30,30,P,4,C C C,6.6553,3.0852,6.8207,36.7805,66.0556,12.0782,22.5196,9.5400,5.5249,0.9092,20.7855
1111,.stericx/kraken_dft_cache/1111/50401.sdf,21,21,P,4,C C C,6.9485,3.2443,7.9681,41.7473,74.9759,13.0013,27.0728,13.4581,8.1358,0.9135,20.3519
1112,.stericx/kraken_dft_cache/1112/50422.sdf,12,12,P,4,C C C,6.6245,3.2257,6.9306,40.4665,72.6756,12.8137,25.5031,12.3883,5.6182,0.8916,22.9714
1113,.stericx/kraken_dft_cache/1113/50434.sdf,14,14,P,4,C C C,6.8780,3.5291,6.8203,49.9606,89.7264,13.4493,40.3836,26.1659,14.6515,0.8954,22.5611
1114,.stericx/kraken_dft_cache/1114/50448.sdf,17,17,P,4,C C C,6.6462,3.2025,8.2444,34.6871,62.2961,12.1228,20.8545,8.3415,3.7998,0.9009,21.9041
1115,.stericx/kraken_dft_cache/1115/50465.sdf,22,22,P,6,C C C,6.5436,3.1599,8.7003,34.9128,62.7014,12.7060,19.8172,6.7599,3.9863,0.8947,22.7140
1118,.stericx/kraken_dft_cache/1118/50487.sdf,27,27,P,24,C C C,7.1615,4.6262,9.7450,50.5634,90.8091,13.7807,32.4967,16.1935,5.2801,0.8862,23.5326
1119,.stericx/kraken_dft_cache/1119/50514.sdf,33,33,P,14,C C C,6.9910,3.7498,11.2057,47.6964,85.6600,13.3061,34.6813,20.0623,3.3336,0.9218,19.2257
1121,.stericx/kraken_dft_cache/1121/50547.sdf,25,25,P,7,C C C,7.9677,4.3471,9.5120,64.7409,116.2710,15.6283,41.6154,21.9425,5.8862,0.8748,24.8584
1122,.stericx/kraken_dft_cache/1122/50572.sdf,32,32,P,12,C C C,6.9821,3.9494,8.3424,48.9076,87.8354,13.4396,34.6239,18.7085,2.3428,0.9083,20.8747
1127,.stericx/kraken_dft_cache/1127/50604.sdf,8,8,P,11,C C C,6.9556,2.9050,7.4364,35.5781,63.8963,11.5700,27.4191,15.1818,14.8729,0.8921,23.1494
1128,.stericx/kraken_dft_cache/1128/50612.sdf,12,12,P,22,C C C,7.4203,3.1467,11.2457,29.6956,53.3316,11.0255,16.3057,5.0237,3.8581,0.9202,19.5923
1129,.stericx/kraken_dft_cache/1129/50624.sdf,23,23,P,16,C C C,6.9343,2.8946,6.9360,45.7687,82.1980,10.1341,37.0156,23.4107,4.3477,0.9494,15.1730
113,.stericx/kraken_dft_cache/113/33712.sdf,10,10,P,9,C C C,5.5498,3.8166,7.3974,49.8566,89.5396,18.4840,26.9380,8.0414,2.3079,0.8069,31.8279
1130,.stericx/kraken_dft_cache/1130/50647.sdf,5,5,P,7,C C C,6.9335,2.0851,7.1939,34.5574,62.0631,10.3738,27.5686,16.1761,15.9686,0.9268,18.6360
1131,.stericx/kraken_dft_cache/1131/50652.sdf,5,5,P,8,C C C,3.5700,1.7528,5.4455,25.3141,45.4627,10.0311,12.8611,2.8301,2.2612,1.0016,4.4368
1132,.stericx/kraken_dft_cache/1132/50657.sdf,6,6,P,8,C C C,3.5695,1.7528,5.3990,25.4262,45.6640,10.0688,12.9225,2.8538,2.2612,0.9855,6.9323
1136,.stericx/kraken_dft_cache/1136/50663.sdf,5,5,P,8,C C C,6.9838,3.5525,5.5040,40.0714,71.9660,13.9498,24.4401,10.4437,6.5040,0.8567,26.7216
1137,.stericx/kraken_dft_cache/1137/50668.sdf,4,4,P,8,C C C,6.9834,3.9814,7.0367,40.3200,72.4124,14.0891,24.5066,10.2922,6.7954,0.8521,27.1674
1138,.stericx/kraken_dft_cache/1138/50672.sdf,5,5,P,9,C C C,6.9843,3.4670,5.5682,38.3191,68.8189,13.5512,21.9691,8.4179,6.5506,0.8485,27.5372
1139,.stericx/kraken_dft_cache/1139/50677.sdf,5,5,P,12,C C C,7.5337,3.6484,5.5691,38.8227,69.7234,13.5442,22.4656,8.9214,6.6322,0.8589,26.4471
114,.stericx/kraken_dft_cache/114/33722.sdf,4,4,P,5,C C C,7.4740,2.5086,6.8683,28.2597,50.7528,11.5160,13.9696,1.4104,1.4104,0.9326,18.0091
1140,.stericx/kraken_dft_cache/1140/50682.sdf,29,29,P,4,C C C,6.0064,3.0839,7.0307,34.8659,62.6172,12.5707,18.7901,5.7319,2.5643,0.8675,25.5061
1141,.stericx/kraken_dft_cache/1141/50711.sdf,5,5,P,22,C C C,6.3533,2.7383,6.6203,44.7404,80.3512,9.6091,34.4549,23.5030,17.9618,0.9105,20.4613
1142,.stericx/kraken_dft_cache/1142/50716.sdf,17,17,P,30,C C C,6.5104,3.1801,7.3529,57.1769,102.6866,10.6384,43.7577,28.9478,27.2166,0.9000,21.7384
1143,.stericx/kraken_dft_cache/1143/50733.sdf,15,15,P,15,N N C,5.3041,3.0964,7.1949,43.6713,78.4311,11.5067,31.0242,18.0597,3.9397,0.9196,19.1922
1144,.stericx/kraken_dft_cache/1144/50748.sdf,35,35,P,2,C C C,6.9463,3.0791,7.3013,44.0958,79.1936,10.5433,33.6670,20.4941,3.6600,0.9320,17.7904
1145,.stericx/kraken_dft_cache/1145/50783.sdf,31,31,P,2,C C C,5.7352,3.4872,7.6080,42.4241,76.1914,12.2692,28.2363,15.6261,6.1893,0.9398,16.6096
1146,.stericx/kraken_dft_cache/1146/50814.sdf,34,34,P,6,C C C,6.3872,3.2450,7.0947,41.1933,73.9808,12.6364,27.1813,13.7348,3.1821,0.9312,17.9702
1147,.stericx/kraken_dft_cache/1147/50848.sdf,25,25,P,14,C C C,9.1844,3.5746,7.4037,41.8435,75.1485,11.9324,30.0671,17.6275,5.3967,0.9284,18.0311
1148,.stericx/kraken_dft_cache/1148/50873.sdf,23,23,P,6,C C C,9.1510,3.8013,7.1779,48.5496,87.1923,13.4742,35.5237,20.1749,4.6507,0.9198,19.4237
1149,.stericx/kraken_dft_cache/1149/50896.sdf,36,36,P,17,C C C,8.9984,4.1181,7.2928,49.8617,89.5489,14.0030,35.1248,19.5577,3.7299,0.8962,22.3886
115,.stericx/kraken_dft_cache/115/33726.sdf,3,3,P,6,C C C,6.9603,2.5427,8.6185,28.3597,50.9325,11.2557,14.3174,2.4283,2.4244,0.9300,18.3582
1150,.stericx/kraken_dft_cache/1150/50932.sdf,31,31,P,16,C C C,9.0499,3.9499,7.3278,48.1279,86.4350,13.7348,34.8542,19.4300,3.3219,0.9061,21.0650
1151,.stericx/kraken_dft_cache/1151/50963.sdf,32,32,P,11,C C C,9.0635,4.0258,7.2683,53.2069,95.5567,14.1867,37.5033,20.6364,3.1005,0.9216,19.1167
1152,.stericx/kraken_dft_cache/1152/50995.sdf,29,29,P,6,C C C,9.1515,3.8833,7.2466,46.5455,83.5930,13.1238,33.2692,18.6495,1.7134,0.9124,20.3264
1153,.stericx/kraken_dft_cache/1153/51024.sdf,42,42,P,10,C C C,9.1409,4.0347,7.2207,50.7885,91.2134,13.2780,35.9382,20.2225,1.7600,0.9174,19.7268
1154,.stericx/kraken_dft_cache/1154/51066.sdf,29,29,P,12,C C C,9.1367,4.0904,7.2013,51.9197,93.2449,14.4879,36.8367,19.2495,2.7741,0.9204,19.3453
1155,.stericx/kraken_dft_cache/1155/51095.sdf,32,32,P,8,C C C,8.2400,3.7868,7.3191,48.7705,87.5891,13.5660,35.6234,20.6171,3.3452,0.9240,18.8933
1156,.stericx/kraken_dft_cache/1156/51127.sdf,35,35,P,8,C C C,8.2611,4.0130,7.2347,51.0842,91.7444,13.8409,36.3455,20.2007,2.3778,0.9210,19.2912
1157,.stericx/kraken_dft_cache/1157/51162.sdf,35,35,P,6,C C C,9.0479,3.7881,7.3341,49.1795,88.3235,14.2682,34.9767,19.0508,3.4385,0.9243,18.8243
1158,.stericx/kraken_dft_cache/1158/51197.sdf,30,30,P,6,C C C,9.0696,3.9932,7.2515,53.8616,96.7324,13.6048,37.8402,21.3195,3.3569,0.9289,18.3335
1159,.stericx/kraken_dft_cache/1159/51227.sdf,29,29,P,18,C C C,8.2575,3.9716,7.2503,54.8907,98.5805,14.1165,37.8962,20.8798,5.2219,0.9299,18.0800
116,.stericx/kraken_dft_cache/116/33729.sdf,2,2,P,0,C C C,9.1482,3.0939,6.8763,28.4008,51.0063,11.1664,14.4883,2.2263,2.2263,0.9305,18.2834
1160,.stericx/kraken_dft_cache/1160/51256.sdf,34,34,P,6,C C C,9.0819,4.2131,7.1905,52.3049,93.9368,13.1150,38.7052,22.6913,2.6575,0.9217,19.2922
1161,.stericx/kraken_dft_cache/1161/51290.sdf,31,31,P,16,C C C,6.9863,3.8497,7.2376,51.5578,92.5950,13.8871,35.8303,19.4906,2.1097,0.9205,19.3414
1162,.stericx/kraken_dft_cache/1162/51321.sdf,29,29,P,19,C C C,9.0484,4.3758,7.1968,51.0523,91.6870,13.0799,37.8516,21.5683,2.0048,0.9099,20.6774
1163,.stericx/kraken_dft_cache/1163/51350.sdf,41,41,P,11,C C C,9.0776,4.1144,7.2674,48.5696,87.2283,13.1118,35.7024,20.3515,2.9023,0.9118,20.4612
1164,.stericx/kraken_dft_cache/1164/51391.sdf,22,22,P,20,C C C,9.3094,4.9905,8.5241,27.7486,49.8349,11.2231,13.8875,1.7171,1.6318,0.9427,16.5227
1165,.stericx/kraken_dft_cache/1165/51413.sdf,9,9,P,20,C C C,9.2819,4.4743,8.7351,28.0706,50.4131,11.2868,14.0234,1.7341,1.5969,0.9356,17.5663
1166,.stericx/kraken_dft_cache/1166/51422.sdf,54,54,P,13,O C C,6.7688,2.9013,12.0968,29.1703,52.3882,9.8648,17.1130,7.0225,4.0796,0.9614,13.1731
1167,.stericx/kraken_dft_cache/1167/51476.sdf,14,14,P,8,O C C,6.8417,2.2322,9.9196,27.6721,49.6975,9.9200,15.9628,5.9745,3.8465,0.9403,16.5741
1168,.stericx/kraken_dft_cache/1168/51490.sdf,6,6,P,7,C C C,11.5855,2.9013,6.8795,28.3208,50.8625,11.3412,14.2532,1.8164,1.7834,0.9348,17.6876
1169,.stericx/kraken_dft_cache/1169/51496.sdf,30,30,P,9,C C C,11.5769,3.1917,7.7728,28.2291,50.6978,11.3626,14.1433,1.7220,1.4337,0.9355,17.5949
117,.stericx/kraken_dft_cache/117/33731.sdf,3,3,P,5,C C C,7.9025,2.4971,6.8654,28.2364,50.7110,11.4811,13.9288,1.4104,1.4104,0.9322,18.0580
1170,.stericx/kraken_dft_cache/1170/51526.sdf,86,86,P,8,O O C,7.9811,3.8343,9.8671,33.7167,60.5533,10.0896,22.9807,12.5637,5.1403,0.9575,13.4668
1171,.stericx/kraken_dft_cache/1171/51569.sdf,17,17,P,8,O C C,6.6152,2.4131,9.9086,28.3336,50.8856,10.1818,16.4307,6.0830,3.7416,0.9430,16.1542
1172,.stericx/kraken_dft_cache/1172/51586.sdf,46,46,P,9,O O C,7.9211,4.0054,10.9518,33.5323,60.2221,10.0879,22.4072,12.0102,5.3617,0.9604,13.0315
1173,.stericx/kraken_dft_cache/1173/51632.sdf,9,9,P,20,C C C,9.4413,4.5536,8.6459,33.9917,61.0472,11.0524,20.9807,9.4983,8.2174,0.9230,19.2151
1174,.stericx/kraken_dft_cache/1174/51641.sdf,16,16,P,8,O C C,6.6818,2.0903,9.9149,27.4399,49.2805,9.8449,15.6371,5.7114,4.0213,0.9335,17.4962
1176,.stericx/kraken_dft_cache/1176/51700.sdf,27,27,P,8,O C C,6.0179,3.2013,9.9299,29.9063,53.7100,10.3423,18.6102,8.1121,3.8465,0.9461,15.6607
1177,.stericx/kraken_dft_cache/1177/51727.sdf,8,8,P,7,C C C,11.2888,2.8173,11.0924,28.2029,50.6508,11.2290,14.2916,2.4667,2.3545,0.9334,17.8733
1178,.stericx/kraken_dft_cache/1178/51735.sdf,15,15,P,10,C C C,8.6284,3.8767,8.3040,28.1469,50.5502,11.1928,14.3453,2.0988,1.7018,0.9361,17.5009
1179,.stericx/kraken_dft_cache/1179/51750.sdf,35,35,P,8,O C C,7.9955,3.7342,9.9098,29.4737,52.9332,10.3408,17.5948,6.8896,4.7323,0.9419,16.2713
118,.stericx/kraken_dft_cache/118/33734.sdf,3,3,P,5,C C C,8.1607,2.4757,6.8647,28.2667,50.7654,11.5394,13.9055,1.3754,1.3754,0.9327,17.9913
1180,.stericx/kraken_dft_cache/1180/51785.sdf,17,17,P,9,O C C,7.5785,1.9886,11.1802,26.5042,47.6000,9.8143,14.7098,4.8002,3.7182,0.9295,18.2607
1181,.stericx/kraken_dft_cache/1181/51802.sdf,21,21,P,7,C C C,9.0845,2.9317,9.0267,28.2080,50.6599,11.0876,14.5133,2.6792,1.6202,0.9340,17.7961
1182,.stericx/kraken_dft_cache/1182/51823.sdf,13,13,P,11,C C C,7.4730,3.8727,8.3055,28.1567,50.5679,11.2847,14.2382,1.9026,1.7717,0.9344,17.7397
1183,.stericx/kraken_dft_cache/1183/51836.sdf,41,41,P,9,O O C,7.9309,3.9325,11.1854,33.5128,60.1872,10.0858,22.0516,11.7122,5.4783,0.9627,12.6164
1184,.stericx/kraken_dft_cache/1184/51877.sdf,10,10,P,7,C C C,7.9858,3.8420,8.3059,28.0828,50.4352,11.2888,14.1759,1.8137,1.7484,0.9358,17.5452
1185,.stericx/kraken_dft_cache/1185/51887.sdf,26,26,P,9,C C C,11.2891,2.9260,7.7833,28.2336,50.7059,11.3663,14.1673,1.7654,1.5969,0.9344,17.7433
1186,.stericx/kraken_dft_cache/1186/51913.sdf,40,40,P,9,O O C,8.0048,3.8545,9.4115,33.1779,59.5856,10.0690,22.0239,11.6460,5.3151,0.9599,13.1434
1187,.stericx/kraken_dft_cache/1187/51953.sdf,2,2,P,8,C C C,9.6625,3.5269,9.6965,28.1704,50.5925,11.2421,14.3543,2.4011,2.3895,0.9341,17.7777
1188,.stericx/kraken_dft_cache/1188/51955.sdf,11,11,P,6,C C C,9.1013,2.8283,9.0435,28.2634,50.7594,11.1674,14.4427,2.4795,1.4686,0.9309,18.2396
1189,.stericx/kraken_dft_cache/1189/51966.sdf,25,25,P,6,C C C,11.5871,2.9786,6.8737,28.2625,50.7578,11.4559,13.9964,1.4752,1.2822,0.9342,17.7740
119,.stericx/kraken_dft_cache/119/33737.sdf,13,13,P,10,C C C,6.9865,3.7966,6.8775,53.3779,95.8636,16.8563,30.0095,12.0531,3.5551,0.9082,20.6137
1190,.stericx/kraken_dft_cache/1190/51991.sdf,30,30,P,16,N N C,5.8139,4.3440,9.5057,66.4754,119.3861,18.7509,39.8485,17.6502,10.5253,0.9022,21.5263
1196,.stericx/kraken_dft_cache/1196/52021.sdf,47,47,P,8,C C C,9.0371,4.3866,9.2659,56.5397,101.5421,15.6613,33.8679,16.3674,8.5088,0.9097,20.6914
1197,.stericx/kraken_dft_cache/1197/52068.sdf,38,38,P,14,C C C,6.9616,4.5776,7.0533,51.3346,92.1940,13.3933,33.2062,16.4355,10.3971,0.8636,25.9338
1198,.stericx/kraken_dft_cache/1198/52106.sdf,11,11,P,21,C C C,9.0796,2.7478,8.8515,31.7798,57.0748,10.5772,19.3329,8.0701,3.4618,0.9242,18.6920
1199,.stericx/kraken_dft_cache/1199/52117.sdf,1,1,P,16,C C C,9.1514,4.6089,9.3677,29.8741,53.6522,12.4718,14.5699,2.0748,2.0748,0.9677,11.6542
12,.stericx/kraken_dft_cache/12/31908.sdf,3,3,P,5,C C C,5.8584,3.9509,5.1219,40.4422,72.6319,15.1216,22.7135,6.1388,6.1310,0.8830,23.9612
120,.stericx/kraken_dft_cache/120/33750.sdf,6,6,P,11,C C C,8.2027,2.9330,8.2809,37.1993,66.8078,13.0041,20.4153,7.0810,2.9489,0.8920,22.9936
1201,.stericx/kraken_dft_cache/1201/52118.sdf,8,8,P,15,C C C,6.9751,4.7597,8.4030,45.7701,82.2004,10.4947,38.7530,25.7858,24.4774,0.9363,17.2866
1202,.stericx/kraken_dft_cache/1202/52126.sdf,4,4,P,2,C C C,6.7721,3.9342,8.3537,41.9165,75.2797,10.6885,37.3223,25.3691,23.7431,0.9340,17.5861
1203,.stericx/kraken_dft_cache/1203/52130.sdf,10,10,P,16,C C C,9.1100,3.6728,9.3644,29.9721,53.8282,10.4320,17.8650,7.4318,3.6250,0.9196,19.2923
1204,.stericx/kraken_dft_cache/1204/52140.sdf,38,38,P,9,C C C,8.5868,2.7566,9.0113,29.3542,52.7185,11.2274,15.4426,3.8152,2.1680,0.9306,18.2065
1205,.stericx/kraken_dft_cache/1205/52178.sdf,16,16,P,8,C C C,11.2917,2.7522,11.0117,31.4759,56.5290,11.2727,18.3770,6.6701,2.1797,0.9277,18.5718
1206,.stericx/kraken_dft_cache/1206/52194.sdf,24,24,P,11,C C C,7.5224,4.4224,7.9302,28.0490,50.3744,11.1348,14.3446,2.3865,2.2030,0.9412,16.7432
1207,.stericx/kraken_dft_cache/1207/52218.sdf,11,11,P,11,C C C,7.3971,3.8868,8.7264,28.1884,50.6248,11.2914,14.3008,1.9910,1.9349,0.9330,17.9490
1208,.stericx/kraken_dft_cache/1208/52229.sdf,15,15,P,7,C C C,9.1406,3.1904,7.7610,28.3173,50.8563,11.0537,14.6631,2.6070,2.4594,0.9320,18.0736
1209,.stericx/kraken_dft_cache/1209/52244.sdf,4,4,P,7,C C C,9.1381,3.1386,6.8925,28.3700,50.9509,11.0294,14.6806,2.7333,2.6809,0.9318,18.0953
121,.stericx/kraken_dft_cache/121/33756.sdf,9,9,P,8,C C C,8.2241,3.7479,8.2838,51.8201,93.0660,15.9000,30.3675,13.1220,3.6366,0.8916,22.5606
1210,.stericx/kraken_dft_cache/1210/52248.sdf,6,6,P,10,C C C,8.1541,3.0440,7.9306,34.1165,61.2713,11.3975,25.2992,13.0371,13.0313,0.9163,20.1912
1211,.stericx/kraken_dft_cache/1211/52254.sdf,9,9,P,10,C C C,7.4685,3.0649,7.2611,34.6278,62.1895,11.4565,25.7790,13.3473,13.0080,0.9153,20.3145
1212,.stericx/kraken_dft_cache/1212/52263.sdf,41,41,P,6,O C C,7.4746,3.5452,9.0679,29.8385,53.5882,10.7581,17.6112,6.4082,4.9771,0.9454,15.6697
1214,.stericx/kraken_dft_cache/1214/52304.sdf,32,32,P,5,C C C,7.8988,3.6540,7.8558,43.2718,77.7137,11.1340,34.7973,21.0717,17.6121,0.9378,17.2562
1215,.stericx/kraken_dft_cache/1215/52336.sdf,42,42,P,6,C C C,9.0438,2.7240,8.8430,30.2989,54.4151,10.1720,18.8745,8.1103,2.3662,0.9349,17.6212
1216,.stericx/kraken_dft_cache/1216/52378.sdf,39,39,P,8,O O C,7.0617,3.2605,8.8698,36.7664,66.0305,10.2025,23.0772,11.5645,6.0261,0.9549,14.1694
1217,.stericx/kraken_dft_cache/1217/52417.sdf,50,50,P,2,C C C,9.4910,2.6337,7.0569,33.6695,60.4686,9.9791,22.0896,11.9063,1.2122,0.9385,17.0551
1218,.stericx/kraken_dft_cache/1218/52467.sdf,16,16,P,5,C C C,7.8884,2.8558,7.9453,28.2000,50.6457,11.1962,14.4752,2.8266,2.6342,0.9337,17.8306
1219,.stericx/kraken_dft_cache/1219/52483.sdf,18,18,P,8,C C C,6.9594,4.0928,6.9052,46.4355,83.3955,12.4330,32.6068,17.2022,6.1310,0.9239,19.0019
122,.stericx/kraken_dft_cache/122/33765.sdf,6,6,P,4,C C C,6.9084,2.1560,6.8713,27.7864,49.9029,10.4690,15.0264,4.5575,4.4292,0.9145,20.3633
1220,.stericx/kraken_dft_cache/1220/52501.sdf,15,15,P,6,C C C,7.7023,3.3561,7.8035,41.3227,74.2132,13.0096,26.0603,11.2619,6.3175,0.9061,21.3052
1221,.stericx/kraken_dft_cache/1221/52516.sdf,25,25,P,6,C C C,6.9612,3.3061,7.1193,35.4798,63.7196,11.5296,25.0849,12.7096,3.8115,0.9237,19.0096
1222,.stericx/kraken_dft_cache/1222/52541.sdf,27,27,P,16,C C C,6.9794,3.5927,7.1766,50.1276,90.0264,13.1190,36.5961,20.6802,2.6692,0.9170,19.8246
1223,.stericx/kraken_dft_cache/1223/52568.sdf,20,20,P,4,C C C,6.9642,4.4755,7.7118,54.6314,98.1148,16.5986,32.6039,14.4732,5.5715,0.9014,21.8040
1224,.stericx/kraken_dft_cache/1224/52588.sdf,29,29,P,8,C C C,6.9602,3.7306,6.8141,45.9960,82.6063,15.4469,26.9609,10.6933,3.7649,0.9041,21.5041
1225,.stericx/kraken_dft_cache/1225/52617.sdf,8,8,P,10,C C C,9.1095,3.1507,9.1338,38.1482,68.5120,13.5937,19.6606,5.6589,3.0422,0.9058,21.4642
1226,.stericx/kraken_dft_cache/1226/52625.sdf,29,29,P,11,C C C,9.8153,3.4029,10.0147,38.3632,68.8981,14.2017,20.0892,5.3368,2.9839,0.9052,21.4723
1227,.stericx/kraken_dft_cache/1227/52654.sdf,7,7,P,8,C C C,7.4645,2.8657,7.2859,37.6845,67.6793,13.4143,20.3696,6.5456,3.0655,0.8966,22.4693
1228,.stericx/kraken_dft_cache/1228/52661.sdf,43,43,P,12,C C C,9.5813,3.3128,9.4186,39.1725,70.3516,15.0773,20.1056,4.2601,2.9723,0.9130,20.5293
1229,.stericx/kraken_dft_cache/1229/52704.sdf,20,20,P,8,C C C,9.8610,3.0125,9.8147,38.3421,68.8602,14.2022,20.2353,5.4078,2.8674,0.8991,22.1894
123,.stericx/kraken_dft_cache/123/33771.sdf,1,1,P,7,C C C,7.4795,3.3529,7.3880,37.0457,66.5320,11.8541,21.3187,9.3947,9.3947,0.9109,20.7846
1230,.stericx/kraken_dft_cache/1230/52724.sdf,6,6,P,9,C C C,8.8096,2.8346,8.5755,37.2999,66.9885,13.0333,20.4581,7.0907,2.9606,0.8896,23.2752
1231,.stericx/kraken_dft_cache/1231/52730.sdf,8,8,P,10,C C C,8.2342,2.8612,8.2606,37.6606,67.6364,13.2338,20.3891,6.7794,2.9489,0.8900,23.2594
1232,.stericx/kraken_dft_cache/1232/52738.sdf,24,24,P,11,C C C,6.9872,4.5518,7.9808,63.4167,113.8929,21.7271,34.5593,11.6209,2.0864,0.9091,20.8838
1233,.stericx/kraken_dft_cache/1233/52762.sdf,39,39,P,6,C C C,9.0107,4.6131,8.9076,60.6465,108.9177,21.3638,34.2780,11.2725,2.0048,0.9060,21.3145
1234,.stericx/kraken_dft_cache/1234/52801.sdf,25,25,P,5,C C C,7.4629,4.5558,7.9884,63.9971,114.9353,21.3835,36.1259,12.8071,1.9582,0.9043,21.4802
1235,.stericx/kraken_dft_cache/1235/52826.sdf,42,42,P,9,C C C,9.5184,4.9767,9.4112,66.7209,119.8270,23.2702,37.2579,12.3167,1.9465,0.9141,20.3586
1236,.stericx/kraken_dft_cache/1236/52868.sdf,21,21,P,8,C C C,8.2375,4.8003,8.3853,65.3263,117.3224,22.5609,36.2366,11.8341,1.9582,0.9126,20.5303
1237,.stericx/kraken_dft_cache/1237/52889.sdf,38,38,P,5,O C C,5.8461,3.6395,8.4028,42.6764,76.6444,12.7513,26.5914,12.7350,7.9610,0.9532,14.6456
1238,.stericx/kraken_dft_cache/1238/52927.sdf,32,32,P,8,N C C,5.8103,3.6117,6.8856,47.1865,84.7444,12.1098,29.5627,14.8529,10.2805,0.9373,17.0374
1239,.stericx/kraken_dft_cache/1239/52959.sdf,42,42,P,11,O C C,7.4735,3.3673,9.0902,29.9563,53.7998,10.6127,17.5563,6.6741,5.8046,0.9487,15.1638
124,.stericx/kraken_dft_cache/124/33772.sdf,1,1,P,1,C C C,3.5635,1.7510,4.2151,23.3126,41.8681,9.5812,11.5860,1.2822,1.2822,0.9644,12.8176
1241,.stericx/kraken_dft_cache/1241/53001.sdf,11,11,P,8,C C C,8.3867,2.3229,8.2802,33.5646,60.2802,10.7944,21.5380,10.2657,7.5297,0.9246,18.8495
1242,.stericx/kraken_dft_cache/1242/53012.sdf,41,41,P,12,C C C,7.5890,4.1977,7.6478,54.4622,97.8111,14.5986,34.4865,18.2108,8.8935,0.8904,23.0069
1243,.stericx/kraken_dft_cache/1243/53053.sdf,47,47,P,3,C C S,7.8156,3.1123,8.4847,30.5727,54.9068,11.2356,18.3000,6.2491,2.4594,0.9310,18.0208
1244,.stericx/kraken_dft_cache/1244/53100.sdf,43,43,P,6,C C C,9.0616,3.4184,7.0713,47.3950,85.1188,13.0988,30.6366,16.9379,8.4272,0.9420,16.3830
1245,.stericx/kraken_dft_cache/1245/53143.sdf,35,35,P,7,O C C,6.8631,2.6013,8.5712,26.8514,48.2235,9.8476,15.7844,5.5432,2.6925,0.9494,15.0627
1246,.stericx/kraken_dft_cache/1246/53178.sdf,55,55,P,2,C C S,6.6109,3.8618,7.0942,43.1329,77.4642,13.7379,26.1417,11.5781,3.9164,0.9181,19.7569
1247,.stericx/kraken_dft_cache/1247/53233.sdf,35,35,P,13,C C C,11.2161,3.3079,8.3920,34.9407,62.7515,11.0638,20.5078,9.1452,8.4156,0.9187,19.7489
1249,.stericx/kraken_dft_cache/1249/53268.sdf,42,42,P,4,C C C,7.2495,3.3055,6.7080,35.9388,64.5441,10.8911,25.4213,13.5250,2.3079,0.8956,22.4500
125,.stericx/kraken_dft_cache/125/33773.sdf,5,5,P,7,C C C,6.9449,2.2770,7.3171,32.0924,57.6362,11.0801,20.5377,9.0287,9.0217,0.9212,19.5312
1250,.stericx/kraken_dft_cache/1250/53310.sdf,30,30,P,6,O C C,7.1922,3.2030,8.9922,35.4203,63.6130,10.9729,20.8816,8.6172,5.0004,0.9353,17.3465
1251,.stericx/kraken_dft_cache/1251/53340.sdf,46,46,P,8,O C C,6.4646,3.1738,5.8880,40.1155,72.0452,11.2411,24.4962,11.9759,5.0936,0.9705,11.3127
1252,.stericx/kraken_dft_cache/1252/53386.sdf,23,23,P,7,C C C,10.9089,3.0326,11.6875,36.1596,64.9407,11.4390,20.3573,8.8043,6.5856,0.9247,19.0568
1253,.stericx/kraken_dft_cache/1253/53409.sdf,36,36,P,8,O C C,7.6222,2.8616,7.8782,33.1287,59.4973,9.5067,21.3258,10.8015,8.5671,0.9640,12.6088
1254,.stericx/kraken_dft_cache/1254/53445.sdf,37,37,P,6,O O C,6.4620,3.0579,8.9450,37.1973,66.8041,10.2600,23.7963,12.2226,6.2476,0.9591,13.4725
1255,.stericx/kraken_dft_cache/1255/53482.sdf,34,34,P,5,O C C,5.3900,2.8832,9.1733,36.0193,64.6886,10.8009,21.7242,9.8479,5.2452,0.9417,16.4882
1256,.stericx/kraken_dft_cache/1256/53516.sdf,19,19,P,8,C C C,9.1912,3.1581,9.2023,27.5274,49.4377,10.0676,15.8226,5.1421,3.2403,0.9385,17.0714
1257,.stericx/kraken_dft_cache/1257/53535.sdf,31,31,P,8,C C C,9.1631,2.0385,9.0475,27.6009,49.5696,9.7327,16.6022,6.5664,3.1121,0.9211,19.3016
1258,.stericx/kraken_dft_cache/1258/53566.sdf,30,30,P,4,C C C,11.2824,2.7772,10.9928,26.3281,47.2838,10.0315,14.3457,3.8538,2.9956,0.9468,15.7397
1259,.stericx/kraken_dft_cache/1259/53596.sdf,27,27,P,8,C C C,6.5927,3.8400,8.5039,40.2985,72.3737,11.0679,25.8606,12.6950,7.2500,0.9522,14.8633
126,.stericx/kraken_dft_cache/126/33778.sdf,2,2,P,5,C C C,8.1577,2.4814,8.0451,28.2645,50.7615,11.5394,13.8705,1.2822,1.2822,0.9336,17.8579
1260,.stericx/kraken_dft_cache/1260/53623.sdf,29,29,P,8,O C C,6.4106,3.0432,8.2803,30.0012,53.8805,10.0836,17.5168,7.3296,5.7347,0.9547,14.3416
1261,.stericx/kraken_dft_cache/1261/53652.sdf,22,22,P,8,C C C,9.7485,2.8985,10.1818,28.2878,50.8034,11.4482,14.0120,1.4570,1.2588,0.9325,18.0180
1262,.stericx/kraken_dft_cache/1262/53674.sdf,29,29,P,9,C C C,9.5944,2.8791,9.4527,28.2623,50.7575,11.4541,13.9963,1.4940,1.2705,0.9337,17.8427
1263,.stericx/kraken_dft_cache/1263/53703.sdf,36,36,P,8,C C C,10.3341,3.1952,10.0188,33.3730,59.9360,11.3623,21.5324,9.6437,4.3010,0.9220,19.3747
1264,.stericx/kraken_dft_cache/1264/53739.sdf,30,30,P,9,C C C,9.1507,3.3666,8.1571,30.4433,54.6744,11.1512,17.6746,6.2538,4.2428,0.9176,19.9345
1265,.stericx/kraken_dft_cache/1265/53769.sdf,29,29,P,5,C C C,7.0014,2.9279,7.8631,29.3475,52.7065,10.4216,17.3601,6.6443,4.5342,0.9284,18.4152
1266,.stericx/kraken_dft_cache/1266/53798.sdf,21,21,P,8,N N C,5.8718,3.0061,7.3487,33.4795,60.1273,10.9216,18.5085,7.3044,4.1612,0.9223,19.0083
1267,.stericx/kraken_dft_cache/1267/53819.sdf,17,17,P,11,C C C,8.8976,2.8661,8.6964,30.1242,54.1013,11.1561,16.7310,5.1149,3.9164,0.9144,20.3983
1268,.stericx/kraken_dft_cache/1268/53836.sdf,18,18,P,7,C C C,8.2464,3.0913,8.2938,39.8682,71.6010,11.3328,28.2475,15.2388,3.9630,0.9132,20.4791
1269,.stericx/kraken_dft_cache/1269/53854.sdf,34,34,P,9,C C C,8.6947,2.7635,8.8653,33.7455,60.6049,10.9195,20.9309,8.8225,4.9771,0.9082,21.1099
127,.stericx/kraken_dft_cache/127/33780.sdf,4,4,P,6,C C C,6.9577,2.7314,7.8210,35.4653,63.6938,11.5277,27.3594,15.0274,15.0012,0.8923,23.1267
1270,.stericx/kraken_dft_cache/1270/53888.sdf,40,40,P,9,O O C,6.4679,3.5212,7.0016,37.4874,67.3252,11.5647,23.8640,10.9024,3.8348,0.9584,13.6851
1271,.stericx/kraken_dft_cache/1271/53928.sdf,51,51,P,8,N N C,6.6055,4.5043,9.0252,47.1549,84.6875,14.3231,28.5851,12.7895,4.5458,0.9354,17.4463
1272,.stericx/kraken_dft_cache/1272/53979.sdf,54,54,P,7,O O C,6.0213,3.2859,8.9320,39.0850,70.1945,11.8942,24.7749,12.0952,8.2407,0.9495,15.2981
1273,.stericx/kraken_dft_cache/1273/54033.sdf,33,33,P,5,C C C,8.2173,3.3935,6.9234,40.2622,72.3087,11.2805,27.5288,14.4848,5.2801,0.9367,17.0733
1274,.stericx/kraken_dft_cache/1274/54066.sdf,4,4,P,8,C C C,6.9907,4.9227,7.0087,56.4707,101.4181,18.9525,36.7569,16.3911,15.4208,0.7335,38.3175
1275,.stericx/kraken_dft_cache/1275/54070.sdf,11,11,P,8,C C C,8.3815,4.5670,7.1093,58.8201,105.6376,19.2068,34.6594,13.5283,12.2970,0.7907,33.1049
1277,.stericx/kraken_dft_cache/1277/54081.sdf,42,42,P,9,O O O,7.9874,2.8337,9.3617,30.2124,54.2597,9.5601,17.8397,7.5164,2.2729,0.9590,13.2630
1278,.stericx/kraken_dft_cache/1278/54123.sdf,44,44,P,8,O O O,8.0720,3.8040,9.1595,34.3302,61.6550,9.4103,22.8512,11.0792,2.0981,0.9609,12.8936
128,.stericx/kraken_dft_cache/128/33784.sdf,4,4,P,3,N N N,4.6947,2.7162,4.8553,30.5799,54.9198,11.0731,16.3066,5.2335,5.2335,0.9136,19.1845
1282,.stericx/kraken_dft_cache/1282/54270.sdf,7,7,P,6,C C C,6.9574,2.4639,6.8519,27.8788,50.0688,11.1114,14.1436,2.3112,1.7018,0.9388,17.0852
1283,.stericx/kraken_dft_cache/1283/54277.sdf,1,1,P,1,F C C,3.1461,1.4700,3.6659,21.4045,38.4412,8.9634,10.2572,1.2938,1.2938,0.9660,12.5840
1284,.stericx/kraken_dft_cache/1284/54278.sdf,1,1,P,1,F F C,3.1203,1.4700,3.6370,20.6776,37.1358,8.7886,10.1173,1.1539,1.1539,0.9710,11.5788
1285,.stericx/kraken_dft_cache/1285/54279.sdf,12,12,P,2,F C C,3.1492,1.4759,5.0163,23.2969,41.8399,9.0061,12.6117,3.5220,1.5153,0.9572,14.1136
1286,.stericx/kraken_dft_cache/1286/54291.sdf,3,3,P,2,F F C,3.1219,1.4700,4.8607,21.1730,38.0255,8.7886,10.9760,2.0126,1.2472,0.9684,12.1010
1287,.stericx/kraken_dft_cache/1287/54294.sdf,2,2,P,1,F F C,3.1217,1.4700,6.8463,23.1568,41.5883,8.7653,14.4766,5.3268,5.3268,0.9689,11.9765
1288,.stericx/kraken_dft_cache/1288/54296.sdf,1,1,P,4,F F C,3.1230,1.4700,5.0029,24.4094,43.8379,8.8002,14.5349,5.0004,5.0004,0.9636,13.0331
1289,.stericx/kraken_dft_cache/1289/54297.sdf,3,3,P,3,F N N,3.1630,1.5018,4.8276,26.5901,47.7543,8.9712,15.8132,6.5545,6.5157,0.9382,16.6962
129,.stericx/kraken_dft_cache/129/33788.sdf,2,2,P,3,N C C,4.7071,2.7197,6.8579,29.1926,52.4283,11.0731,15.2751,3.9630,2.2379,0.9374,17.1250
1290,.stericx/kraken_dft_cache/1290/54300.sdf,2,2,P,3,F F N,3.1254,1.4700,4.7323,23.2444,41.7457,8.7478,14.0454,4.7848,2.6226,0.9640,12.7143
1291,.stericx/kraken_dft_cache/1291/54302.sdf,5,5,P,2,O O F,4.3296,1.5916,4.4797,23.0153,41.3342,8.8888,12.5931,3.5014,1.0141,0.9535,14.4179
1292,.stericx/kraken_dft_cache/1292/54307.sdf,3,3,P,2,F O F,3.6245,1.4867,4.0362,21.8566,39.2532,8.6953,12.5146,3.7882,1.0374,0.9642,12.7012
1293,.stericx/kraken_dft_cache/1293/54310.sdf,1,1,P,1,H F F,3.1120,1.4700,3.0888,19.3146,34.6880,7.9843,9.3014,1.3171,1.3171,0.9777,9.9008
1294,.stericx/kraken_dft_cache/1294/54311.sdf,1,1,P,1,H H F,3.1321,1.4700,2.6328,18.5618,33.3359,7.9843,9.3014,1.3171,1.3171,0.9845,8.2085
1295,.stericx/kraken_dft_cache/1295/54312.sdf,2,2,P,10,H C C,6.9253,3.4947,6.9375,30.1045,54.0660,8.7711,16.7612,7.9901,7.9843,0.9170,18.5987
1296,.stericx/kraken_dft_cache/1296/54314.sdf,1,1,P,0,H H C,6.8249,3.3367,3.8385,22.3131,40.0730,7.9843,13.8939,5.6648,5.6648,0.9853,8.0932
1297,.stericx/kraken_dft_cache/1297/54315.sdf,2,2,P,4,H C C,4.8957,2.9930,4.9698,30.1597,54.1651,8.8002,16.7496,7.9493,7.9493,0.9168,18.6410
1298,.stericx/kraken_dft_cache/1298/54317.sdf,1,1,P,4,H H C,4.8014,2.9695,3.4012,22.4169,40.2595,7.9843,13.9871,5.7347,5.7347,0.9846,8.2761
13,.stericx/kraken_dft_cache/13/31911.sdf,2,2,P,4,C C C,6.9685,1.9967,6.8126,30.2732,54.3690,10.9682,16.3999,4.6507,4.6507,0.9052,21.4220
130,.stericx/kraken_dft_cache/130/33790.sdf,3,3,P,0,C C C,6.9575,2.6337,6.8311,30.0147,53.9047,10.9876,16.3455,5.3384,4.6391,0.9260,18.8313
131,.stericx/kraken_dft_cache/131/33793.sdf,6,6,P,6,C C C,9.0636,2.6753,6.8718,28.3024,50.8295,11.3665,14.2513,1.7775,1.6901,0.9316,18.1341
132,.stericx/kraken_dft_cache/132/33799.sdf,5,5,P,6,C C C,6.9630,2.4897,6.8580,28.2944,50.8151,11.4275,14.0058,1.5479,1.4920,0.9329,17.9621
133,.stericx/kraken_dft_cache/133/33804.sdf,9,9,P,6,C C C,6.9709,2.5372,6.8698,28.2963,50.8185,11.5096,13.9793,1.3845,1.2822,0.9343,17.7630
134,.stericx/kraken_dft_cache/134/33813.sdf,31,31,P,5,C C C,6.9671,2.7828,7.2802,31.9231,57.3321,10.2452,19.1537,8.5622,1.9582,0.9401,16.7203
135,.stericx/kraken_dft_cache/135/33844.sdf,8,8,P,2,C C C,4.8990,2.1406,6.8802,27.1985,48.8470,10.0445,14.5786,4.2981,3.4968,0.9360,17.4458
136,.stericx/kraken_dft_cache/136/33852.sdf,12,12,P,2,C C C,4.9135,1.8722,4.9635,25.0838,45.0491,9.9551,13.1654,3.0169,0.8975,0.9417,16.4754
137,.stericx/kraken_dft_cache/137/33864.sdf,34,34,P,4,C C C,5.5437,2.5797,5.5978,32.2964,58.0026,10.3007,20.0859,9.1046,1.5735,0.9447,15.9904
138,.stericx/kraken_dft_cache/138/33898.sdf,4,4,P,2,O C C,4.6412,1.8931,6.8610,26.3986,47.4104,9.7094,14.9545,4.7148,4.3243,0.9384,16.9014
139,.stericx/kraken_dft_cache/139/33902.sdf,12,12,P,3,O C C,4.8669,2.2913,6.8653,27.7983,49.9242,9.9716,16.2765,6.1815,4.3360,0.9380,16.9300
14,.stericx/kraken_dft_cache/14/31913.sdf,1,1,P,1,C C C,3.5712,1.9906,5.1075,31.7368,56.9974,10.5603,16.9244,6.3641,6.3641,0.8903,22.9541
140,.stericx/kraken_dft_cache/140/33914.sdf,13,13,P,4,O C C,5.2826,2.9704,6.8797,30.4667,54.7165,10.4903,19.0368,8.1278,4.8256,0.9451,15.8517
1400,.stericx/kraken_dft_cache/1400/54319.sdf,11,11,P,4,C C C,11.2985,3.0407,11.1264,28.1660,50.5846,11.4715,13.8546,1.3468,1.2822,0.9342,17.7775
1401,.stericx/kraken_dft_cache/1401/54330.sdf,1,1,P,1,F F F,3.0953,1.4700,3.0812,20.0156,35.9468,8.7653,9.2198,0.4546,0.4546,0.9707,11.6574
1402,.stericx/kraken_dft_cache/1402/54331.sdf,16,16,P,2,C C C,6.9617,1.9585,6.7984,26.3950,47.4039,10.0452,14.3703,3.8720,2.9256,0.9459,15.8709
1403,.stericx/kraken_dft_cache/1403/54347.sdf,3,3,P,2,C C C,5.2616,1.8041,6.8586,26.2634,47.1676,9.7677,14.5932,3.9747,3.9747,0.9392,17.0462
1404,.stericx/kraken_dft_cache/1404/54350.sdf,8,8,P,4,C C C,6.9611,2.5389,7.1198,30.8184,55.3481,11.1664,17.7228,6.4661,4.7090,0.9220,19.3895
1405,.stericx/kraken_dft_cache/1405/54358.sdf,11,11,P,8,C C C,6.9484,2.8878,6.9266,33.2549,59.7239,10.8729,21.8252,10.3918,6.7837,0.9099,20.9672
1406,.stericx/kraken_dft_cache/1406/54369.sdf,15,15,P,4,C C C,6.9581,2.0672,6.7971,28.3238,50.8680,10.1624,16.6967,5.9888,3.3802,0.9345,17.6257
1407,.stericx/kraken_dft_cache/1407/54384.sdf,4,4,P,6,C C C,9.3005,2.4569,9.2598,28.1996,50.6450,11.4782,13.8735,1.3550,1.2822,0.9310,18.2285
1408,.stericx/kraken_dft_cache/1408/54388.sdf,30,30,P,6,C C C,6.9649,2.2843,7.5072,30.8158,55.3435,10.2883,19.7797,8.5034,2.9723,0.9313,18.0123
1409,.stericx/kraken_dft_cache/1409/54418.sdf,3,3,P,6,C C C,7.3361,3.1624,6.8598,26.1790,47.0161,9.7910,14.4922,3.8775,3.8698,0.9401,16.9052
141,.stericx/kraken_dft_cache/141/33927.sdf,11,11,P,5,O C C,6.5197,2.2814,6.8789,28.1542,50.5634,10.2318,16.3321,5.9477,3.6716,0.9400,16.5989
1410,.stericx/kraken_dft_cache/1410/54421.sdf,3,3,P,3,C C C,6.1343,2.1624,6.8520,26.1942,47.0433,9.8259,14.5077,3.8814,3.8814,0.9386,17.1329
1412,.stericx/kraken_dft_cache/1412/54424.sdf,4,4,P,8,C C C,7.7062,2.4766,8.7530,28.3278,50.8752,11.3674,14.1415,1.9728,1.9349,0.9308,18.2502
1413,.stericx/kraken_dft_cache/1413/54428.sdf,12,12,P,5,C C C,6.9641,1.9840,6.8782,30.0466,53.9620,10.0513,18.9273,8.6040,3.2170,0.9288,18.4285
1414,.stericx/kraken_dft_cache/1414/54440.sdf,2,2,P,4,C C C,4.5353,1.7000,6.7334,25.7723,46.2856,9.6511,17.0235,7.2558,7.2500,0.9244,18.3727
1415,.stericx/kraken_dft_cache/1415/54442.sdf,3,3,P,4,C C C,6.9248,2.4477,6.8375,28.2645,50.7615,11.4461,14.0920,1.5075,1.5036,0.9323,18.0396
1417,.stericx/kraken_dft_cache/1417/54445.sdf,31,31,P,4,C C C,6.9646,2.2400,6.8938,29.0214,52.1207,10.3790,17.1007,6.2908,2.5060,0.9330,17.8347
1418,.stericx/kraken_dft_cache/1418/54476.sdf,30,30,P,1,C C C,3.5671,1.7512,4.4510,23.0082,41.3214,9.5182,11.3758,1.7973,0.8858,0.9620,13.2224
1419,.stericx/kraken_dft_cache/1419/54506.sdf,8,8,P,6,C C C,6.9618,2.5206,7.3825,28.2459,50.7280,11.5044,13.9230,1.4453,1.3637,0.9336,17.8592
142,.stericx/kraken_dft_cache/142/33938.sdf,11,11,P,8,O C C,6.1495,2.9123,6.8880,29.5744,53.1139,9.9690,18.0243,7.8317,5.4083,0.9507,14.9420
1420,.stericx/kraken_dft_cache/1420/54514.sdf,3,3,P,4,C C C,6.9609,2.5222,6.7865,28.1542,50.5634,11.2480,14.3135,2.6226,2.6226,0.9315,18.1545
1422,.stericx/kraken_dft_cache/1422/54517.sdf,31,31,P,4,C C C,6.9640,2.1499,6.8821,29.1371,52.3287,10.1959,17.3196,6.6228,2.2496,0.9366,17.3333
1423,.stericx/kraken_dft_cache/1423/54548.sdf,10,10,P,9,C C C,6.9581,3.9834,6.8724,50.0954,89.9685,15.7623,29.0757,12.2317,5.1286,0.9129,20.2312
1425,.stericx/kraken_dft_cache/1425/54558.sdf,3,3,P,5,C C C,8.3992,2.4538,8.2677,28.1218,50.5051,11.4772,13.8006,1.2899,1.2705,0.9329,17.9576
1428,.stericx/kraken_dft_cache/1428/54561.sdf,43,43,P,15,C C C,8.7481,5.2627,10.0271,27.3425,49.1056,10.6909,14.1611,2.8365,1.2822,0.9507,15.2512
143,.stericx/kraken_dft_cache/143/33949.sdf,15,15,P,2,O O C,4.5939,1.9711,6.8699,26.4322,47.4707,9.6130,14.5466,4.6865,3.6483,0.9492,14.9934
1430,.stericx/kraken_dft_cache/1430/54604.sdf,1,1,P,20,C C C,9.0577,5.5154,11.0210,26.5187,47.6261,10.9333,12.9031,1.1889,1.1889,0.9592,13.8421
1433,.stericx/kraken_dft_cache/1433/54605.sdf,6,6,P,5,C C C,7.2725,2.5021,7.8542,33.0445,59.3461,11.2208,18.7427,7.2655,6.6672,0.8998,22.2071
1434,.stericx/kraken_dft_cache/1434/54611.sdf,16,16,P,8,C C C,6.9405,3.3725,6.8858,45.0322,80.8753,14.0206,28.5257,13.4691,7.2733,0.9018,21.5084
1435,.stericx/kraken_dft_cache/1435/54627.sdf,33,33,P,6,C C C,6.9244,3.7458,7.3196,50.5676,90.8166,14.6985,36.3117,19.6621,2.9839,0.9236,18.8966
1436,.stericx/kraken_dft_cache/1436/54660.sdf,21,21,P,10,C C C,7.3305,4.0817,7.5217,43.7735,78.6147,12.5562,29.9873,16.4443,5.3617,0.9111,20.6724
1437,.stericx/kraken_dft_cache/1437/54681.sdf,40,40,P,5,N N C,5.4037,3.7645,7.1894,56.5839,101.6215,14.7389,38.1813,20.1135,6.7488,0.9289,17.9969
1438,.stericx/kraken_dft_cache/1438/54721.sdf,8,8,P,4,C C C,4.8217,2.2638,5.3973,28.0869,50.4424,10.6754,15.7792,4.7498,3.2287,0.9076,21.1583
1439,.stericx/kraken_dft_cache/1439/54729.sdf,19,19,P,16,C C C,6.9645,4.6036,7.5383,56.4963,101.4641,14.6380,40.8374,23.3284,10.8050,0.8863,23.6462
144,.stericx/kraken_dft_cache/144/33964.sdf,32,32,P,3,O O C,5.3601,2.4774,6.8775,27.2853,49.0029,9.7345,15.4962,5.7165,3.2870,0.9457,15.4586
1440,.stericx/kraken_dft_cache/1440/54748.sdf,29,29,P,3,C C C,6.4100,3.2195,6.5302,34.1148,61.2683,11.9923,19.9079,7.3505,1.4104,0.9092,20.8483
1441,.stericx/kraken_dft_cache/1441/54777.sdf,8,8,P,3,C C C,7.6242,2.9733,7.9005,28.9947,52.0728,11.3922,14.8802,3.1588,2.4827,0.9303,18.1998
1444,.stericx/kraken_dft_cache/1444/54785.sdf,33,33,P,5,C C C,8.9426,3.2961,8.8266,28.1613,50.5761,11.3613,13.9606,1.5379,1.3637,0.9369,17.3780
1447,.stericx/kraken_dft_cache/1447/54818.sdf,15,15,P,4,Si Si Si,5.7835,3.4135,7.4104,35.0749,62.9925,13.7555,19.1072,4.5862,1.9582,0.8783,24.6531
1448,.stericx/kraken_dft_cache/1448/54833.sdf,46,46,P,8,N N N,8.2920,4.2530,10.4768,36.5805,65.6965,10.6175,26.6348,15.0967,3.8465,0.9491,15.3071
1449,.stericx/kraken_dft_cache/1449/54879.sdf,35,35,P,8,N N C,5.9913,2.7495,7.1989,38.6847,69.4756,11.0761,24.9500,10.3481,6.9469,0.9223,19.3390
145,.stericx/kraken_dft_cache/145/33996.sdf,27,27,P,5,O O C,6.6106,2.3538,7.3079,30.7404,55.2080,9.8419,19.2793,9.2008,6.0960,0.9574,13.5881
1450,.stericx/kraken_dft_cache/1450/54914.sdf,27,27,P,4,N N O,7.1591,3.1816,7.5679,34.8491,62.5871,9.6692,21.7102,10.7770,5.1752,0.9608,13.1998
1451,.stericx/kraken_dft_cache/1451/54941.sdf,17,17,P,2,O O C,4.5967,1.9234,4.8845,25.9075,46.5284,9.5914,14.2888,4.4766,1.2588,0.9455,15.4492
1453,.stericx/kraken_dft_cache/1453/54958.sdf,13,13,P,2,O O Si,4.6233,1.9636,5.5876,26.8452,48.2125,10.2751,14.1610,3.8859,3.7182,0.9383,16.1112
1454,.stericx/kraken_dft_cache/1454/54971.sdf,11,11,P,4,O Si Si,6.9033,3.0112,5.7642,32.7056,58.7374,11.4366,19.4272,7.9377,6.1660,0.9188,18.6206
1455,.stericx/kraken_dft_cache/1455/54982.sdf,6,6,P,4,N N Si,6.0620,2.8863,6.1730,31.1905,56.0164,12.1474,15.3042,2.9606,2.9489,0.9046,21.6692
1456,.stericx/kraken_dft_cache/1456/54988.sdf,8,8,P,3,N Si Si,4.7596,3.0608,5.7008,33.4550,60.0833,12.6583,16.9827,3.9834,3.6483,0.8583,26.7282
1457,.stericx/kraken_dft_cache/1457/54996.sdf,2,2,P,4,C Si Si,3.9785,2.2420,5.6931,30.4614,54.7070,11.8890,15.6422,3.3452,3.3452,0.9225,19.2412
1458,.stericx/kraken_dft_cache/1458/54998.sdf,6,6,P,13,N C C,7.1385,4.4268,7.4433,40.7061,73.1059,11.2538,33.2271,21.0817,11.6909,0.9152,20.2656
1459,.stericx/kraken_dft_cache/1459/55004.sdf,19,19,P,9,C C C,7.0895,2.8876,7.3275,39.4990,70.9379,10.7805,29.6134,16.4913,4.0796,0.9207,19.4735
146,.stericx/kraken_dft_cache/146/34023.sdf,60,60,P,5,O O C,6.0873,2.6125,7.1631,29.9016,53.7015,10.0346,18.6067,8.3002,4.4642,0.9468,15.3294
1460,.stericx/kraken_dft_cache/1460/55023.sdf,9,9,P,10,C C C,7.3333,3.9753,7.5274,36.7349,65.9738,11.3127,28.1270,15.6876,9.6861,0.9114,20.7779
1461,.stericx/kraken_dft_cache/1461/55032.sdf,25,25,P,9,C C C,7.3758,4.2376,7.5037,39.3370,70.6470,11.2806,30.5702,18.2723,5.1636,0.9170,20.0528
1462,.stericx/kraken_dft_cache/1462/55057.sdf,25,25,P,14,C C C,7.3533,4.0279,7.9970,37.7965,67.8803,11.3277,27.7276,15.9425,6.3641,0.9131,20.5339
1463,.stericx/kraken_dft_cache/1463/55082.sdf,21,21,P,12,C C C,7.3179,4.2505,7.4974,38.0514,68.3381,11.4938,26.8808,14.3007,3.7765,0.9091,21.0376
1468,.stericx/kraken_dft_cache/1468/55103.sdf,5,5,P,7,C C C,7.0198,2.6368,7.3185,28.9759,52.0390,11.2130,14.8753,3.1541,2.1797,0.9247,19.0098
1469,.stericx/kraken_dft_cache/1469/55108.sdf,36,36,P,3,C C C,5.6865,3.1756,5.9036,33.0871,59.4225,11.6611,18.3027,5.8804,2.4827,0.9208,19.4065
147,.stericx/kraken_dft_cache/147/34083.sdf,10,10,P,2,O O O,4.6273,1.7841,4.6174,25.7769,46.2938,9.5392,13.8880,3.6483,1.5619,0.9550,14.1158
1470,.stericx/kraken_dft_cache/1470/55144.sdf,37,37,P,4,C C C,5.6894,2.9553,5.6296,35.5382,63.8247,11.4187,21.8533,9.7604,4.7906,0.9343,17.5960
1475,.stericx/kraken_dft_cache/1475/55181.sdf,2,2,P,4,N N C,5.9787,2.2374,6.8555,25.8924,46.5013,10.2863,13.9929,3.7066,2.7974,0.9701,11.6366
1476,.stericx/kraken_dft_cache/1476/55183.sdf,4,4,P,4,N N C,6.6803,2.5617,7.8341,29.4084,52.8159,10.1610,17.0206,6.8333,3.2054,0.9578,13.7814
1477,.stericx/kraken_dft_cache/1477/55187.sdf,9,9,P,7,C C C,6.9447,3.3032,6.4704,44.2959,79.5529,12.5806,26.0303,13.4496,12.2504,0.9869,7.6895
1478,.stericx/kraken_dft_cache/1478/55196.sdf,30,30,P,5,C C C,6.2219,3.3437,6.8100,41.5935,74.6997,11.4764,25.1710,12.1618,3.4735,0.9313,18.1191
1479,.stericx/kraken_dft_cache/1479/55226.sdf,33,33,P,6,O O C,5.6332,3.3950,6.8731,42.5295,76.3805,12.5163,27.3960,13.1122,7.7395,0.9701,11.2124
148,.stericx/kraken_dft_cache/148/34093.sdf,29,29,P,3,O O O,5.2165,1.7956,5.6515,26.2468,47.1377,9.5406,14.7994,4.7375,1.5619,0.9543,14.2960
1480,.stericx/kraken_dft_cache/1480/55259.sdf,9,9,P,6,O C C,5.6280,3.3809,6.8976,32.7600,58.8352,9.9736,20.6996,10.3867,4.9421,0.9584,13.8416
1481,.stericx/kraken_dft_cache/1481/55268.sdf,21,21,P,6,O O C,6.4026,3.7641,6.8422,47.5010,85.3091,14.0631,27.8576,12.7788,10.2456,0.9734,10.0247
1482,.stericx/kraken_dft_cache/1482/55289.sdf,7,7,P,6,O C C,6.4266,4.1672,6.9183,40.6180,72.9477,11.4328,28.7352,14.4400,13.9288,0.9650,12.6176
1485,.stericx/kraken_dft_cache/1485/55296.sdf,3,3,P,0,H H C,9.1139,1.9949,4.5980,20.8766,37.4932,7.9843,13.1129,5.0820,4.4759,0.9825,8.8074
1486,.stericx/kraken_dft_cache/1486/55299.sdf,2,2,P,0,H H C,7.1257,1.9437,5.8350,22.2157,39.8982,7.9843,15.0128,7.0285,6.8886,0.9801,9.3561
1487,.stericx/kraken_dft_cache/1487/55301.sdf,10,10,P,0,H H C,9.0002,2.2382,4.6658,21.5193,38.6475,7.9843,14.3519,6.3676,6.0378,0.9815,9.0303
1488,.stericx/kraken_dft_cache/1488/55311.sdf,1,1,P,0,H H C,7.1231,3.6059,6.0593,27.0379,48.5586,7.9843,16.4348,8.3340,8.3340,0.9869,7.6433
149,.stericx/kraken_dft_cache/149/34122.sdf,30,30,P,4,O O O,5.1614,2.4426,5.5443,33.2429,59.7024,10.7864,20.1609,8.4319,3.1005,0.9579,13.6795
1490,.stericx/kraken_dft_cache/1490/55312.sdf,2,2,P,0,H H C,6.4015,1.9826,3.3456,21.7744,39.1056,7.9843,14.6690,6.6847,5.7930,0.9794,9.5435
1491,.stericx/kraken_dft_cache/1491/55314.sdf,2,2,P,0,H H C,6.2231,1.8949,3.2742,20.5413,36.8910,7.9843,12.6292,4.6449,4.3826,0.9831,8.5752
1492,.stericx/kraken_dft_cache/1492/55316.sdf,12,12,P,2,H C C,4.8155,2.0503,4.9695,22.6138,40.6131,8.0028,12.4883,4.2496,2.5526,0.9650,12.5578
1493,.stericx/kraken_dft_cache/1493/55328.sdf,3,3,P,2,H H C,4.8248,1.8986,3.3617,19.6413,35.2747,7.9843,11.0226,2.9645,2.2030,0.9847,8.2422
1494,.stericx/kraken_dft_cache/1494/55331.sdf,15,15,P,3,H C C,4.7874,2.6521,5.0094,25.9653,46.6322,8.1250,14.9934,6.4582,5.6182,0.9528,14.2636
1495,.stericx/kraken_dft_cache/1495/55346.sdf,2,2,P,3,H H C,4.7658,2.1962,3.3970,21.4304,38.4878,7.9843,13.2470,5.0295,4.5575,0.9841,8.3848
1496,.stericx/kraken_dft_cache/1496/55348.sdf,1,1,P,1,H C C,3.5731,1.7451,3.7038,20.6516,37.0891,7.9843,10.3388,2.3545,2.3545,0.9702,11.6731
1497,.stericx/kraken_dft_cache/1497/55349.sdf,1,1,P,1,H H C,3.5795,1.7485,2.6258,19.1848,34.4549,7.9843,10.3271,2.3428,2.3428,0.9825,8.8138
1498,.stericx/kraken_dft_cache/1498/55350.sdf,34,34,P,6,C C C,9.1030,2.9221,9.0818,28.1735,50.5980,11.4598,13.8740,1.3699,1.2588,0.9341,17.7956
1499,.stericx/kraken_dft_cache/1499/55384.sdf,37,37,P,8,N C C,9.8386,3.5537,7.0231,27.8106,49.9462,10.8750,13.8006,1.8788,1.7834,0.9436,16.3527
15,.stericx/kraken_dft_cache/15/31914.sdf,9,9,P,8,C C C,6.9554,3.2629,6.7952,34.7648,62.4356,12.3333,17.9087,5.2918,2.9023,0.9264,18.7755
150,.stericx/kraken_dft_cache/150/34152.sdf,65,65,P,5,O O O,6.2314,2.3038,7.0849,29.7539,53.4363,9.8466,18.0618,7.4752,1.5386,0.9579,13.6530
1500,.stericx/kraken_dft_cache/1500/55421.sdf,14,14,P,8,C C C,6.9529,3.2202,6.8010,35.9614,64.5846,12.2004,19.6069,6.6747,3.9047,0.9152,20.2633
1501,.stericx/kraken_dft_cache/1501/55435.sdf,10,10,P,6,C C C,9.0362,2.6949,8.8154,30.1103,54.0765,11.1139,16.9524,5.4014,4.1145,0.9125,20.6328
1502,.stericx/kraken_dft_cache/1502/55445.sdf,32,32,P,9,C C C,7.5730,3.1530,8.0200,30.5341,54.8375,11.1711,17.4584,6.0196,4.0796,0.9204,19.5873
1503,.stericx/kraken_dft_cache/1503/55477.sdf,37,37,P,5,C C C,8.9932,3.6278,8.8282,30.7852,55.2884,11.1538,17.7463,6.4045,4.0096,0.9262,18.8252
1504,.stericx/kraken_dft_cache/1504/55514.sdf,5,5,P,5,C C C,7.8988,2.5191,7.8484,30.0143,53.9040,11.0941,17.0223,5.4853,4.2311,0.9117,20.7247
1505,.stericx/kraken_dft_cache/1505/55519.sdf,4,4,P,7,C C C,7.0484,3.2381,7.4276,30.9936,55.6628,11.2246,17.9239,6.5331,4.1961,0.9222,19.3739
1506,.stericx/kraken_dft_cache/1506/55523.sdf,12,12,P,7,C C C,8.9608,3.0636,8.7795,29.5918,53.1452,11.0459,16.5194,4.9654,4.1845,0.9095,21.0125
1507,.stericx/kraken_dft_cache/1507/55535.sdf,24,24,P,7,C C C,7.8814,4.1840,8.6143,30.6172,54.9868,11.0522,17.9419,6.7449,4.2428,0.9321,18.0148
1508,.stericx/kraken_dft_cache/1508/55559.sdf,5,5,P,7,C C C,8.2337,2.7496,8.2510,30.7658,55.2537,11.2223,18.0504,6.6019,4.4292,0.9168,20.0489
1509,.stericx/kraken_dft_cache/1509/55564.sdf,3,3,P,7,C C C,6.9485,3.1902,7.9545,30.9017,55.4977,11.1703,18.3542,6.9935,4.4992,0.9237,19.1480
151,.stericx/kraken_dft_cache/151/34217.sdf,18,18,P,5,O O O,4.9417,2.6439,5.6351,43.5654,78.2410,14.6003,25.2623,9.9690,1.7600,0.9711,11.3394
1510,.stericx/kraken_dft_cache/1510/55567.sdf,7,7,P,7,C C C,9.1485,3.0344,9.0251,31.3038,56.2198,11.1647,17.8302,6.5540,4.0679,0.9236,19.2132
1517,.stericx/kraken_dft_cache/1517/55574.sdf,16,16,P,1,C C C,7.9117,3.3838,8.4914,25.4596,45.7240,9.8813,14.0833,3.5470,3.2403,0.9477,15.7247
1518,.stericx/kraken_dft_cache/1518/55590.sdf,6,6,P,3,H N N,4.7090,1.9596,4.7457,26.5306,47.6474,7.9921,15.8365,7.6191,7.4831,0.9281,16.3954
1519,.stericx/kraken_dft_cache/1519/55596.sdf,3,3,P,2,H H O,4.5890,1.6227,3.2913,20.6949,37.1668,7.9843,13.0235,5.0159,1.7600,0.9780,9.5660
152,.stericx/kraken_dft_cache/152/34235.sdf,27,27,P,6,O O O,6.7919,2.3090,8.2431,30.3940,54.5859,9.6308,17.4226,7.2077,2.1447,0.9622,12.7426
1520,.stericx/kraken_dft_cache/1520/55599.sdf,5,5,P,4,H Si Si,5.4073,3.1646,5.6346,26.5187,47.6261,8.0542,14.7914,6.7371,6.7371,0.9586,13.4140
1521,.stericx/kraken_dft_cache/1521/55604.sdf,2,2,P,2,H H S,4.8034,1.9878,3.6559,21.4142,38.4587,7.9843,14.0745,6.0902,2.9606,0.9755,10.4171
1522,.stericx/kraken_dft_cache/1522/55606.sdf,7,7,P,2,N N S,4.7104,2.7234,5.0124,30.8133,55.3390,11.2546,17.2724,5.5249,4.5808,0.9245,18.6420
1523,.stericx/kraken_dft_cache/1523/55613.sdf,14,14,P,2,O S S,4.6382,2.0617,5.1882,26.9225,48.3512,9.6161,15.2451,5.1020,2.8907,0.9255,18.4389
1524,.stericx/kraken_dft_cache/1524/55627.sdf,2,2,P,4,F Si Si,3.2251,1.6919,5.7150,27.6155,49.5959,9.2198,15.0769,5.3850,5.3850,0.9426,16.4135
1525,.stericx/kraken_dft_cache/1525/55629.sdf,2,2,P,2,F F S,3.1165,1.4700,4.8584,22.9686,41.2503,8.7128,14.3543,5.3850,2.2263,0.9571,13.9494
1526,.stericx/kraken_dft_cache/1526/55631.sdf,8,8,P,2,S Si Si,4.8780,2.8840,5.6828,31.8820,57.2582,12.5738,16.4086,3.7619,2.9256,0.8939,22.4713
1527,.stericx/kraken_dft_cache/1527/55639.sdf,6,6,P,4,N C C,5.3702,2.6904,6.8577,29.5431,53.0577,10.5875,16.2037,5.5502,2.1214,0.9344,17.5388
1528,.stericx/kraken_dft_cache/1528/55645.sdf,18,18,P,4,N N C,5.6659,2.8800,6.8500,31.5121,56.5940,11.2486,17.8012,6.4962,2.7741,0.9150,19.3519
1529,.stericx/kraken_dft_cache/1529/55663.sdf,23,23,P,4,C C C,6.9602,3.2464,7.5659,43.0829,77.3745,11.3944,28.8231,16.3938,11.5160,0.9108,20.7830
153,.stericx/kraken_dft_cache/153/34262.sdf,21,21,P,7,O O O,7.3858,1.9968,9.0380,29.9099,53.7166,9.2903,16.9866,6.7033,2.2962,0.9646,12.3487
1530,.stericx/kraken_dft_cache/1530/55686.sdf,7,7,P,2,C C C,6.9577,1.9990,6.8081,27.2706,48.9765,10.6752,14.3068,2.9606,2.5410,0.9419,16.3324
1531,.stericx/kraken_dft_cache/1531/55693.sdf,20,20,P,5,C C C,6.9622,2.9148,6.8692,40.3407,72.4497,11.5592,29.7412,16.8591,10.3155,0.9018,21.8681
1532,.stericx/kraken_dft_cache/1532/55713.sdf,21,21,P,5,C C C,6.9627,2.1278,6.9932,27.7883,49.9062,10.2289,15.7105,4.9499,2.9606,0.9351,17.5761
1533,.stericx/kraken_dft_cache/1533/55734.sdf,4,4,P,5,C C C,7.9035,2.4855,7.8493,28.2191,50.6799,11.4170,13.9434,1.4949,1.4920,0.9322,18.0617
1534,.stericx/kraken_dft_cache/1534/55738.sdf,3,3,P,8,C C C,6.9616,2.5180,8.3122,28.3273,50.8742,11.3645,14.1192,1.9893,1.9698,0.9316,18.1432
1535,.stericx/kraken_dft_cache/1535/55741.sdf,14,14,P,9,C C C,9.1372,3.2371,7.0076,28.2580,50.7499,11.4986,13.9105,1.3962,1.2938,0.9325,18.0137
1536,.stericx/kraken_dft_cache/1536/55755.sdf,16,16,P,4,C C C,10.1229,3.0392,6.8633,28.2386,50.7149,11.4971,13.8990,1.3688,1.2822,0.9325,18.0171
1537,.stericx/kraken_dft_cache/1537/55771.sdf,50,50,P,7,C C C,6.9802,2.3226,8.0376,30.8575,55.4183,10.2875,19.8822,8.9599,2.6692,0.9362,17.3722
1538,.stericx/kraken_dft_cache/1538/55821.sdf,3,3,P,6,C C C,7.3939,3.3023,7.4697,23.7323,42.6218,9.8609,11.4228,0.9674,0.9674,0.9262,18.8859
1539,.stericx/kraken_dft_cache/1539/55824.sdf,59,59,P,8,C C C,7.0223,2.5107,8.1573,33.4361,60.0493,10.5127,21.8396,10.5265,1.7834,0.9380,17.1237
154,.stericx/kraken_dft_cache/154/34283.sdf,16,16,P,3,C C C,6.9604,2.1734,6.7970,28.6211,51.4019,10.3213,16.6993,5.8913,2.8324,0.9327,17.8701
1540,.stericx/kraken_dft_cache/1540/55883.sdf,25,25,P,8,C C C,6.9458,3.0116,7.8392,39.2313,70.4572,10.7873,25.4780,14.5373,10.6069,0.9117,20.4392
1541,.stericx/kraken_dft_cache/1541/55908.sdf,6,6,P,7,C C C,6.9467,2.8661,7.8599,36.6790,65.8734,11.6209,28.8523,16.4640,16.4582,0.8985,22.3879
1542,.stericx/kraken_dft_cache/1542/55914.sdf,7,7,P,9,C C C,6.9612,2.5413,6.8303,34.0167,61.0920,11.3912,22.3960,10.5986,4.8838,0.9172,19.9319
1543,.stericx/kraken_dft_cache/1543/55921.sdf,37,37,P,4,C C C,7.4285,2.6075,9.5656,33.5005,60.1650,10.5045,21.8908,10.8334,2.4244,0.9345,17.5805
1544,.stericx/kraken_dft_cache/1544/55958.sdf,36,36,P,8,C C C,7.0501,2.5396,8.1732,32.4826,58.3369,10.5486,21.0869,9.3526,3.1704,0.9335,17.7073
1545,.stericx/kraken_dft_cache/1545/55994.sdf,10,10,P,5,C C C,7.3799,2.6588,6.8561,26.1806,47.0188,9.8143,14.5023,3.9036,3.8698,0.9397,16.9662
1546,.stericx/kraken_dft_cache/1546/56004.sdf,22,22,P,3,C C C,8.5735,3.8180,8.4911,36.9418,66.3455,11.9214,23.8671,11.3110,10.0008,0.8948,22.7737
1547,.stericx/kraken_dft_cache/1547/56026.sdf,38,38,P,11,C C C,6.9660,2.5290,8.0780,35.6396,64.0066,11.1835,22.5588,9.8554,4.4759,0.8979,22.3254
1548,.stericx/kraken_dft_cache/1548/56064.sdf,20,20,P,6,C C C,6.9496,2.2548,6.7733,30.6062,54.9670,10.5480,17.6313,6.5868,3.9047,0.9161,20.0479
1549,.stericx/kraken_dft_cache/1549/56084.sdf,7,7,P,10,C C C,6.9584,3.0434,6.7475,34.6156,62.1677,11.4378,25.5331,13.2211,12.8099,0.9131,20.5815
155,.stericx/kraken_dft_cache/155/34299.sdf,6,6,P,7,C C C,8.9529,3.1809,6.8696,28.2580,50.7499,11.4578,14.0143,1.5230,1.4920,0.9327,17.9858
1550,.stericx/kraken_dft_cache/1550/56091.sdf,17,17,P,3,C C C,6.9629,2.0601,6.7941,28.3168,50.8555,10.3415,16.2970,5.5558,3.0888,0.9399,16.7883
1551,.stericx/kraken_dft_cache/1551/56108.sdf,34,34,P,3,C C C,6.9685,2.5618,5.3997,30.6004,54.9566,10.4293,18.1294,7.1084,3.6600,0.9521,14.7431
1552,.stericx/kraken_dft_cache/1552/56142.sdf,10,10,P,9,C C C,8.2406,2.3682,7.6845,28.7091,51.5599,11.1932,14.8403,3.1284,2.4711,0.9261,18.8867
1553,.stericx/kraken_dft_cache/1553/56152.sdf,22,22,P,4,C C C,6.9644,2.0771,6.8681,28.1032,50.4717,10.1846,15.7916,5.4650,4.0796,0.9417,16.5805
1554,.stericx/kraken_dft_cache/1554/56174.sdf,10,10,P,6,N C C,6.6816,3.4312,6.8490,31.5810,56.7177,10.7666,19.8733,8.6965,2.9023,0.9331,17.9039
1555,.stericx/kraken_dft_cache/1555/56184.sdf,30,30,P,10,C C C,6.9272,3.2510,6.4299,41.0391,73.7038,13.0562,24.4763,11.0199,5.8979,0.9375,17.0591
1556,.stericx/kraken_dft_cache/1556/56214.sdf,35,35,P,7,C C C,6.9625,2.4239,8.0268,33.0394,59.3369,10.4384,22.2195,10.7404,2.3662,0.9361,17.3509
1557,.stericx/kraken_dft_cache/1557/56249.sdf,35,35,P,6,C C C,5.3557,2.9044,7.2642,31.9029,57.2958,10.6985,20.2806,8.9438,3.5900,0.9292,18.3630
1558,.stericx/kraken_dft_cache/1558/56284.sdf,7,7,P,4,C C C,7.1145,3.4061,7.8151,40.4818,72.7030,12.2121,27.2216,14.0853,12.2970,0.8544,26.8159
1559,.stericx/kraken_dft_cache/1559/56291.sdf,20,20,P,4,C C C,6.9672,2.3764,6.8068,30.1201,54.0939,10.4064,17.8656,6.8729,3.5551,0.9295,18.3343
156,.stericx/kraken_dft_cache/156/34305.sdf,1,1,P,7,C C C,4.2278,1.8579,4.6649,19.1589,34.4083,8.4739,8.7303,0.2564,0.2564,1.0888,-19.2419
1560,.stericx/kraken_dft_cache/1560/56311.sdf,32,32,P,4,C C C,6.9771,2.8979,6.0651,34.8737,62.6312,10.9504,21.2553,9.6394,4.4409,0.9432,16.2938
1561,.stericx/kraken_dft_cache/1561/56343.sdf,6,6,P,5,C C C,6.9675,2.0765,6.8001,32.9872,59.2431,10.4068,21.8587,10.1212,3.8465,0.9260,18.7371
1562,.stericx/kraken_dft_cache/1562/56349.sdf,35,35,P,4,C C C,6.9647,2.1744,6.8452,29.9447,53.7791,10.2316,18.7064,7.9750,1.7950,0.9380,17.1200
1563,.stericx/kraken_dft_cache/1563/56384.sdf,11,11,P,6,C C C,6.9550,2.5518,6.8622,35.8480,64.3809,10.9004,22.9579,9.8058,7.7628,0.8934,22.9244
1564,.stericx/kraken_dft_cache/1564/56395.sdf,14,14,P,4,C C C,6.9624,2.0331,7.0058,28.8347,51.7856,10.1606,16.8836,6.6006,4.5342,0.9401,16.8293
1565,.stericx/kraken_dft_cache/1565/56409.sdf,4,4,P,8,C C C,9.1263,3.1344,6.8672,28.2256,50.6916,11.4141,13.9317,1.4337,1.3754,0.9326,18.0051
1566,.stericx/kraken_dft_cache/1566/56413.sdf,9,9,P,4,C C C,11.0947,4.7935,7.0103,28.2068,50.6579,11.4552,13.9340,1.5010,1.4104,0.9332,17.9201
1567,.stericx/kraken_dft_cache/1567/56422.sdf,13,13,P,6,C C C,9.0333,2.9911,6.8628,29.8347,53.5814,10.8777,16.3990,5.4603,4.6391,0.9220,19.3569
1568,.stericx/kraken_dft_cache/1568/56435.sdf,25,25,P,6,C C C,9.0652,3.5076,8.8429,33.1815,59.5920,11.0787,18.8504,7.4719,6.3059,0.9273,18.6489
1569,.stericx/kraken_dft_cache/1569/56460.sdf,16,16,P,7,C C C,6.9629,2.2669,8.0620,28.6710,51.4915,10.3199,17.2304,6.8020,5.0470,0.9354,17.5155
157,.stericx/kraken_dft_cache/157/34306.sdf,32,32,P,7,C C C,7.9671,3.5603,8.4901,29.8151,53.5462,11.1427,16.6734,5.1279,1.8067,0.9367,17.2995
1570,.stericx/kraken_dft_cache/1570/56476.sdf,31,31,P,7,C C C,6.9674,2.6809,8.9234,31.5839,56.7230,10.1459,20.1907,9.7665,1.6901,0.9375,17.1803
1571,.stericx/kraken_dft_cache/1571/56507.sdf,37,37,P,6,C C C,6.9638,2.1210,7.0840,28.6638,51.4785,10.0616,16.7297,5.9798,3.0539,0.9350,17.5923
1572,.stericx/kraken_dft_cache/1572/56544.sdf,50,50,P,6,C C C,6.9704,2.9868,6.7725,37.6301,67.5815,10.9549,24.3152,12.6504,3.5201,0.9409,16.6782
1573,.stericx/kraken_dft_cache/1573/56594.sdf,18,18,P,4,C C C,7.2517,3.1316,7.6449,39.7528,71.3938,11.0932,29.6378,17.0125,4.1728,0.9128,20.4807
1574,.stericx/kraken_dft_cache/1574/56612.sdf,4,4,P,4,C C C,6.1222,2.6046,6.8996,27.9303,50.1612,10.9507,13.9055,2.1680,1.9349,0.9372,17.3192
1575,.stericx/kraken_dft_cache/1575/56616.sdf,24,24,P,8,O C C,5.9311,2.9450,6.8759,30.1532,54.1534,10.5384,18.8263,8.1684,5.4317,0.9451,15.8543
1576,.stericx/kraken_dft_cache/1576/56640.sdf,30,30,P,6,C C C,9.0463,3.5508,8.8076,35.2490,63.3052,11.0176,21.8661,10.4658,6.3292,0.9310,18.1149
1577,.stericx/kraken_dft_cache/1577/56670.sdf,25,25,P,8,C C C,9.7628,2.9821,6.8663,28.2352,50.7088,11.4755,13.9535,1.4234,1.3288,0.9326,18.0084
1578,.stericx/kraken_dft_cache/1578/56695.sdf,2,2,P,6,C C C,7.7852,3.3570,6.8641,26.2234,47.0957,9.7560,14.5990,4.0155,3.9980,0.9397,16.9671
1579,.stericx/kraken_dft_cache/1579/56697.sdf,23,23,P,3,C C C,6.9625,2.0260,6.7965,28.0704,50.4129,10.1386,16.1495,5.2599,3.6133,0.9355,17.4752
158,.stericx/kraken_dft_cache/158/34338.sdf,31,31,P,7,C C C,7.9638,3.7471,8.4955,31.6172,56.7827,11.2867,19.0131,7.1503,2.2379,0.9351,17.5357
1580,.stericx/kraken_dft_cache/1580/56720.sdf,25,25,P,8,C C C,9.4178,2.8002,9.9019,28.2702,50.7718,10.5178,14.8552,3.8301,2.1563,0.9403,16.7690
1581,.stericx/kraken_dft_cache/1581/56745.sdf,27,27,P,6,C C C,6.9612,2.2395,7.4646,32.0430,57.5474,10.3574,21.6748,10.3064,3.6716,0.9389,16.9343
1582,.stericx/kraken_dft_cache/1582/56772.sdf,39,39,P,6,C C C,6.9629,2.8405,7.5985,39.3480,70.6668,10.6804,27.2674,15.3586,1.5852,0.9413,16.4973
1583,.stericx/kraken_dft_cache/1583/56811.sdf,14,14,P,8,C C C,9.0216,3.9744,6.8608,34.5655,62.0778,11.3953,25.5831,13.3294,12.7982,0.9123,20.6858
1584,.stericx/kraken_dft_cache/1584/56825.sdf,28,28,P,6,C C C,6.9672,2.4569,7.3814,35.2461,63.3000,10.4458,23.3635,11.2713,2.3778,0.9352,17.5722
1585,.stericx/kraken_dft_cache/1585/56853.sdf,14,14,P,3,C C C,8.6623,3.4596,8.5136,29.9487,53.7862,10.7792,16.8270,5.5699,3.4385,0.9213,19.3490
1586,.stericx/kraken_dft_cache/1586/56867.sdf,27,27,P,3,C C C,8.6125,4.1125,8.4849,51.3978,92.3075,12.4572,34.5503,19.4891,10.1523,0.8817,24.2392
1587,.stericx/kraken_dft_cache/1587/56894.sdf,35,35,P,4,C C C,7.4910,2.5664,11.1135,28.0470,50.3709,10.9622,14.3851,2.9972,2.4944,0.9377,17.2417
1588,.stericx/kraken_dft_cache/1588/56929.sdf,16,16,P,6,O C C,5.2685,2.9614,6.8776,30.3657,54.5351,10.6280,18.6371,7.7191,5.0820,0.9522,14.8795
1589,.stericx/kraken_dft_cache/1589/56945.sdf,28,28,P,6,O O C,5.5752,2.9192,6.8652,29.9404,53.7712,9.8563,18.6736,8.2882,4.8955,0.9533,14.3695
159,.stericx/kraken_dft_cache/159/34369.sdf,37,37,P,30,C C C,10.3607,5.5153,9.8251,31.0618,55.7852,11.3415,17.1084,5.2527,1.8300,0.9310,18.0461
1590,.stericx/kraken_dft_cache/1590/56973.sdf,16,16,P,8,C C C,6.9608,2.6362,6.7874,31.7822,57.0790,11.2516,19.6417,8.0987,4.0796,0.9142,20.3736
1591,.stericx/kraken_dft_cache/1591/56989.sdf,2,2,P,2,C C C,4.5191,1.7000,6.8115,25.0389,44.9685,9.6336,15.1935,5.2626,5.2568,0.9551,14.4654
1592,.stericx/kraken_dft_cache/1592/56991.sdf,20,20,P,12,C C C,11.1576,3.3221,6.8727,28.2801,50.7895,11.3348,14.1946,1.7525,1.5269,0.9325,18.0095
1593,.stericx/kraken_dft_cache/1593/57011.sdf,56,56,P,8,C C C,6.9867,2.6066,7.6845,37.7326,67.7656,11.1345,24.3613,12.0364,2.0748,0.9362,17.3721
1594,.stericx/kraken_dft_cache/1594/57067.sdf,28,28,P,15,C C C,6.9603,2.9152,7.1321,44.0101,79.0396,11.1318,33.3297,19.0549,2.4594,0.9186,19.6525
1595,.stericx/kraken_dft_cache/1595/57095.sdf,41,41,P,12,C C C,6.7796,2.9693,7.6367,37.1008,66.6309,11.6667,27.2484,14.8542,2.7974,0.9097,20.8679
1596,.stericx/kraken_dft_cache/1596/57136.sdf,4,4,P,12,C C C,13.5334,3.3996,6.8655,28.2191,50.6799,11.4986,13.8676,1.3142,1.2938,0.9322,18.0534
1597,.stericx/kraken_dft_cache/1597/57140.sdf,1,1,P,22,C C C,6.9583,3.0537,11.2072,28.3035,50.8315,11.3995,14.2902,1.9582,1.9582,0.9352,17.6163
1598,.stericx/kraken_dft_cache/1598/57141.sdf,56,56,P,10,C C C,9.6964,2.7043,8.4146,28.3632,50.9387,11.0171,14.5953,2.9662,1.3987,0.9343,17.7477
1599,.stericx/kraken_dft_cache/1599/57197.sdf,33,33,P,4,C C C,7.0674,3.3677,9.4057,51.9134,93.2336,10.9894,32.5440,19.4693,2.1797,0.9238,19.0887
16,.stericx/kraken_dft_cache/16/31923.sdf,2,2,P,8,C C C,8.2574,2.7471,8.3076,28.1867,50.6216,11.5160,13.8414,1.3346,1.3288,0.9333,17.9021
160,.stericx/kraken_dft_cache/160/34406.sdf,35,35,P,4,C C C,6.9754,2.6821,6.1469,31.2086,56.0490,11.3579,16.8541,4.9787,1.9465,0.9251,18.8988
1600,.stericx/kraken_dft_cache/1600/57230.sdf,55,55,P,10,C C C,6.9801,2.4042,8.1781,33.6793,60.4862,10.3958,22.0555,10.2125,1.6435,0.9408,16.7420
1601,.stericx/kraken_dft_cache/1601/57285.sdf,28,28,P,6,C C C,7.8075,2.3761,6.8750,26.1267,46.9221,9.7872,14.4084,4.0046,3.7416,0.9419,16.6280
1602,.stericx/kraken_dft_cache/1602/57313.sdf,40,40,P,4,C C C,10.7110,3.8384,7.3194,34.7566,62.4209,10.6252,24.5509,12.8069,3.5434,0.9288,18.2705
1603,.stericx/kraken_dft_cache/1603/57353.sdf,36,36,P,4,C C C,6.9650,2.3268,7.4386,32.2086,57.8448,10.1957,21.1302,10.3663,3.3919,0.9379,17.1291
1604,.stericx/kraken_dft_cache/1604/57389.sdf,10,10,P,16,C C B,6.9435,2.5329,8.5148,44.9650,80.7545,12.8961,30.1049,13.8612,13.8006,0.7058,40.5274
1605,.stericx/kraken_dft_cache/1605/57399.sdf,28,28,P,6,C C C,6.9636,2.1133,6.9729,30.5875,54.9335,10.2368,19.9046,9.4650,3.0538,0.9283,18.5144
1606,.stericx/kraken_dft_cache/1606/57427.sdf,39,39,P,12,N C C,6.2109,2.6120,10.2631,31.9706,57.4173,10.1430,20.7215,9.6353,3.8814,0.9309,17.9400
1607,.stericx/kraken_dft_cache/1607/57466.sdf,39,39,P,6,C C C,6.9648,2.4318,7.3147,31.8160,57.1397,10.2892,21.3967,10.6266,1.9349,0.9371,17.2729
1608,.stericx/kraken_dft_cache/1608/57505.sdf,55,55,P,12,C C C,9.9707,2.9070,8.5045,28.9351,51.9659,11.3376,15.1025,2.8968,1.3404,0.9332,17.9198
161,.stericx/kraken_dft_cache/161/34441.sdf,17,17,P,4,C C C,6.9650,2.1399,6.8161,29.3018,52.6244,10.9003,15.7869,4.5760,2.5993,0.9285,18.5070
1610,.stericx/kraken_dft_cache/1610/57560.sdf,25,25,P,9,C C C,6.9637,2.0261,8.0628,28.6828,51.5126,10.0908,16.8890,6.7264,5.0120,0.9384,17.0801
1611,.stericx/kraken_dft_cache/1611/57585.sdf,12,12,P,7,C C C,6.9607,2.6496,7.1170,27.6815,49.7144,11.0323,14.4252,3.0840,2.0631,0.9346,17.6943
1612,.stericx/kraken_dft_cache/1612/57597.sdf,11,11,P,11,C C C,6.9483,3.0801,7.2752,34.0124,61.0844,11.1621,20.9785,9.4678,4.5808,0.9258,18.8640
1613,.stericx/kraken_dft_cache/1613/57608.sdf,43,43,P,5,C C C,6.9651,2.6678,7.6477,37.4324,67.2265,10.4404,26.2909,13.8152,1.8883,0.9367,17.3210
1614,.stericx/kraken_dft_cache/1614/57651.sdf,17,17,P,6,C C C,6.9678,2.3404,7.0513,31.9242,57.3341,10.6446,20.9375,9.2116,2.5876,0.9369,17.2710
1615,.stericx/kraken_dft_cache/1615/57668.sdf,33,33,P,4,C C C,6.9655,2.9759,9.7767,41.3392,74.2429,10.3844,28.5326,15.8987,2.2846,0.9372,17.2236
1616,.stericx/kraken_dft_cache/1616/57701.sdf,58,58,P,5,C C C,6.9616,2.5743,7.7333,34.4815,61.9269,10.4467,24.7610,13.6002,3.3336,0.9286,18.4548
1618,.stericx/kraken_dft_cache/1618/57759.sdf,34,34,P,7,C C C,6.9650,2.2666,7.7878,31.7599,57.0389,10.4543,20.2395,9.0162,2.7625,0.9349,17.5784
1619,.stericx/kraken_dft_cache/1619/57793.sdf,27,27,P,4,C C C,6.9644,2.2474,6.9012,31.8279,57.1611,10.3142,20.9483,9.7871,3.1704,0.9379,17.1366
162,.stericx/kraken_dft_cache/162/34458.sdf,15,15,P,4,C C C,6.9667,2.4398,6.8236,31.8332,57.1707,11.2254,18.9191,7.1583,2.2263,0.9270,18.6927
1620,.stericx/kraken_dft_cache/1620/57820.sdf,24,24,P,4,C C C,12.9960,2.9628,8.0019,28.0777,50.4259,10.9600,14.0896,2.1078,2.0398,0.9356,17.5409
1621,.stericx/kraken_dft_cache/1621/57844.sdf,18,18,P,4,C C C,9.4411,3.0526,7.2335,34.3584,61.7058,11.2046,23.3442,12.0341,3.3103,0.9321,18.0106
1622,.stericx/kraken_dft_cache/1622/57862.sdf,39,39,P,7,C C C,6.9649,2.2657,7.2389,32.1107,57.6690,10.1164,21.9792,11.4309,2.9956,0.9299,18.2847
1623,.stericx/kraken_dft_cache/1623/57901.sdf,4,4,P,7,C C C,10.4286,2.8756,6.8533,26.0968,46.8684,9.7793,14.6923,4.4817,3.8115,0.9364,17.4508
1624,.stericx/kraken_dft_cache/1624/57905.sdf,14,14,P,7,C C Si,6.9649,2.2538,6.8604,32.3723,58.1389,10.9949,19.4446,6.8137,3.7299,0.9055,21.2738
1625,.stericx/kraken_dft_cache/1625/57919.sdf,24,24,P,4,C C C,6.9643,2.2521,7.2140,30.6102,54.9742,10.3281,19.1648,8.3554,3.1704,0.9364,17.3135
1626,.stericx/kraken_dft_cache/1626/57943.sdf,17,17,P,11,C C C,6.9647,3.1227,7.1345,39.4027,70.7651,11.3056,29.1617,16.4198,4.8139,0.9320,18.0394
1627,.stericx/kraken_dft_cache/1627/57960.sdf,15,15,P,9,N C C,6.8395,3.0360,6.8923,29.7097,53.3569,10.6069,18.8103,7.8079,3.8931,0.9298,18.1732
1628,.stericx/kraken_dft_cache/1628/57975.sdf,38,38,P,11,C C C,6.9575,2.5549,7.3392,35.1745,63.1714,11.2519,24.7259,12.4516,4.6857,0.9166,20.0892
1629,.stericx/kraken_dft_cache/1629/58013.sdf,5,5,P,7,C C C,8.2283,3.0964,7.7686,31.0254,55.7199,11.2293,18.1016,6.8001,4.7090,0.9231,19.2454
163,.stericx/kraken_dft_cache/163/34473.sdf,23,23,P,6,C C C,7.9366,2.6414,7.8399,40.9609,73.5635,11.9813,24.8134,10.0707,6.9003,0.8384,28.2615
1630,.stericx/kraken_dft_cache/1630/58018.sdf,6,6,P,4,C C C,7.5581,2.7075,8.8482,30.6918,55.1208,11.2363,17.9326,6.2825,3.4035,0.9227,19.3361
1631,.stericx/kraken_dft_cache/1631/58024.sdf,5,5,P,4,C C C,6.9609,2.5208,8.0356,30.3764,54.5544,11.0755,17.2461,6.0051,4.6391,0.9175,19.9736
1632,.stericx/kraken_dft_cache/1632/58029.sdf,13,13,P,4,C C C,7.5958,2.6598,8.0981,29.0329,52.1414,10.9126,15.0684,3.9182,3.3686,0.9256,18.9393
1633,.stericx/kraken_dft_cache/1633/58042.sdf,25,25,P,7,C C C,6.9641,2.4698,7.1118,30.8819,55.4621,11.4480,16.0674,3.9812,3.1704,0.9154,20.2427
1634,.stericx/kraken_dft_cache/1634/58067.sdf,37,37,P,4,C C C,6.9643,2.2812,6.8879,31.3512,56.3050,10.3549,20.1272,9.0689,3.4152,0.9372,17.1902
1635,.stericx/kraken_dft_cache/1635/58104.sdf,38,38,P,4,C C C,6.0675,3.3334,6.1803,37.2124,66.8314,11.9384,23.3940,10.7578,3.1471,0.9299,18.2411
1636,.stericx/kraken_dft_cache/1636/58142.sdf,52,52,P,4,C C C,6.3240,2.9905,6.5868,35.9087,64.4900,11.7238,21.3131,9.0726,2.3079,0.9466,15.7888
1637,.stericx/kraken_dft_cache/1637/58194.sdf,39,39,P,4,C C C,5.7731,3.0833,5.4363,33.2952,59.7963,11.4667,20.4224,8.1278,2.4594,0.9270,18.6008
1638,.stericx/kraken_dft_cache/1638/58233.sdf,41,41,P,4,C C C,5.1171,2.5330,5.6584,28.4830,51.1539,9.6346,19.5908,9.6665,1.3521,0.9553,14.1896
1639,.stericx/kraken_dft_cache/1639/58274.sdf,64,64,P,3,C C C,6.2545,2.7953,6.2709,31.4705,56.5192,10.2363,19.6007,8.8239,1.5502,0.9512,15.0412
164,.stericx/kraken_dft_cache/164/34496.sdf,42,42,P,11,C C C,7.5009,3.4814,7.9294,29.1537,52.3584,10.8478,16.0111,4.8386,2.6109,0.9356,17.5030
1640,.stericx/kraken_dft_cache/1640/58338.sdf,34,34,P,4,C Si Si,5.8552,3.0778,5.7289,33.3209,59.8425,11.7708,19.6766,7.5472,2.2263,0.9057,21.1368
1641,.stericx/kraken_dft_cache/1641/58372.sdf,48,48,P,2,C C C,4.9002,2.6701,6.6817,32.2277,57.8792,10.1484,20.6154,10.0438,1.0257,0.9502,15.1014
1642,.stericx/kraken_dft_cache/1642/58420.sdf,55,55,P,4,C C C,6.9894,3.2434,7.3997,45.1022,81.0010,11.2355,33.2781,20.3682,4.3010,0.9385,16.9390
1643,.stericx/kraken_dft_cache/1643/58475.sdf,50,50,P,4,O C C,4.6279,2.9115,6.6789,32.6458,58.6300,10.1236,20.2291,9.6793,2.5293,0.9590,13.6014
1644,.stericx/kraken_dft_cache/1644/58525.sdf,51,51,P,4,C C C,5.6993,2.6669,6.3895,32.3355,58.0728,10.1114,21.1953,10.8542,1.3987,0.9444,15.9803
1645,.stericx/kraken_dft_cache/1645/58576.sdf,65,65,P,4,C C C,6.1576,3.3836,7.3547,55.3435,99.3938,15.0229,34.5148,16.7162,1.4686,0.9504,15.1958
1646,.stericx/kraken_dft_cache/1646/58641.sdf,53,53,P,4,C C C,6.1959,3.3293,7.3035,46.5602,83.6196,12.3995,30.7265,16.1500,1.4104,0.9493,15.4048
1647,.stericx/kraken_dft_cache/1647/58694.sdf,2,2,P,7,C C C,6.9689,2.5798,6.7728,37.2339,66.8700,12.4777,20.8991,6.4749,6.1893,0.8748,24.7735
1648,.stericx/kraken_dft_cache/1648/58696.sdf,3,3,P,4,C C C,7.1594,3.4213,5.8402,39.7564,71.4003,13.7851,23.7159,9.9308,6.8071,0.8319,29.2028
1649,.stericx/kraken_dft_cache/1649/58699.sdf,15,15,P,2,C C C,4.7907,2.5041,5.0966,29.6893,53.3204,10.9985,15.9484,4.5917,3.2287,0.9209,19.4471
165,.stericx/kraken_dft_cache/165/34538.sdf,17,17,P,7,C C C,7.0878,2.5217,7.2694,28.6020,51.3676,10.6857,15.0039,4.0131,2.7858,0.9278,18.6078
1650,.stericx/kraken_dft_cache/1650/58714.sdf,4,4,P,3,N N C,4.7108,2.7986,5.0314,33.6481,60.4301,12.0202,17.4576,5.1403,3.7415,0.8759,24.5814
1651,.stericx/kraken_dft_cache/1651/58718.sdf,9,9,P,3,C C C,5.1320,2.6704,5.1148,33.9037,60.8892,12.2568,18.0835,5.1947,2.1913,0.8699,25.2731
1652,.stericx/kraken_dft_cache/1652/58727.sdf,30,30,P,3,C C C,4.9101,2.6611,5.5640,31.0049,55.6830,10.8979,17.4046,5.7918,2.6459,0.9257,18.6966
1653,.stericx/kraken_dft_cache/1653/58757.sdf,1,1,P,6,C C C,7.3793,3.4869,7.4754,26.3175,47.2647,9.7560,14.8846,4.0329,4.0329,0.9354,17.6059
1654,.stericx/kraken_dft_cache/1654/58758.sdf,4,4,P,4,C C Si,4.9050,3.0065,5.6936,35.1782,63.1780,14.5582,17.4256,2.8674,2.8674,0.8443,28.2185
1655,.stericx/kraken_dft_cache/1655/58762.sdf,1,1,P,2,C C C,5.2621,1.7954,5.1648,26.4668,47.5328,9.7560,15.0711,4.2428,4.2428,0.9363,17.4677
1656,.stericx/kraken_dft_cache/1656/58763.sdf,2,2,P,6,C C C,7.9654,3.4590,5.1196,45.1649,81.1135,14.9545,29.8042,14.8496,14.8496,0.7735,34.8021
1657,.stericx/kraken_dft_cache/1657/58765.sdf,3,3,P,10,C C C,6.9863,3.6167,5.5635,42.1664,75.7285,14.1503,26.4706,12.3203,12.3203,0.8251,29.9646
1658,.stericx/kraken_dft_cache/1658/58768.sdf,4,4,P,2,C C C,4.9375,1.8350,5.0670,28.2516,50.7382,10.0037,15.6539,4.6595,3.3802,0.9186,19.5936
1659,.stericx/kraken_dft_cache/1659/58772.sdf,9,9,P,4,C C C,6.1891,2.5232,6.2386,29.9556,53.7985,10.4554,15.7433,3.7105,2.8790,0.9174,19.9418
166,.stericx/kraken_dft_cache/166/34555.sdf,20,20,P,7,C C C,7.6337,2.8987,7.9005,29.0495,52.1713,10.8552,15.8008,4.6758,2.8324,0.9332,17.8048
1660,.stericx/kraken_dft_cache/1660/58781.sdf,13,13,P,4,C C C,7.2293,3.3633,6.1420,39.1944,70.3910,13.3496,25.1275,11.4856,2.7741,0.8809,24.0519
1661,.stericx/kraken_dft_cache/1661/58794.sdf,3,3,P,3,C C C,4.7205,2.5214,5.0956,33.5562,60.2650,11.9085,17.7287,5.1791,4.7673,0.8586,26.3633
1662,.stericx/kraken_dft_cache/1662/58797.sdf,15,15,P,4,C C C,5.8652,3.4805,5.2109,37.2482,66.8956,13.4331,20.8408,7.0176,4.6274,0.8805,24.1340
1663,.stericx/kraken_dft_cache/1663/58812.sdf,2,2,P,4,N C C,6.1066,3.0598,5.1110,35.2285,63.2683,13.7307,18.1133,4.3477,4.3477,0.8632,26.0075
1664,.stericx/kraken_dft_cache/1664/58814.sdf,14,14,P,5,C C C,7.6321,2.7301,5.0971,32.1174,57.6810,10.7276,17.0351,6.2909,6.2359,0.8814,23.8614
1665,.stericx/kraken_dft_cache/1665/58828.sdf,8,8,P,4,C C C,9.5086,2.7501,5.6958,32.1043,57.6575,10.7016,17.0322,6.3190,6.2476,0.8831,23.6098
1666,.stericx/kraken_dft_cache/1666/58836.sdf,4,4,P,4,C C C,5.8710,3.9145,6.5491,40.2437,72.2754,14.2231,22.6358,6.8508,5.1636,0.8667,25.5905
1667,.stericx/kraken_dft_cache/1667/58840.sdf,5,5,P,4,C C C,5.1474,2.8619,5.0986,36.2786,65.1542,12.4578,19.3208,6.7651,5.6298,0.8627,25.8281
1668,.stericx/kraken_dft_cache/1668/58845.sdf,7,7,P,10,C C C,6.6798,3.8376,6.5983,40.0534,71.9337,13.8422,25.4682,11.3229,6.2243,0.8807,24.0639
1669,.stericx/kraken_dft_cache/1669/58852.sdf,24,24,P,6,C C C,9.0588,2.9151,6.9028,31.9553,57.3898,11.3801,18.0200,6.3078,2.9256,0.9133,20.3582
167,.stericx/kraken_dft_cache/167/34575.sdf,35,35,P,4,C C C,6.9677,2.2372,7.0585,30.7063,55.1468,10.2845,19.1064,8.3070,3.2753,0.9339,17.7350
1670,.stericx/kraken_dft_cache/1670/58876.sdf,9,9,P,4,C C C,6.8078,3.3249,7.0476,35.9114,64.4948,13.7229,19.0108,4.4707,3.1005,0.8457,27.9585
1671,.stericx/kraken_dft_cache/1671/58885.sdf,30,30,P,2,C C C,4.7928,2.3775,6.6968,28.2009,50.6473,10.3777,15.6185,4.8186,2.2146,0.9335,17.7105
1672,.stericx/kraken_dft_cache/1672/58915.sdf,37,37,P,15,C C C,9.9841,3.5666,9.6556,34.2228,61.4623,11.8506,20.5110,7.9868,2.8557,0.9308,18.0744
1673,.stericx/kraken_dft_cache/1673/58952.sdf,17,17,P,3,N N C,4.6800,2.8277,6.6079,31.5596,56.6793,11.6758,17.2082,5.1745,3.5434,0.9092,20.4688
1674,.stericx/kraken_dft_cache/1674/58969.sdf,23,23,P,5,C C C,7.9127,2.9104,6.7369,34.1658,61.3598,11.8394,19.8987,7.6772,3.0072,0.9230,19.1175
1675,.stericx/kraken_dft_cache/1675/58992.sdf,14,14,P,4,C Si Si,6.3591,3.3532,5.6899,33.6810,60.4892,12.5043,18.2806,5.0021,1.6085,0.8886,23.2667
1676,.stericx/kraken_dft_cache/1676/59006.sdf,33,33,P,8,C C C,6.9812,3.3789,6.8165,36.2299,65.0669,11.9420,21.3137,8.9387,3.5084,0.9237,19.0070
1677,.stericx/kraken_dft_cache/1677/59039.sdf,42,42,P,4,C C C,5.7290,3.2492,6.8435,35.2696,63.3421,11.8846,20.9962,8.6681,2.3662,0.9309,18.0277
1678,.stericx/kraken_dft_cache/1678/59081.sdf,37,37,P,4,C C C,6.4733,3.0766,6.6491,34.2207,61.4585,11.4187,20.6285,8.5491,3.2054,0.9324,17.8035
1679,.stericx/kraken_dft_cache/1679/59118.sdf,28,28,P,2,C C C,4.8937,2.6461,6.8509,32.7518,58.8203,11.0748,20.1876,8.3444,2.8207,0.9356,17.2996
168,.stericx/kraken_dft_cache/168/34610.sdf,31,31,P,6,C C C,9.0450,2.5827,8.8017,30.6885,55.1148,11.2288,17.3414,5.5693,2.0748,0.9261,18.8340
1680,.stericx/kraken_dft_cache/1680/59146.sdf,24,24,P,7,C C C,8.2950,2.7070,6.6946,34.8756,62.6345,11.6894,20.6747,7.9930,3.2986,0.9231,19.0444
1681,.stericx/kraken_dft_cache/1681/59170.sdf,61,61,P,6,C C C,7.3265,4.0657,7.5785,45.7148,82.1012,12.6885,30.6379,15.4322,2.3195,0.9283,18.4535
1682,.stericx/kraken_dft_cache/1682/59231.sdf,30,30,P,4,C C C,7.1585,2.9509,6.7881,32.0987,57.6474,10.2829,20.7468,10.0004,3.5084,0.9289,18.3861
1683,.stericx/kraken_dft_cache/1683/59261.sdf,40,40,P,8,C C C,9.0552,3.7905,8.8039,39.1913,70.3854,12.1667,25.1007,11.4216,5.5366,0.8943,22.5623
1684,.stericx/kraken_dft_cache/1684/59301.sdf,46,46,P,7,C C C,6.6283,3.9780,7.3352,45.3842,81.5075,12.6287,27.6648,12.9943,2.4477,0.9298,18.2589
1685,.stericx/kraken_dft_cache/1685/59347.sdf,36,36,P,11,C C C,6.9791,3.8597,8.3857,46.7439,83.9495,12.6133,34.1389,19.4923,2.2729,0.9095,20.7733
1686,.stericx/kraken_dft_cache/1686/59383.sdf,14,14,P,3,C C C,7.6702,3.1663,5.1833,30.1189,54.0918,10.5986,16.0102,5.1836,3.2986,0.9070,21.1596
1687,.stericx/kraken_dft_cache/1687/59397.sdf,35,35,P,1,C C C,3.6260,1.9481,5.8517,28.4639,51.1195,9.6987,17.6824,7.8035,1.0141,0.9502,15.1595
1688,.stericx/kraken_dft_cache/1688/59432.sdf,7,7,P,7,C C C,6.9602,2.4082,4.5001,27.2057,48.8599,9.6794,18.3631,8.3456,6.7604,0.9252,18.8348
1689,.stericx/kraken_dft_cache/1689/59439.sdf,16,16,P,1,C C C,4.3420,1.8662,7.1672,27.9790,50.2487,9.6686,18.0980,8.2691,1.2938,0.9456,15.9670
169,.stericx/kraken_dft_cache/169/34641.sdf,21,21,P,7,C C C,7.9570,3.8121,8.5917,30.6628,55.0687,11.1630,16.4115,4.5469,4.0096,0.9071,21.1766
1690,.stericx/kraken_dft_cache/1690/59455.sdf,18,18,P,1,C C C,3.5579,1.7764,5.5992,31.3243,56.2566,10.2941,19.4414,8.6908,7.5763,0.9471,15.5734
1691,.stericx/kraken_dft_cache/1691/59473.sdf,2,2,P,1,C C C,3.5624,1.7423,4.8411,23.0984,41.4834,9.6161,11.7550,2.1272,0.7693,0.9539,14.5875
1692,.stericx/kraken_dft_cache/1692/59475.sdf,9,9,P,1,C C C,3.5606,1.7435,4.6983,24.4685,43.9441,9.5954,12.8189,3.0500,0.9674,0.9456,15.4947
1693,.stericx/kraken_dft_cache/1693/59484.sdf,4,4,P,1,C C C,3.5654,1.7990,7.3212,26.6258,47.8184,9.6220,17.1983,7.0635,4.1378,0.9420,16.5453
1694,.stericx/kraken_dft_cache/1694/59488.sdf,5,5,P,3,C C C,3.5663,1.7388,5.2712,24.6950,44.3508,9.5509,14.5349,4.9235,0.8625,0.9593,13.7757
1695,.stericx/kraken_dft_cache/1695/59493.sdf,11,11,P,1,C C C,3.7780,2.0494,6.8435,34.8514,62.5912,9.6257,26.9887,15.6878,14.1153,0.9268,18.5590
1696,.stericx/kraken_dft_cache/1696/59504.sdf,10,10,P,1,C C C,6.9591,1.8493,7.0532,25.7834,46.3055,9.8539,14.1887,3.6938,3.4035,0.9425,16.5240
1697,.stericx/kraken_dft_cache/1697/59514.sdf,35,35,P,3,C C C,3.5696,1.9643,5.8659,28.2857,50.7995,9.7637,17.1429,7.2480,1.0024,0.9503,15.1877
1698,.stericx/kraken_dft_cache/1698/59549.sdf,3,3,P,1,C C Si,3.5795,1.7464,5.6426,24.7664,44.4790,9.6511,13.6025,3.2170,3.2170,0.9523,15.0029
1699,.stericx/kraken_dft_cache/1699/59552.sdf,3,3,P,1,C Si Si,3.5933,1.8084,5.6895,28.4008,51.0063,10.3505,15.0012,4.6507,4.6507,0.9281,18.5797
17,.stericx/kraken_dft_cache/17/31925.sdf,2,2,P,4,C C C,6.9649,2.4762,6.8614,28.2580,50.7499,11.5394,13.8589,1.2822,1.2822,0.9322,18.0665
170,.stericx/kraken_dft_cache/170/34662.sdf,49,49,P,7,C C C,7.8709,3.9212,8.5326,31.7278,56.9813,10.3528,20.5765,9.4698,2.9956,0.9356,17.4248
1700,.stericx/kraken_dft_cache/1700/59555.sdf,51,51,P,8,C C C,3.9510,2.2523,7.6086,32.0390,57.5402,9.7105,24.2802,13.7873,0.9908,0.9568,14.1679
1701,.stericx/kraken_dft_cache/1701/59606.sdf,58,58,P,7,C C C,4.1496,2.2427,9.2059,35.5195,63.7910,10.7381,23.2998,11.3547,0.9208,0.9550,14.4937
1702,.stericx/kraken_dft_cache/1702/59664.sdf,17,17,P,4,C C C,3.6312,1.8146,6.3177,24.6110,44.1999,9.5956,14.3128,4.6672,0.9674,0.9519,14.9919
1703,.stericx/kraken_dft_cache/1703/59681.sdf,58,58,P,6,C C C,4.3522,2.3826,8.5951,36.7946,66.0810,9.6877,27.2093,15.9791,0.9558,0.9542,14.6337
1704,.stericx/kraken_dft_cache/1704/59739.sdf,14,14,P,1,C C C,3.8678,1.8662,7.2364,26.3847,47.3855,9.5021,16.5939,6.8720,0.7460,0.9644,12.8497
1705,.stericx/kraken_dft_cache/1705/59753.sdf,7,7,P,6,C C C,4.2110,2.0204,6.6253,30.9654,55.6120,9.6278,22.8406,11.8291,10.6069,0.9325,17.8535
1706,.stericx/kraken_dft_cache/1706/59760.sdf,43,43,P,5,C C C,3.8276,2.6493,6.7304,36.4678,65.4941,9.6863,26.9712,16.6476,2.3195,0.9572,14.0448
1707,.stericx/kraken_dft_cache/1707/59803.sdf,3,3,P,2,C C S,3.5667,1.7410,4.9307,25.0000,44.8986,9.6200,15.1838,5.5094,1.5153,0.9437,16.2197
1708,.stericx/kraken_dft_cache/1708/59806.sdf,32,32,P,5,C C C,3.7433,2.0294,6.4300,28.5720,51.3137,9.7294,18.0980,8.0065,0.9558,0.9593,13.6863
1709,.stericx/kraken_dft_cache/1709/59838.sdf,9,9,P,15,C C C,5.8679,2.7356,8.9324,52.3552,94.0270,11.2829,37.8519,23.9477,15.0012,0.8937,22.6879
171,.stericx/kraken_dft_cache/171/34711.sdf,35,35,P,30,C C C,10.4431,5.4775,9.8852,33.3866,59.9604,11.6016,20.0801,7.8348,2.9723,0.9298,18.1709
1710,.stericx/kraken_dft_cache/1710/59847.sdf,15,15,P,1,C C C,3.5537,1.7774,6.0041,29.2402,52.5138,9.6612,21.0972,10.6558,8.5438,0.9287,18.4090
1711,.stericx/kraken_dft_cache/1711/59862.sdf,1,1,P,1,C C C,4.5240,1.7000,3.6936,22.2612,39.9798,9.5812,10.4554,0.8276,0.8276,0.9572,14.1476
1712,.stericx/kraken_dft_cache/1712/59863.sdf,32,32,P,9,C C Si,3.7420,1.9430,7.2647,30.7933,55.3030,9.6132,22.6857,11.7976,5.9329,0.9368,17.0229
1713,.stericx/kraken_dft_cache/1713/59895.sdf,8,8,P,1,C C C,5.6195,2.2974,6.3234,26.3199,47.2691,9.6030,17.1692,7.5122,1.0257,0.9501,15.3298
1714,.stericx/kraken_dft_cache/1714/59903.sdf,5,5,P,3,C C C,4.8709,2.6585,4.2705,28.6630,51.4772,11.1570,15.7518,4.3477,1.9232,0.9403,16.7265
1715,.stericx/kraken_dft_cache/1715/59908.sdf,16,16,P,7,C C C,6.9809,3.0774,5.0698,35.0918,63.0228,11.4039,22.1659,9.9534,3.7649,0.9053,21.3443
1716,.stericx/kraken_dft_cache/1716/59924.sdf,15,15,P,7,C C C,6.9658,2.5019,6.7816,35.5075,63.7695,11.3024,21.3148,8.7738,5.5366,0.9000,22.0442
1717,.stericx/kraken_dft_cache/1717/59939.sdf,27,27,P,2,C C C,4.8289,2.4331,5.0825,29.7049,53.3483,10.6367,15.9682,4.8540,2.5177,0.9190,19.6701
1718,.stericx/kraken_dft_cache/1718/59966.sdf,22,22,P,3,C C C,4.8650,2.8266,5.7168,34.8399,62.5706,11.3820,20.9059,8.0378,6.1776,0.9293,17.9141
1719,.stericx/kraken_dft_cache/1719/59988.sdf,32,32,P,3,C C C,5.1041,2.9075,5.1197,32.0424,57.5464,11.1682,18.7566,6.7644,2.4827,0.9201,19.5171
172,.stericx/kraken_dft_cache/172/34746.sdf,43,43,P,30,C C C,10.3868,5.8364,9.8009,34.2163,61.4505,10.2572,21.2956,10.7278,3.7998,0.9454,15.9714
1720,.stericx/kraken_dft_cache/1720/60020.sdf,36,36,P,9,C C C,9.6399,3.2010,5.0811,30.4084,54.6119,11.1942,15.5726,4.2787,3.1588,0.9152,20.1847
1721,.stericx/kraken_dft_cache/1721/60056.sdf,27,27,P,3,C C C,9.9583,3.1646,5.0803,30.5366,54.8419,11.2708,15.5917,4.1258,3.1704,0.9194,19.6331
1722,.stericx/kraken_dft_cache/1722/60083.sdf,32,32,P,3,C C C,5.3881,2.8738,5.2040,33.3368,59.8710,11.3707,19.6850,7.4234,4.0912,0.9236,18.9637
1723,.stericx/kraken_dft_cache/1723/60115.sdf,42,42,P,4,C C C,5.7488,2.7396,5.2878,31.3341,56.2742,11.1020,17.6654,6.0219,2.3895,0.9229,19.1484
1724,.stericx/kraken_dft_cache/1724/60157.sdf,15,15,P,11,C C C,7.1955,3.1827,5.9159,38.3455,68.8663,12.5534,25.5039,12.5371,3.7882,0.8692,25.4819
1725,.stericx/kraken_dft_cache/1725/60172.sdf,31,31,P,3,C C C,6.0741,3.1497,6.8077,35.6899,64.0970,11.1792,24.0683,12.0879,2.5060,0.9220,19.2503
1726,.stericx/kraken_dft_cache/1726/60203.sdf,22,22,P,3,C C C,4.7579,2.4616,5.0651,29.7384,53.4085,10.7823,16.1800,4.9458,2.6692,0.9033,21.4934
1727,.stericx/kraken_dft_cache/1727/60225.sdf,20,20,P,3,C C C,11.1943,4.6373,7.1191,30.2651,54.3545,11.1098,15.6277,4.3622,3.2054,0.9132,20.3784
1728,.stericx/kraken_dft_cache/1728/60245.sdf,33,33,P,3,C C C,6.1146,3.2207,6.0885,35.2131,63.2408,11.3253,22.8315,10.7863,2.5060,0.9260,18.7412
1729,.stericx/kraken_dft_cache/1729/60278.sdf,46,46,P,7,C C C,4.8523,2.8737,6.7810,33.1841,59.5967,11.6894,19.1198,6.6913,2.3428,0.9291,18.1752
173,.stericx/kraken_dft_cache/173/34789.sdf,34,34,P,30,C C C,10.3843,6.0923,9.7844,34.6520,62.2330,10.3439,20.6793,9.7488,3.2637,0.9500,15.2373
1730,.stericx/kraken_dft_cache/1730/60324.sdf,32,32,P,3,C C C,9.5067,2.5253,5.6968,27.9997,50.2858,10.0113,15.7220,5.4433,3.5317,0.9203,19.5074
1731,.stericx/kraken_dft_cache/1731/60356.sdf,22,22,P,4,C C C,7.2147,2.5261,5.0746,28.1327,50.5247,10.0543,15.8420,5.5540,3.7066,0.9221,19.3297
1732,.stericx/kraken_dft_cache/1732/60378.sdf,23,23,P,3,C C C,5.2461,2.4096,5.0679,31.7331,56.9908,11.0447,17.4433,5.5457,2.9023,0.8884,23.1342
1733,.stericx/kraken_dft_cache/1733/60401.sdf,40,40,P,3,C C C,11.1556,3.3396,8.5810,30.5721,54.9058,11.2348,15.8882,4.3066,2.9723,0.9217,19.3527
1734,.stericx/kraken_dft_cache/1734/60441.sdf,32,32,P,3,C C C,5.6318,3.0774,6.0979,34.7072,62.3322,11.6086,21.8410,9.3291,3.9630,0.9259,18.7052
1735,.stericx/kraken_dft_cache/1735/60473.sdf,38,38,P,3,C C C,5.5707,3.1050,5.3596,37.5615,67.4583,11.8421,24.1682,11.0191,4.4526,0.9018,21.3646
1736,.stericx/kraken_dft_cache/1736/60511.sdf,10,10,P,3,C C C,4.5206,1.7145,5.0706,27.8836,50.0773,9.7304,15.9698,5.9772,3.6483,0.9295,17.9956
1737,.stericx/kraken_dft_cache/1737/60521.sdf,56,56,P,7,C C C,7.6408,2.6939,6.1516,28.4924,51.1707,10.3421,15.5629,5.0387,2.5760,0.9254,18.8680
1738,.stericx/kraken_dft_cache/1738/60577.sdf,23,23,P,3,C C C,6.4155,3.1102,5.0664,35.7615,64.2256,11.5292,22.7529,10.4888,3.6483,0.9173,19.5097
1739,.stericx/kraken_dft_cache/1739/60600.sdf,7,7,P,5,C C C,6.8999,2.4532,6.7852,28.2043,50.6533,11.3745,13.9571,1.4670,1.2355,0.9354,17.6072
174,.stericx/kraken_dft_cache/174/34823.sdf,29,29,P,30,C C C,10.4942,5.3996,9.9070,30.2579,54.3415,11.3163,15.7070,4.0948,2.7042,0.9187,19.6381
1740,.stericx/kraken_dft_cache/1740/60607.sdf,6,6,P,4,N C C,7.3104,2.2490,5.5337,26.8226,48.1720,10.2436,14.7175,4.3088,3.1704,0.9149,19.9558
1741,.stericx/kraken_dft_cache/1741/60613.sdf,3,3,P,4,C C C,4.4400,2.4747,4.2768,29.0628,52.1952,11.5510,15.5607,3.5317,3.1121,0.9495,15.3615
1742,.stericx/kraken_dft_cache/1742/60616.sdf,13,13,P,7,C C C,9.4762,2.8193,6.8158,32.0153,57.4977,9.8842,18.8037,8.3779,6.0378,0.9150,20.3155
1743,.stericx/kraken_dft_cache/1743/60629.sdf,10,10,P,5,C C C,7.7106,2.7657,7.0131,33.8512,60.7949,11.2701,19.0341,7.6405,6.5739,0.9068,21.3351
1744,.stericx/kraken_dft_cache/1744/60639.sdf,41,41,P,2,C C C,4.7288,2.0655,4.4807,24.5197,44.0361,9.7080,12.8931,2.9964,1.2938,0.9497,15.0919
1745,.stericx/kraken_dft_cache/1745/60680.sdf,38,38,P,2,C C C,7.6089,2.3367,4.3028,25.3378,45.5053,9.6894,14.2586,4.2609,1.4220,0.9503,15.0955
1746,.stericx/kraken_dft_cache/1746/60718.sdf,9,9,P,6,C C C,9.4969,2.4091,9.0054,26.6824,47.9201,9.7521,14.6372,4.0381,3.9630,0.9343,17.7538
1747,.stericx/kraken_dft_cache/1747/60727.sdf,21,21,P,6,C C C,9.0620,2.8302,8.8030,30.0512,53.9702,10.9027,16.2506,5.2441,4.7323,0.9239,19.1222
1748,.stericx/kraken_dft_cache/1748/60748.sdf,5,5,P,5,C C C,9.4910,2.4977,7.3721,26.6070,47.7846,9.7560,14.5885,3.9583,3.9514,0.9374,17.3061
1749,.stericx/kraken_dft_cache/1749/60753.sdf,22,22,P,4,C Si Si,5.3241,2.9010,5.6854,32.4138,58.2134,11.9653,17.9072,5.5784,2.2263,0.9091,20.7845
175,.stericx/kraken_dft_cache/175/34852.sdf,34,34,P,6,C C C,9.0493,2.9216,6.1419,31.2483,56.1202,11.1931,16.5298,4.9928,2.0514,0.9227,19.2330
1750,.stericx/kraken_dft_cache/1750/60775.sdf,31,31,P,2,C C C,4.7815,2.4052,6.7292,27.7673,49.8685,9.8767,16.5255,6.3074,3.6600,0.9425,16.4593
1751,.stericx/kraken_dft_cache/1751/60806.sdf,21,21,P,2,C C C,7.5225,2.5362,4.9277,29.8673,53.6400,10.2772,18.0356,7.3527,3.9280,0.9330,17.8389
1752,.stericx/kraken_dft_cache/1752/60827.sdf,15,15,P,2,C C Si,4.8136,2.3142,5.6526,27.6852,49.7210,10.1888,14.9390,4.2839,3.0538,0.9266,18.5211
1753,.stericx/kraken_dft_cache/1753/60842.sdf,21,21,P,2,C C C,4.9211,1.9738,4.9501,25.7084,46.1707,9.7382,13.8700,3.9969,1.0374,0.9402,16.7897
1754,.stericx/kraken_dft_cache/1754/60863.sdf,15,15,P,6,C C C,9.2846,2.3545,4.9960,26.6044,47.7799,9.9068,14.0205,3.7019,2.1680,0.9371,17.2332
1755,.stericx/kraken_dft_cache/1755/60878.sdf,23,23,P,4,C C C,7.3671,2.3963,5.0002,24.3826,43.7898,9.7074,12.6664,2.9515,1.0024,0.9395,16.9302
1756,.stericx/kraken_dft_cache/1756/60901.sdf,24,24,P,7,N C C,6.3537,3.0912,5.5177,36.0887,64.8132,12.8113,19.2502,6.0635,4.2777,0.9185,19.6043
1757,.stericx/kraken_dft_cache/1757/60925.sdf,19,19,P,5,N N C,6.2098,2.9687,7.8817,32.1631,57.7631,11.7301,18.3249,6.5200,3.0422,0.9190,18.9881
1758,.stericx/kraken_dft_cache/1758/60944.sdf,1,1,P,7,C C C,9.4422,2.5509,7.3946,31.3214,56.2515,9.9075,20.7942,10.1756,10.1756,0.9324,17.8665
1759,.stericx/kraken_dft_cache/1759/60945.sdf,3,3,P,5,C C C,9.4920,2.4446,7.8916,26.5663,47.7116,9.7677,14.5466,3.9164,3.9047,0.9350,17.6517
176,.stericx/kraken_dft_cache/176/34886.sdf,40,40,P,35,C C C,10.1830,5.8588,9.9610,33.0648,59.3825,12.1545,18.4076,5.3066,1.3521,0.9296,18.2525
1760,.stericx/kraken_dft_cache/1760/60948.sdf,3,3,P,8,C C C,9.4875,2.6023,8.2777,25.9757,46.6509,9.7793,14.5466,4.1845,3.8115,0.9399,16.9378
1761,.stericx/kraken_dft_cache/1761/60951.sdf,13,13,P,8,C C C,9.4790,2.8528,6.8499,32.5635,58.4822,9.8412,21.1322,10.8032,5.1636,0.9315,18.1094
1762,.stericx/kraken_dft_cache/1762/60964.sdf,6,6,P,6,C C C,9.4100,2.8736,7.8851,36.4486,65.4596,10.3543,25.3905,14.3640,14.3135,0.8830,23.8616
1763,.stericx/kraken_dft_cache/1763/60970.sdf,23,23,P,10,C C C,9.4510,3.0352,6.8527,35.1461,63.1204,10.2293,24.9077,13.5518,10.5486,0.9172,19.8646
1764,.stericx/kraken_dft_cache/1764/60993.sdf,46,46,P,5,O O O,6.4107,3.1121,7.3831,38.0541,68.3430,11.5890,23.6227,11.1600,2.4128,0.9688,11.7250
1765,.stericx/kraken_dft_cache/1765/61039.sdf,24,24,P,2,C C C,4.9145,1.9382,7.0657,27.6528,49.6630,9.9274,17.5451,7.3457,1.2122,0.9407,16.6260
1766,.stericx/kraken_dft_cache/1766/61063.sdf,35,35,P,7,N C C,5.9357,3.0274,5.5007,35.7017,64.1182,12.7053,19.5333,6.3128,4.4176,0.9245,18.8664
1767,.stericx/kraken_dft_cache/1767/61098.sdf,21,21,P,7,N C C,5.9325,3.0766,5.5159,36.1136,64.8580,12.7988,19.2012,6.0933,4.3593,0.9252,18.7526
1768,.stericx/kraken_dft_cache/1768/61119.sdf,21,21,P,7,N C C,7.0688,3.4784,5.7136,40.2589,72.3028,13.7562,22.9855,8.3684,5.4899,0.9319,17.8966
1769,.stericx/kraken_dft_cache/1769/61140.sdf,35,35,P,5,N C C,5.4283,3.2487,5.4976,39.5922,71.1054,13.4156,22.9032,8.1408,3.1588,0.9160,19.8868
177,.stericx/kraken_dft_cache/177/34926.sdf,33,33,P,5,C C C,7.0552,3.8066,6.3977,42.0325,75.4880,13.1627,27.5302,13.6883,6.7721,0.8736,25.0222
1770,.stericx/kraken_dft_cache/1770/61175.sdf,44,44,P,5,N N C,5.4927,3.2606,5.7866,38.3667,68.9045,13.2308,21.7277,7.5663,4.1262,0.9214,18.7249
1771,.stericx/kraken_dft_cache/1771/61219.sdf,42,42,P,3,C C C,5.4507,2.6930,5.6500,33.8433,60.7806,10.9754,20.2760,8.5005,3.9280,0.9453,15.8611
1772,.stericx/kraken_dft_cache/1772/61261.sdf,36,36,P,4,C C C,5.4089,3.3421,5.5148,39.0791,70.1839,12.7966,22.3389,8.4437,5.5133,0.9455,15.8152
1773,.stericx/kraken_dft_cache/1773/61297.sdf,22,22,P,2,N O N,5.0404,2.3206,5.8708,29.1147,52.2884,10.3881,16.0725,5.3045,3.4968,0.9339,16.8754
1774,.stericx/kraken_dft_cache/1774/61319.sdf,59,59,P,5,C C C,6.3140,3.1682,6.7604,40.7312,73.1510,12.3229,25.3271,11.9199,1.3171,0.9545,14.5410
1775,.stericx/kraken_dft_cache/1775/61378.sdf,27,27,P,6,C C C,7.7502,3.5160,8.0996,22.7768,40.9058,9.9015,10.5883,0.6130,0.5945,0.9697,11.8471
1776,.stericx/kraken_dft_cache/1776/61405.sdf,38,38,P,12,C C C,6.9897,3.5231,8.5596,40.0781,71.9781,11.4173,25.5927,12.8470,2.7391,0.9316,17.5375
1777,.stericx/kraken_dft_cache/1777/61443.sdf,13,13,P,6,C C C,5.8040,3.7175,6.3092,39.8939,71.6471,15.8036,21.2855,4.7099,2.1330,0.9586,12.1777
1778,.stericx/kraken_dft_cache/1778/61456.sdf,44,44,P,3,O O N,5.1515,2.9215,6.5267,39.6777,71.2590,10.6956,31.1679,18.9854,12.8914,0.9438,15.8892
1779,.stericx/kraken_dft_cache/1779/61500.sdf,21,21,P,7,N N C,5.6496,4.1505,7.2650,47.9677,86.1472,15.6106,27.2737,11.0948,5.2335,0.8731,24.9186
178,.stericx/kraken_dft_cache/178/34959.sdf,39,39,P,27,C C C,10.0164,4.9113,9.4427,30.7727,55.2661,11.3212,16.6970,5.1184,1.9932,0.9275,18.5409
1780,.stericx/kraken_dft_cache/1780/61521.sdf,9,9,P,6,N N N,4.6954,2.6445,6.0620,31.3099,56.2307,11.3399,17.7066,6.3227,4.6274,0.9281,18.0690
1781,.stericx/kraken_dft_cache/1781/61530.sdf,9,9,P,2,C C C,4.4171,1.8961,4.7502,26.0399,46.7661,9.8039,13.9508,4.0601,0.9092,0.9487,14.9562
1782,.stericx/kraken_dft_cache/1782/61539.sdf,2,2,P,3,C C C,6.0980,2.2272,7.3941,31.1007,55.8552,9.8959,20.7242,10.0707,10.0707,0.9326,17.8270
1783,.stericx/kraken_dft_cache/1783/61541.sdf,3,3,P,4,C C C,7.1059,2.7383,7.3739,31.4750,56.5273,9.8920,21.0078,10.4476,10.3505,0.9272,18.5616
1784,.stericx/kraken_dft_cache/1784/61544.sdf,44,44,P,3,N N C,5.4148,3.0657,5.7848,34.4094,61.7973,11.3341,19.8278,7.7729,4.0796,0.9269,18.1404
1785,.stericx/kraken_dft_cache/1785/61588.sdf,39,39,P,3,C C C,7.9241,3.0629,5.6324,36.3874,65.3496,10.7303,26.1024,14.7244,4.3127,0.8995,21.9744
1786,.stericx/kraken_dft_cache/1786/61627.sdf,33,33,P,2,N C C,5.2775,2.9043,4.9179,29.9899,53.8602,10.0446,19.8776,9.3929,2.7974,0.9218,19.1149
1787,.stericx/kraken_dft_cache/1787/61660.sdf,56,56,P,4,O O N,5.7418,2.6598,6.0598,32.6426,58.6243,10.4718,19.9220,8.7338,3.3569,0.9467,15.1479
1788,.stericx/kraken_dft_cache/1788/61716.sdf,41,41,P,5,O N N,5.7467,3.8003,5.7989,39.2739,70.5337,13.3105,22.8331,8.2115,4.7906,0.9447,15.4845
1789,.stericx/kraken_dft_cache/1789/61757.sdf,51,51,P,5,O N N,5.4466,3.2626,6.9136,37.3553,67.0880,12.0728,23.2908,10.2003,3.1354,0.9409,16.0084
179,.stericx/kraken_dft_cache/179/34998.sdf,21,21,P,7,C C C,6.9675,2.5222,6.8048,37.8363,67.9518,11.3040,22.5459,9.5245,5.3967,0.9085,20.9422
1790,.stericx/kraken_dft_cache/1790/61808.sdf,41,41,P,5,N O O,5.3629,3.0487,6.0332,33.8108,60.7222,10.3746,20.2799,8.8437,4.5458,0.9568,13.5794
1791,.stericx/kraken_dft_cache/1791/61849.sdf,8,8,P,3,N N N,6.0470,2.5981,6.1164,27.1133,48.6940,10.7599,13.6403,1.8926,1.2472,0.9586,13.9166
1792,.stericx/kraken_dft_cache/1792/61857.sdf,29,29,P,3,N N C,4.6230,2.3516,5.4344,29.7087,53.3552,10.3533,16.9988,5.9763,3.4152,0.9587,13.5320
1793,.stericx/kraken_dft_cache/1793/61886.sdf,38,38,P,4,C C C,7.3238,2.6625,5.8445,27.8037,49.9339,9.8118,16.8376,6.8880,0.9791,0.9403,16.7716
1794,.stericx/kraken_dft_cache/1794/61924.sdf,8,8,P,3,N N N,4.6273,2.0817,4.8848,28.0220,50.3259,10.5384,15.3610,4.1029,1.1772,0.9533,14.5721
1796,.stericx/kraken_dft_cache/1796/61932.sdf,4,4,P,6,C Si Si,7.9151,3.5130,5.7056,42.7619,76.7979,13.7190,28.8717,15.1527,15.1527,0.7865,33.5862
1797,.stericx/kraken_dft_cache/1797/61936.sdf,9,9,P,7,C C C,8.0559,3.7959,7.7286,50.6908,91.0379,20.6025,25.6806,3.4657,3.4618,0.8117,31.4622
1798,.stericx/kraken_dft_cache/1798/61945.sdf,42,42,P,9,C C C,7.1045,3.0782,8.6353,36.2003,65.0137,10.5863,22.7290,11.2246,0.8858,0.9485,15.1456
1799,.stericx/kraken_dft_cache/1799/61987.sdf,55,55,P,6,C C C,6.7781,3.2537,7.6024,39.3590,70.6866,11.4448,24.6495,11.8000,1.3288,0.9553,14.4189
18,.stericx/kraken_dft_cache/18/31927.sdf,2,2,P,5,C C C,7.9042,2.4696,7.8711,28.2094,50.6624,11.4986,13.8531,1.2822,1.2588,0.9323,18.0456
180,.stericx/kraken_dft_cache/180/35019.sdf,32,32,P,6,C C C,7.8704,3.6882,7.8793,37.6032,67.5333,11.3117,25.6193,13.9299,2.0048,0.8939,22.7178
1800,.stericx/kraken_dft_cache/1800/62042.sdf,3,3,P,2,C C C,5.2236,2.0443,7.8821,36.2604,65.1216,10.3932,25.1379,14.1425,14.1386,0.8854,23.5454
1801,.stericx/kraken_dft_cache/1801/62045.sdf,27,27,P,6,C C C,6.6259,3.7905,7.5954,47.9818,86.1726,14.1119,28.3705,12.5150,9.5345,0.8911,23.1800
1802,.stericx/kraken_dft_cache/1802/62072.sdf,34,34,P,4,C C C,5.6340,3.1348,5.8650,36.0285,64.7051,11.4159,20.8600,8.5674,2.4361,0.9598,13.3711
1803,.stericx/kraken_dft_cache/1803/62106.sdf,4,4,P,7,C C C,6.2359,2.4088,7.0492,30.3592,54.5235,11.1489,17.9064,6.4982,4.4875,0.9143,20.3677
1804,.stericx/kraken_dft_cache/1804/62110.sdf,2,2,P,3,C C C,6.2381,2.3816,6.1749,27.8784,50.0680,11.3587,13.6607,1.2705,1.2588,0.9356,17.5794
1805,.stericx/kraken_dft_cache/1805/62112.sdf,10,10,P,6,N N N,6.3838,3.3421,7.0027,31.6407,56.8249,11.4426,19.0866,7.3665,1.4686,0.9525,14.9336
1806,.stericx/kraken_dft_cache/1806/62122.sdf,29,29,P,7,C C C,7.8207,2.8993,8.3128,25.1157,45.1064,10.0916,12.5623,2.1600,0.9325,0.9572,14.1353
1807,.stericx/kraken_dft_cache/1807/62151.sdf,34,34,P,10,C C C,5.8099,3.4708,6.3144,46.5093,83.5280,16.1400,25.5652,8.8434,2.1447,0.9535,14.5121
1808,.stericx/kraken_dft_cache/1808/62185.sdf,4,4,P,5,C C C,7.1923,4.5614,7.5842,49.5067,88.9113,19.7276,24.7688,3.5230,3.4968,0.7261,38.9935
1809,.stericx/kraken_dft_cache/1809/62189.sdf,34,34,P,10,C C C,6.2626,3.7184,7.8292,63.4771,114.0014,18.0766,37.5615,17.3258,2.0748,0.9328,17.8761
181,.stericx/kraken_dft_cache/181/35051.sdf,29,29,P,3,C C C,7.9399,3.5985,8.5705,28.7305,51.5983,11.0703,14.8191,3.3038,2.3079,0.9291,18.4180
1810,.stericx/kraken_dft_cache/1810/62223.sdf,26,26,P,9,C C C,7.2133,3.6508,7.8500,35.4127,63.5992,12.0518,19.0494,6.7976,2.7625,0.9303,18.2583
1811,.stericx/kraken_dft_cache/1811/62249.sdf,46,46,P,5,C C C,5.8565,3.1438,6.6340,46.6226,83.7315,12.5914,28.9315,15.2452,1.4104,0.9564,14.1779
1812,.stericx/kraken_dft_cache/1812/62295.sdf,2,2,P,14,C C C,8.3079,2.9058,8.2335,36.5752,65.6869,11.5627,21.3711,9.8085,9.7910,0.9145,20.3095
1813,.stericx/kraken_dft_cache/1813/62297.sdf,28,28,P,6,C C C,9.0332,3.5292,8.9248,36.4034,65.3785,12.6521,19.7430,5.9016,3.0888,0.9326,17.9363
1814,.stericx/kraken_dft_cache/1814/62325.sdf,33,33,P,4,N N N,5.0377,2.9696,5.7365,33.6492,60.4320,11.3981,18.6604,6.8441,3.7415,0.9144,19.3284
1815,.stericx/kraken_dft_cache/1815/62358.sdf,80,80,P,5,S S S,5.6332,3.0497,7.2342,38.9995,70.0410,11.3196,24.9861,12.6261,2.3195,0.9152,19.8138
1816,.stericx/kraken_dft_cache/1816/62438.sdf,39,39,P,3,O O O,5.5615,2.1421,6.6637,29.8520,53.6124,9.5459,19.2535,9.1054,1.7134,0.9592,13.4764
1817,.stericx/kraken_dft_cache/1817/62477.sdf,22,22,P,7,C C C,7.3969,3.6909,8.3352,42.2815,75.9351,13.7211,24.9092,10.6646,3.0072,0.9280,18.5224
1818,.stericx/kraken_dft_cache/1818/62499.sdf,23,23,P,17,Si Si Si,7.2514,5.2433,8.2175,57.7961,103.7985,21.8939,32.1262,9.3354,2.7858,0.7281,38.6160
1819,.stericx/kraken_dft_cache/1819/62522.sdf,33,33,P,9,C C C,6.9504,3.4633,7.0766,37.1405,66.7022,12.1543,21.0859,8.1613,2.1797,0.9253,18.9495
182,.stericx/kraken_dft_cache/182/35080.sdf,31,31,P,7,C C C,7.9103,3.4657,8.4732,30.6787,55.0971,10.9419,18.5329,7.2263,3.6600,0.9412,16.6615
1820,.stericx/kraken_dft_cache/1820/62555.sdf,18,18,P,5,C C C,7.6307,2.7007,7.5372,28.5314,51.2407,11.0641,14.2021,2.1486,1.5153,0.9402,16.8428
1821,.stericx/kraken_dft_cache/1821/62573.sdf,12,12,P,5,C C C,7.3521,2.9057,7.4799,28.6096,51.3812,11.2013,14.4388,2.0136,1.5153,0.9454,16.0753
1822,.stericx/kraken_dft_cache/1822/62585.sdf,4,4,P,6,C C C,6.4165,3.0449,6.5287,35.3956,63.5685,13.1042,18.0550,4.9071,3.2753,0.9282,18.5994
1823,.stericx/kraken_dft_cache/1823/62589.sdf,9,9,P,6,C C C,6.1012,2.9329,6.2333,33.3038,59.8117,11.4591,18.6300,7.0052,3.3919,0.9161,20.1642
1824,.stericx/kraken_dft_cache/1824/62598.sdf,28,28,P,5,O O O,5.0970,2.9420,5.9858,40.1797,72.1605,12.8157,24.1015,10.4887,4.3477,0.9742,10.5717
1825,.stericx/kraken_dft_cache/1825/62626.sdf,32,32,P,8,C C C,8.9629,2.8144,8.8850,28.1601,50.5739,10.9074,14.0141,2.2365,1.5036,0.9388,17.0445
1826,.stericx/kraken_dft_cache/1826/62658.sdf,17,17,P,4,C C C,8.5116,3.3107,8.5278,36.7597,66.0184,11.1472,22.1092,9.9973,2.8790,0.9363,17.4432
1827,.stericx/kraken_dft_cache/1827/62675.sdf,4,4,P,3,C C C,8.5197,2.9825,8.5330,30.7730,55.2665,10.6156,15.7267,5.0062,2.0165,0.9435,16.3789
1828,.stericx/kraken_dft_cache/1828/62679.sdf,7,7,P,8,C C C,6.9669,3.0701,6.8190,38.9195,69.8972,14.6248,19.8300,4.4809,2.8907,0.9130,20.5796
1829,.stericx/kraken_dft_cache/1829/62686.sdf,27,27,P,8,C C C,9.4621,2.7393,9.9770,28.5405,51.2571,10.4821,15.1544,4.1577,1.8183,0.9446,16.1261
183,.stericx/kraken_dft_cache/183/35111.sdf,38,38,P,30,C C C,10.2381,5.6910,11.9717,28.8225,51.7636,10.7826,15.2729,4.2406,2.7158,0.9379,17.1415
1830,.stericx/kraken_dft_cache/1830/62713.sdf,7,7,P,6,C C C,6.0257,2.4375,6.1338,30.8096,55.3323,10.3122,16.0835,5.7147,2.0281,0.9362,17.4674
1831,.stericx/kraken_dft_cache/1831/62720.sdf,12,12,P,3,C C C,4.7592,2.7707,5.0974,27.3375,49.0967,10.6195,14.5951,3.4948,0.7460,0.9365,17.4093
1832,.stericx/kraken_dft_cache/1832/62732.sdf,8,8,P,6,C C C,9.2682,2.7715,9.3873,28.2297,50.6989,11.4767,13.9172,1.3594,1.2588,0.9330,17.9529
1833,.stericx/kraken_dft_cache/1833/62740.sdf,27,27,P,6,C C C,9.3037,2.7108,9.2956,28.2996,50.8245,11.2808,14.2293,2.2064,1.9465,0.9321,18.0695
1834,.stericx/kraken_dft_cache/1834/62767.sdf,27,27,P,8,O O O,7.6676,2.1293,8.7852,30.0025,53.8827,9.5134,16.9205,6.6823,2.2729,0.9649,12.2329
1835,.stericx/kraken_dft_cache/1835/62794.sdf,2,2,P,6,C C C,6.4793,2.7514,6.5919,22.6895,40.7491,9.7560,10.6185,0.8625,0.8625,0.9410,16.7814
1836,.stericx/kraken_dft_cache/1836/62796.sdf,35,35,P,5,C C C,6.2963,3.4251,7.2880,48.0077,86.2191,13.2311,29.6590,15.6479,1.2938,0.9507,15.1235
1837,.stericx/kraken_dft_cache/1837/62831.sdf,49,49,P,13,C C C,6.8963,3.8605,7.8526,52.1894,93.7293,17.6394,29.7759,11.1397,1.8183,0.9723,11.0459
1838,.stericx/kraken_dft_cache/1838/62880.sdf,38,38,P,6,C C C,7.1224,2.8266,7.8283,34.3098,61.6184,10.0750,22.4864,11.6535,0.8858,0.9515,14.6418
1839,.stericx/kraken_dft_cache/1839/62918.sdf,63,63,P,7,N N N,6.4980,3.4574,6.9356,40.8134,73.2985,13.1558,23.9762,9.6008,3.8698,0.9165,19.2375
184,.stericx/kraken_dft_cache/184/35149.sdf,38,38,P,20,C C C,9.4241,4.3163,10.1979,29.3349,52.6838,11.0216,16.0112,4.7706,1.8766,0.9392,16.9149
1840,.stericx/kraken_dft_cache/1840/62981.sdf,34,34,P,5,C C C,6.6274,2.4166,6.8647,24.4957,43.9929,10.1108,12.0467,1.3764,0.8975,0.9735,10.8645
1841,.stericx/kraken_dft_cache/1841/63015.sdf,32,32,P,8,O O O,7.1859,2.8350,7.8579,30.7144,55.1613,9.5615,18.2961,7.8674,2.2263,0.9574,13.4724
1842,.stericx/kraken_dft_cache/1842/63047.sdf,43,43,P,4,S S S,4.9564,2.8996,6.3137,43.4007,77.9453,12.4729,26.9894,13.5932,2.0748,0.9286,18.0383
1843,.stericx/kraken_dft_cache/1843/63090.sdf,48,48,P,7,C C C,7.3207,3.0523,8.5108,35.3977,63.5723,10.1933,22.8031,11.6880,0.9441,0.9531,14.4768
185,.stericx/kraken_dft_cache/185/35187.sdf,35,35,P,2,C C C,9.0548,3.1509,9.0551,28.7480,51.6297,10.6582,15.0568,4.0543,2.3662,0.9289,18.4964
186,.stericx/kraken_dft_cache/186/35222.sdf,39,39,P,30,C C C,8.1193,4.3528,11.8394,27.7660,49.8661,10.7988,14.3502,2.9890,1.4337,0.9423,16.5219
187,.stericx/kraken_dft_cache/187/35261.sdf,25,25,P,7,C C C,7.8826,3.5612,8.3652,27.8466,50.0109,11.3310,13.7950,1.5232,1.4570,0.9413,16.7312
188,.stericx/kraken_dft_cache/188/35286.sdf,55,55,P,4,C C C,6.9771,3.0549,7.0572,36.5564,65.6533,10.8970,22.9015,11.3891,3.9164,0.9437,16.2462
189,.stericx/kraken_dft_cache/189/35341.sdf,40,40,P,4,C C C,6.9779,3.1250,7.5220,36.4692,65.4966,10.9496,23.1536,11.4298,4.5225,0.9461,15.8669
19,.stericx/kraken_dft_cache/19/31929.sdf,16,16,P,5,C C C,6.9629,2.1931,6.9486,28.6187,51.3975,10.1232,16.8086,6.6424,5.1403,0.9368,17.3064
190,.stericx/kraken_dft_cache/190/35381.sdf,27,27,P,4,C C C,6.9676,2.2071,7.2226,30.7332,55.1951,10.3164,18.8843,7.9109,3.2403,0.9346,17.6226
1900,.stericx/kraken_dft_cache/1900/63138.sdf,10,10,P,25,C C C,7.5920,4.6778,9.7066,62.5909,112.4097,15.2681,40.3761,21.2651,12.7982,0.8490,27.4491
1901,.stericx/kraken_dft_cache/1901/63148.sdf,41,41,P,22,C C C,8.6518,4.5747,7.9680,40.3910,72.5399,12.5981,26.3472,13.2505,4.7090,0.9074,21.0830
1902,.stericx/kraken_dft_cache/1902/63189.sdf,20,20,P,11,C C C,8.1003,4.1533,8.1743,55.7869,100.1902,14.7570,34.0813,17.4104,2.3545,0.8931,22.5883
1903,.stericx/kraken_dft_cache/1903/63209.sdf,17,17,P,4,C C C,5.6652,2.5999,6.9926,40.1724,72.1474,9.7265,30.3273,17.3255,5.9911,0.9193,18.7261
1904,.stericx/kraken_dft_cache/1904/63226.sdf,21,21,P,20,C C C,6.8856,2.3476,6.9950,40.7723,73.2247,9.5795,31.5442,19.1551,5.8862,0.9306,17.1162
1905,.stericx/kraken_dft_cache/1905/63247.sdf,2,2,P,23,N N N,6.4322,2.2199,6.5316,30.6659,55.0742,11.8133,15.6364,3.8231,0.0233,0.4180,25.2259
1908,.stericx/kraken_dft_cache/1908/63297.sdf,20,20,P,0,C C C,7.6104,5.4051,7.2373,61.6709,110.7574,15.2151,41.5702,22.8386,9.4529,0.8953,22.5260
191,.stericx/kraken_dft_cache/191/35408.sdf,40,40,P,9,O O O,7.9555,4.1246,8.6625,36.9341,66.3315,10.4947,22.8106,11.0591,2.8674,0.9730,10.5625
192,.stericx/kraken_dft_cache/192/35448.sdf,6,6,P,8,C C C,6.9522,2.9131,7.4891,40.7818,73.2419,12.2154,25.9927,11.6812,10.4320,0.8349,28.8483
193,.stericx/kraken_dft_cache/193/35454.sdf,3,3,P,8,C C C,7.1649,3.9384,7.5057,48.6738,87.4155,19.6985,24.3298,3.0888,3.0772,0.7125,40.1126
194,.stericx/kraken_dft_cache/194/35457.sdf,3,3,P,6,C C C,6.9513,3.0102,7.8131,40.6542,73.0127,12.0755,24.4347,9.5462,9.5462,0.8406,28.4611
195,.stericx/kraken_dft_cache/195/35460.sdf,4,4,P,6,C C C,7.0010,3.2192,7.4134,37.8716,68.0152,13.5325,19.6402,5.6036,2.7858,0.9033,21.7717
196,.stericx/kraken_dft_cache/196/35464.sdf,8,8,P,5,C C C,7.8956,2.9279,7.8559,37.7791,67.8491,13.6957,20.1749,5.9955,2.9606,0.8988,22.2165
197,.stericx/kraken_dft_cache/197/35472.sdf,10,10,P,5,C C C,7.8972,2.8569,7.8854,28.1685,50.5890,11.4566,13.8647,1.3393,1.2588,0.9335,17.8716
198,.stericx/kraken_dft_cache/198/35482.sdf,7,7,P,7,C C C,6.9495,3.0408,7.2274,36.9956,66.4421,12.7349,20.2480,7.2233,2.9023,0.8922,22.9991
199,.stericx/kraken_dft_cache/199/35489.sdf,2,2,P,7,C C C,7.0601,3.1593,7.4203,28.2029,50.6508,11.5160,13.8356,1.3055,1.2822,0.9338,17.8286
2,.stericx/kraken_dft_cache/2/31706.sdf,28,28,P,18,C C C,6.9852,4.2676,7.2084,57.1410,102.6220,13.6283,39.5664,22.5430,2.3079,0.9225,19.0184
20,.stericx/kraken_dft_cache/20/31945.sdf,47,47,P,4,C C C,6.3274,2.9214,6.4402,34.4934,61.9482,10.8725,21.0583,9.2474,1.2588,0.9514,15.0228
200,.stericx/kraken_dft_cache/200/35491.sdf,6,6,P,6,C C C,7.8882,3.0603,7.8207,36.9170,66.3008,12.9381,20.1822,6.9469,2.8557,0.8939,22.7943
201,.stericx/kraken_dft_cache/201/35497.sdf,10,10,P,4,C C C,7.8954,3.4315,7.8676,37.8557,67.9866,13.9416,19.6472,5.1752,2.8324,0.9031,21.7025
202,.stericx/kraken_dft_cache/202/35507.sdf,8,8,P,6,C C C,7.3100,2.6828,7.8076,32.9845,59.2383,11.3106,18.3974,6.7896,2.7508,0.8997,22.1615
203,.stericx/kraken_dft_cache/203/35515.sdf,3,3,P,0,C C C,6.9570,2.7412,6.7521,35.5335,63.8161,11.5277,27.3798,15.0594,15.0478,0.8924,23.1144
204,.stericx/kraken_dft_cache/204/35518.sdf,5,5,P,8,C C C,6.9507,3.0336,6.7948,40.7321,73.1525,12.0872,24.4634,9.3853,9.3714,0.8398,28.5143
205,.stericx/kraken_dft_cache/205/35523.sdf,2,2,P,6,C C C,5.6022,2.2707,6.8185,26.9535,48.4070,9.5928,15.8113,4.4234,4.4176,0.9498,14.9159
2059,.stericx/kraken_dft_cache/2059/64827.sdf,4,4,P,12,N O O,4.5729,2.8461,9.4877,28.0001,50.2865,9.9891,15.7850,5.7959,5.7930,0.9294,17.3642
206,.stericx/kraken_dft_cache/206/35525.sdf,5,5,P,14,C C C,7.0014,1.8934,7.0335,32.8790,59.0489,9.6628,16.6563,6.7604,6.7604,0.9392,16.4561
2062,.stericx/kraken_dft_cache/2062/64936.sdf,23,23,P,25,O N O,8.0967,3.9380,9.5233,42.2889,75.9484,10.1797,32.1967,19.9220,7.1218,0.9255,18.2355
2063,.stericx/kraken_dft_cache/2063/64959.sdf,12,12,P,6,N O O,6.0142,2.8289,9.4878,26.2602,47.1618,9.4112,16.2318,6.8041,6.1427,0.9320,17.1131
2064,.stericx/kraken_dft_cache/2064/64971.sdf,13,13,P,10,N O O,6.7412,2.9528,8.6295,28.7668,51.6635,9.5310,19.8115,10.2178,6.5739,0.9349,16.9691
2067,.stericx/kraken_dft_cache/2067/65036.sdf,39,39,P,17,N O O,7.4221,3.7006,9.2655,36.9896,66.4313,10.2097,28.9859,18.0209,9.5229,0.9192,18.8069
207,.stericx/kraken_dft_cache/207/35530.sdf,2,2,P,3,C C C,5.5867,1.7000,6.7637,25.5354,45.8602,9.6045,16.7379,7.0052,7.0052,0.9342,17.0362
208,.stericx/kraken_dft_cache/208/35532.sdf,2,2,P,4,C C C,6.9009,1.8220,6.8966,26.2656,47.1715,9.4413,15.8987,5.0936,5.0936,0.9571,13.6035
209,.stericx/kraken_dft_cache/209/35534.sdf,10,10,P,12,C C C,6.9070,1.7614,6.9013,27.9180,50.1391,9.4133,17.3347,6.2278,3.3569,0.9624,12.5638
21,.stericx/kraken_dft_cache/21/31992.sdf,10,10,P,0,C C C,4.7709,2.1838,5.0659,25.9930,46.6820,9.8737,13.8682,3.6623,1.3171,0.9399,16.8238
210,.stericx/kraken_dft_cache/210/35544.sdf,2,2,P,4,C C C,6.9080,1.7722,6.9010,27.6025,49.5726,9.4529,15.9336,4.4176,4.4176,0.9552,13.9246
211,.stericx/kraken_dft_cache/211/35546.sdf,1,1,P,13,C C C,6.9563,2.7809,6.9564,26.0903,46.8568,10.8400,12.5884,1.7484,1.7484,0.9930,5.5890
212,.stericx/kraken_dft_cache/212/35547.sdf,6,6,P,10,C C C,6.9598,2.7476,7.1270,35.9910,64.6379,11.2441,25.7887,13.8453,3.8814,0.9168,19.9636
213,.stericx/kraken_dft_cache/213/35553.sdf,31,31,P,4,C C C,6.9929,4.1002,7.5348,47.1247,84.6332,13.3957,33.6589,19.2398,4.0446,0.9263,18.7024
214,.stericx/kraken_dft_cache/214/35584.sdf,7,7,P,4,C C C,6.9965,4.2558,7.3540,49.5253,88.9446,15.7039,35.9635,19.2522,14.2785,0.8545,27.0116
215,.stericx/kraken_dft_cache/215/35591.sdf,8,8,P,18,C C C,6.9351,4.0093,7.3933,54.8368,98.4838,14.9953,36.0357,18.8709,6.5506,0.8470,27.7275
216,.stericx/kraken_dft_cache/216/35599.sdf,1,1,P,0,C C C,9.1906,3.4732,5.1151,35.2155,63.2450,13.5442,18.2182,4.6740,4.6740,0.8556,26.9487
217,.stericx/kraken_dft_cache/217/35600.sdf,22,22,P,16,C C C,7.0439,2.0190,9.0580,25.9263,46.5622,9.6786,15.2041,5.2542,2.4128,0.9499,14.9958
218,.stericx/kraken_dft_cache/218/35622.sdf,26,26,P,14,C C C,6.9648,2.1089,7.7078,26.8033,48.1371,9.7560,15.8095,5.7065,2.4477,0.9560,14.0702
219,.stericx/kraken_dft_cache/219/35648.sdf,9,9,P,4,C C C,6.9614,2.4197,6.8268,27.3840,49.1802,10.8957,14.3899,3.2326,2.8440,0.9319,18.0810
22,.stericx/kraken_dft_cache/22/32002.sdf,1,1,P,1,C C C,3.5678,1.7405,3.6892,22.1443,39.7700,9.5928,10.2922,0.6994,0.6994,0.9596,13.7714
220,.stericx/kraken_dft_cache/220/35657.sdf,11,11,P,5,C C C,7.4025,2.3934,6.9069,27.1299,48.7239,10.5062,14.0168,2.1807,2.0398,0.9423,16.5457
221,.stericx/kraken_dft_cache/221/35668.sdf,19,19,P,4,C C C,6.6089,2.5716,6.6419,28.2177,50.6775,10.9584,14.0478,2.1698,1.5386,0.9371,17.3108
222,.stericx/kraken_dft_cache/222/35687.sdf,23,23,P,4,C C C,6.9631,2.2652,9.2367,29.9418,53.7738,10.4625,17.2285,6.1087,3.1238,0.9395,16.8840
223,.stericx/kraken_dft_cache/223/35710.sdf,11,11,P,3,C C C,8.8305,2.5004,5.0799,30.1809,54.2032,10.6291,15.9273,4.9951,3.2520,0.9033,21.6217
224,.stericx/kraken_dft_cache/224/35721.sdf,12,12,P,4,C C C,6.9592,2.7132,6.8164,27.4187,49.2424,10.4874,14.8710,4.1738,3.9280,0.9331,17.8811
225,.stericx/kraken_dft_cache/225/35733.sdf,12,12,P,4,C C C,6.9702,2.0148,5.7237,24.6171,44.2109,9.6501,13.8084,3.9873,1.5036,0.9472,15.7036
226,.stericx/kraken_dft_cache/226/35745.sdf,8,8,P,10,C C C,6.9644,3.0958,5.3864,34.2695,61.5462,13.3140,17.0322,3.5886,1.9815,0.8851,23.8938
227,.stericx/kraken_dft_cache/227/35753.sdf,4,4,P,7,C C C,6.9632,2.6939,6.7859,34.4026,61.7851,11.1227,20.5931,9.3597,7.7162,0.9108,20.8103
228,.stericx/kraken_dft_cache/228/35757.sdf,44,44,P,6,C C C,7.3043,2.9262,7.3003,38.0046,68.2541,10.3886,25.0287,13.6764,1.3288,0.9655,12.3599
229,.stericx/kraken_dft_cache/229/35801.sdf,15,15,P,8,C C C,6.9597,3.4517,6.8120,32.8496,58.9960,10.9527,17.9602,6.9089,5.8979,0.9296,18.3608
23,.stericx/kraken_dft_cache/23/32003.sdf,9,9,P,12,C C C,7.3797,2.7583,8.6784,29.7248,53.3841,11.0278,16.0761,4.8786,3.9397,0.9193,19.7349
230,.stericx/kraken_dft_cache/230/35816.sdf,10,10,P,5,C C C,7.4693,2.5690,6.8744,28.3217,50.8641,11.4251,14.2260,1.6901,1.5969,0.9335,17.8693
231,.stericx/kraken_dft_cache/231/35826.sdf,9,9,P,6,C C C,9.0651,2.6459,8.9462,28.3280,50.8755,11.3438,14.1671,1.8883,1.7600,0.9316,18.1437
232,.stericx/kraken_dft_cache/232/35835.sdf,2,2,P,7,C C C,7.6586,3.8566,7.9528,28.1802,50.6100,11.4869,13.8589,1.3404,1.3171,0.9388,17.1010
233,.stericx/kraken_dft_cache/233/35837.sdf,17,17,P,6,C C C,6.9664,2.6487,7.1964,28.2676,50.7670,11.5160,13.9254,1.3740,1.2822,0.9349,17.6786
234,.stericx/kraken_dft_cache/234/35854.sdf,1,1,P,0,C C C,6.9464,2.6870,7.4435,33.3788,59.9464,10.5836,21.1438,10.5603,10.5603,0.9227,19.2763
235,.stericx/kraken_dft_cache/235/35855.sdf,19,19,P,5,C C C,6.0758,4.0385,6.9507,56.2514,101.0243,23.2075,26.7749,3.3600,1.2588,0.9616,13.2620
236,.stericx/kraken_dft_cache/236/35874.sdf,9,9,P,4,C C C,6.4318,2.5678,6.4702,28.3114,50.8457,11.1456,14.2267,1.9970,1.5036,0.9398,16.9081
237,.stericx/kraken_dft_cache/237/35883.sdf,43,43,P,26,C C C,7.2305,3.6916,8.0818,47.9813,86.1716,11.5938,33.1107,17.6606,4.7090,0.9049,21.3171
238,.stericx/kraken_dft_cache/238/35926.sdf,38,38,P,5,O C C,5.8332,2.8223,6.8907,28.9901,52.0645,10.1367,16.9403,6.5184,4.2311,0.9492,15.3049
239,.stericx/kraken_dft_cache/239/35964.sdf,58,58,P,0,C C C,8.6397,3.3127,9.6444,44.5594,80.0261,13.2697,27.9503,13.0010,1.3404,0.9539,14.6825
24,.stericx/kraken_dft_cache/24/32012.sdf,25,25,P,18,C C C,7.0062,2.8847,7.1060,41.3375,74.2398,10.9813,29.5916,15.4045,2.5643,0.9090,20.8371
240,.stericx/kraken_dft_cache/240/36022.sdf,25,25,P,8,C C C,9.5192,2.8846,9.3919,28.0776,50.4258,10.9472,14.0044,2.0626,1.5502,0.9429,16.4601
241,.stericx/kraken_dft_cache/241/36047.sdf,36,36,P,3,C C C,6.9761,2.6547,5.7899,30.8245,55.3591,10.2468,18.1029,7.2312,2.4011,0.9413,16.6073
242,.stericx/kraken_dft_cache/242/36083.sdf,11,11,P,6,C C C,6.9552,2.8051,7.1420,28.2409,50.7191,11.5150,13.8811,1.3425,1.3055,0.9326,18.0023
243,.stericx/kraken_dft_cache/243/36094.sdf,1,1,P,7,C C C,4.0773,1.7569,5.3460,21.3785,38.3946,9.2665,9.9308,0.6644,0.6644,0.9907,6.4881
244,.stericx/kraken_dft_cache/244/36095.sdf,26,26,P,16,C C C,7.3218,2.1447,8.3356,27.3237,49.0719,9.7183,16.6810,6.7425,2.4128,0.9540,14.3647
245,.stericx/kraken_dft_cache/245/36121.sdf,40,40,P,7,N C C,6.3999,3.8077,9.0257,41.3710,74.3001,11.4106,30.1442,17.8388,7.6696,0.9622,12.6320
246,.stericx/kraken_dft_cache/246/36161.sdf,9,9,P,0,C C C,8.9528,3.3111,8.8485,28.1895,50.6268,11.4681,13.8641,1.3378,1.2705,0.9347,17.7037
247,.stericx/kraken_dft_cache/247/36170.sdf,45,45,P,5,N N C,5.4469,3.0586,5.7674,33.9731,61.0138,10.8309,19.8472,8.2993,4.3243,0.9164,19.5230
248,.stericx/kraken_dft_cache/248/36215.sdf,5,5,P,4,C C Si,6.9688,1.9398,6.7478,28.2464,50.7289,10.7118,14.2925,3.5807,3.5784,0.9322,17.8761
249,.stericx/kraken_dft_cache/249/36220.sdf,28,28,P,7,C C C,7.1614,2.7351,8.0235,28.1876,50.6233,11.3674,13.9575,1.5207,1.2822,0.9354,17.6049
25,.stericx/kraken_dft_cache/25/32037.sdf,24,24,P,16,C C C,7.3682,3.3275,8.1661,48.5043,87.1110,11.3218,35.0440,20.1706,6.0727,0.9044,21.3393
250,.stericx/kraken_dft_cache/250/36248.sdf,23,23,P,14,C C C,7.0818,3.0182,8.6660,44.2763,79.5177,10.9003,33.0835,18.4797,4.7906,0.9137,20.2560
251,.stericx/kraken_dft_cache/251/36271.sdf,32,32,P,3,C C C,4.8419,2.5143,5.7388,27.8658,50.0454,9.8999,15.6182,5.3570,1.0257,0.9510,15.0000
252,.stericx/kraken_dft_cache/252/36303.sdf,30,30,P,4,C C C,5.6471,3.2327,6.0023,38.2853,68.7583,12.1074,21.8576,8.6910,2.1447,0.9479,15.5077
253,.stericx/kraken_dft_cache/253/36333.sdf,3,3,P,5,C C C,6.9859,3.6753,7.7686,37.9002,68.0667,14.2086,19.4226,4.7867,3.0189,0.9118,20.7060
254,.stericx/kraken_dft_cache/254/36336.sdf,5,5,P,4,C Si Si,4.8746,2.9885,5.7115,33.9110,60.9022,13.7890,17.2741,2.6226,2.6226,0.8650,26.1010
255,.stericx/kraken_dft_cache/255/36341.sdf,15,15,P,2,C C C,4.9125,1.9099,6.8338,26.1552,46.9733,9.8990,14.5303,4.5917,3.3219,0.9390,16.9998
256,.stericx/kraken_dft_cache/256/36356.sdf,5,5,P,6,N N C,4.6527,2.7743,6.8885,27.2417,48.9245,9.8353,14.3368,4.2940,3.7299,0.9695,11.6809
257,.stericx/kraken_dft_cache/257/36361.sdf,2,2,P,7,C C C,6.9614,2.5361,8.6794,28.3197,50.8606,11.3062,14.2260,2.2263,2.2030,0.9299,18.3728
258,.stericx/kraken_dft_cache/258/36363.sdf,31,31,P,4,O O C,5.2302,3.0256,6.8862,33.5144,60.1900,10.5648,20.7821,9.7312,6.5506,0.9510,14.6269
259,.stericx/kraken_dft_cache/259/36394.sdf,8,8,P,2,C C C,7.3788,2.6991,8.2899,34.3020,61.6044,10.8619,23.0962,11.2625,2.7508,0.9241,18.8547
26,.stericx/kraken_dft_cache/26/32061.sdf,20,20,P,16,C C C,7.3960,3.6735,7.8880,43.6238,78.3458,11.0312,32.6908,18.3592,2.3312,0.9234,18.9272
260,.stericx/kraken_dft_cache/260/36402.sdf,4,4,P,7,C C C,6.9594,2.8542,6.8047,32.0678,57.5919,11.1664,19.8821,8.5642,4.0796,0.9266,18.7621
261,.stericx/kraken_dft_cache/261/36406.sdf,25,25,P,9,C C C,10.3323,2.9634,10.1334,28.2544,50.7433,11.4410,14.0058,1.4831,1.2122,0.9328,17.9671
262,.stericx/kraken_dft_cache/262/36431.sdf,3,3,P,4,C C C,6.9610,2.5176,9.2213,30.7156,55.1636,11.1586,17.7170,6.4263,4.6973,0.9184,19.8556
263,.stericx/kraken_dft_cache/263/36434.sdf,22,22,P,15,C C C,6.9710,3.9160,7.2656,51.8541,93.1271,13.2639,34.9015,18.9324,2.0748,0.9131,20.1835
264,.stericx/kraken_dft_cache/264/36456.sdf,36,36,P,16,C C C,6.9669,2.4140,8.6625,30.5000,54.7763,9.7152,20.4160,9.9085,1.6318,0.9543,14.2644
265,.stericx/kraken_dft_cache/265/36492.sdf,8,8,P,7,C C C,6.9618,1.9191,8.2925,24.3453,43.7228,9.4588,13.8021,4.2573,3.1354,0.9579,13.7093
266,.stericx/kraken_dft_cache/266/36500.sdf,5,5,P,7,C C C,6.9600,2.4348,6.7896,30.0844,54.0298,11.1151,17.0363,5.5226,4.2311,0.9112,20.7889
267,.stericx/kraken_dft_cache/267/36505.sdf,21,21,P,3,C C S,6.9469,2.3816,7.4059,32.9751,59.2215,10.7451,20.1664,9.0977,3.7998,0.9173,19.7268
268,.stericx/kraken_dft_cache/268/36526.sdf,4,4,P,7,C C C,6.9564,2.6510,6.7878,30.7762,55.2724,11.0848,17.9064,6.6002,4.4292,0.9165,20.0532
269,.stericx/kraken_dft_cache/269/36530.sdf,3,3,P,14,N N C,6.8939,2.6620,6.8456,32.9353,59.1499,9.7560,18.5213,8.7653,8.7653,0.9662,12.0468
27,.stericx/kraken_dft_cache/27/32081.sdf,22,22,P,16,C C C,6.9571,3.5189,7.0451,52.3783,94.0686,13.2358,35.2035,17.1199,6.3175,0.8993,22.0502
271,.stericx/kraken_dft_cache/271/36533.sdf,32,32,P,2,C C C,5.5306,2.9805,7.3200,50.8703,91.3602,14.0873,32.5797,17.1586,4.1262,0.9300,18.1048
272,.stericx/kraken_dft_cache/272/36565.sdf,51,51,P,4,N C C,5.3389,3.2172,6.7066,36.3173,65.2238,11.5007,21.6782,9.1679,2.2612,0.9386,16.8452
273,.stericx/kraken_dft_cache/273/36616.sdf,13,13,P,9,C C C,6.9474,2.5264,7.4166,33.1466,59.5295,11.1825,21.6477,10.0501,2.0398,0.9230,19.1664
274,.stericx/kraken_dft_cache/274/36629.sdf,9,9,P,4,C C C,5.4557,3.5223,5.1162,38.0228,68.2868,13.9249,20.9690,6.4574,5.8513,0.8796,24.2452
275,.stericx/kraken_dft_cache/275/36638.sdf,4,4,P,5,C C C,7.6059,2.5799,6.8726,28.3278,50.8752,11.3412,14.2464,1.7571,1.7134,0.9317,18.1234
276,.stericx/kraken_dft_cache/276/36642.sdf,3,3,P,4,C C C,9.1007,4.2697,7.9814,57.8942,103.9747,15.6150,42.0817,23.4517,23.1720,0.8640,26.0654
277,.stericx/kraken_dft_cache/277/36645.sdf,27,27,P,13,C C C,6.9869,3.8539,7.2967,51.7665,92.9698,14.5816,36.1139,19.0423,2.8674,0.9225,19.0757
278,.stericx/kraken_dft_cache/278/36672.sdf,19,19,P,15,C C C,6.9555,3.0206,7.0050,44.6320,80.1565,11.1357,34.0359,20.0500,2.3428,0.9198,19.5076
279,.stericx/kraken_dft_cache/279/36691.sdf,6,6,P,6,C C C,6.9641,2.4692,6.9155,28.2451,50.7266,11.5122,13.8803,1.3385,1.2938,0.9330,17.9531
28,.stericx/kraken_dft_cache/28/32103.sdf,17,17,P,16,C C C,8.1620,3.0393,8.2761,43.2835,77.7347,11.2041,31.4552,16.6851,2.1214,0.9161,19.9654
280,.stericx/kraken_dft_cache/280/36697.sdf,6,6,P,13,C C C,6.9835,4.0476,7.3844,52.6220,94.5062,15.2887,37.8079,20.9612,6.6555,0.8512,27.2746
281,.stericx/kraken_dft_cache/281/36703.sdf,6,6,P,15,C C C,6.9482,3.8967,7.3173,52.4219,94.1468,15.1741,35.0144,17.9287,4.3593,0.8368,28.6487
282,.stericx/kraken_dft_cache/282/36709.sdf,7,7,P,7,C C C,6.9507,2.7593,6.8367,30.7011,55.1375,11.2746,18.3781,6.5240,3.7998,0.9166,20.1275
284,.stericx/kraken_dft_cache/284/36716.sdf,15,15,P,6,C C C,6.9616,2.5219,7.0987,27.4386,49.2781,10.8377,14.4261,3.3919,2.8557,0.9331,17.9009
285,.stericx/kraken_dft_cache/285/36731.sdf,13,13,P,4,C C C,6.8511,3.3147,5.1276,36.1645,64.9495,13.9530,19.2116,4.4472,3.4618,0.8669,25.6248
286,.stericx/kraken_dft_cache/286/36744.sdf,17,17,P,6,C C C,7.9353,3.7180,6.6522,43.7534,78.5787,14.0426,27.8117,13.0903,7.0635,0.8811,24.2235
287,.stericx/kraken_dft_cache/287/36761.sdf,39,39,P,4,C C C,6.9979,3.8347,6.8449,48.3657,86.8620,13.7062,32.7573,17.7307,4.2311,0.9280,18.4023
288,.stericx/kraken_dft_cache/288/36800.sdf,24,24,P,13,C C C,11.0876,2.7918,7.9104,28.2954,50.8169,11.3427,14.1304,1.9912,1.8533,0.9314,18.1706
289,.stericx/kraken_dft_cache/289/36824.sdf,13,13,P,7,C C C,6.9462,2.6593,6.7464,30.6359,55.0204,10.9879,16.8034,5.4810,3.9164,0.9237,19.0859
29,.stericx/kraken_dft_cache/29/32120.sdf,36,36,P,16,C C C,7.4728,4.6157,8.6413,48.7672,87.5832,10.9838,33.5516,18.7806,3.7998,0.9157,19.8768
290,.stericx/kraken_dft_cache/290/36837.sdf,32,32,P,8,C C C,7.0014,4.2287,6.8634,48.5229,87.1444,13.3566,34.9055,19.2035,3.1471,0.9256,18.7444
291,.stericx/kraken_dft_cache/291/36869.sdf,17,17,P,7,C C C,7.9008,4.1360,9.7638,52.3040,93.9350,16.2449,31.7466,14.6426,10.2106,0.7372,37.5529
292,.stericx/kraken_dft_cache/292/36886.sdf,7,7,P,4,C C C,6.3474,4.2503,10.4877,57.4562,103.1882,15.3409,39.9815,21.1422,19.4887,0.8746,24.8700
293,.stericx/kraken_dft_cache/293/36893.sdf,41,41,P,8,C C C,7.0041,3.8465,6.4333,47.2661,84.8872,11.0299,35.4997,21.7855,7.7978,0.9465,15.3199
294,.stericx/kraken_dft_cache/294/36934.sdf,20,20,P,24,C C C,6.9616,3.3465,10.3201,34.4750,61.9151,11.2217,22.8345,11.4205,4.2777,0.9349,17.6072
295,.stericx/kraken_dft_cache/295/36954.sdf,10,10,P,4,C C C,7.0082,4.2670,9.6892,59.0524,106.0549,15.7588,41.0498,22.4773,21.7150,0.8661,25.7914
296,.stericx/kraken_dft_cache/296/36964.sdf,2,2,P,4,C C C,8.6993,4.2435,7.3178,51.6096,92.6879,15.7063,38.1906,21.0156,20.7475,0.8657,25.7046
297,.stericx/kraken_dft_cache/297/36966.sdf,6,6,P,4,N C C,6.5585,3.2261,5.1040,36.2928,65.1799,12.4990,20.3726,6.4146,5.8629,0.8610,26.3637
298,.stericx/kraken_dft_cache/298/36972.sdf,1,1,P,0,C C C,6.9644,2.4871,7.7464,29.1472,52.3467,10.2339,18.0434,7.4948,7.4948,0.9368,17.3578
299,.stericx/kraken_dft_cache/299/36973.sdf,2,2,P,4,C C C,6.2450,4.2145,7.3611,51.1228,91.8137,15.5490,38.0507,20.9340,20.8058,0.8645,25.8853
3,.stericx/kraken_dft_cache/3/31734.sdf,23,23,P,0,C C C,6.9830,4.4792,7.1456,52.4183,94.1403,12.9857,38.9318,22.6799,2.4128,0.9134,20.2416
30,.stericx/kraken_dft_cache/30/32156.sdf,11,11,P,4,C C C,6.9630,3.2157,5.1184,35.0161,62.8869,13.5813,17.9840,3.6759,2.7508,0.8538,27.1146
300,.stericx/kraken_dft_cache/300/36975.sdf,7,7,P,9,C C C,9.3056,2.5667,8.3327,28.3192,50.8598,11.3445,14.1436,2.0148,1.9349,0.9308,18.2511
301,.stericx/kraken_dft_cache/301/36982.sdf,24,24,P,7,C C C,6.9883,3.3410,6.5985,41.9333,75.3099,13.7637,24.8392,10.5797,3.4735,0.9260,18.7094
302,.stericx/kraken_dft_cache/302/37006.sdf,30,30,P,14,C C C,6.9853,3.9722,7.2527,48.3794,86.8867,12.5993,35.7961,21.1912,2.5760,0.9159,19.9668
303,.stericx/kraken_dft_cache/303/37036.sdf,5,5,P,9,C C C,6.9608,2.6592,7.0103,36.8731,66.2219,10.9775,25.2980,12.7329,9.6394,0.9264,18.7037
304,.stericx/kraken_dft_cache/304/37041.sdf,14,14,P,10,C C C,9.1363,4.7599,6.7446,48.2277,86.6143,14.4417,33.1719,17.9027,15.1643,0.8750,24.9913
305,.stericx/kraken_dft_cache/305/37055.sdf,12,12,P,6,C C C,6.9602,2.5279,6.8405,27.5804,49.5328,10.9536,14.5116,3.4026,2.9023,0.9318,18.0948
306,.stericx/kraken_dft_cache/306/37067.sdf,5,5,P,12,C C C,6.9622,4.3990,7.3952,47.9660,86.1442,15.3602,33.1867,16.4931,4.6973,0.8213,30.1309
307,.stericx/kraken_dft_cache/307/37072.sdf,21,21,P,17,N C C,7.1286,4.5476,7.3895,46.5238,83.5540,12.9331,33.1988,18.7399,7.1567,0.9025,21.7510
308,.stericx/kraken_dft_cache/308/37093.sdf,29,29,P,6,C C C,6.9968,3.2582,6.4799,40.9151,73.4813,10.3915,31.9778,20.3396,5.3850,0.9420,16.0139
309,.stericx/kraken_dft_cache/309/37122.sdf,29,29,P,11,C C C,6.0208,4.1606,8.4364,48.7924,87.6284,12.9525,35.2029,19.8026,9.7910,0.9273,18.3899
31,.stericx/kraken_dft_cache/31/32167.sdf,2,2,P,4,C C C,6.9742,3.0376,5.1132,35.1798,63.1809,13.3985,18.4513,5.0528,5.0470,0.8569,26.7689
310,.stericx/kraken_dft_cache/310/37151.sdf,12,12,P,13,C C C,6.2639,4.2569,7.2437,54.4717,97.8281,15.4052,39.5854,22.5406,21.9248,0.8693,25.4298
311,.stericx/kraken_dft_cache/311/37163.sdf,36,36,P,13,C C C,6.2274,4.1873,7.2944,49.0427,88.0780,12.7697,37.0024,22.0805,3.5084,0.9221,19.1719
312,.stericx/kraken_dft_cache/312/37199.sdf,35,35,P,10,C C C,6.9614,2.5507,8.4629,27.7077,49.7614,10.8320,14.5113,3.4638,2.3778,0.9383,17.1563
313,.stericx/kraken_dft_cache/313/37234.sdf,41,41,P,3,O O C,5.3895,2.3768,7.0907,28.3483,50.9119,9.3981,16.1159,5.9982,3.8581,0.9489,14.7305
314,.stericx/kraken_dft_cache/314/37275.sdf,25,25,P,6,C C C,8.6772,3.8009,7.3654,45.1360,81.0618,12.6304,33.0245,19.5069,4.0096,0.9232,18.9990
315,.stericx/kraken_dft_cache/315/37300.sdf,17,17,P,12,C C C,6.9886,4.7223,6.5679,49.7870,89.4146,15.5812,33.5409,17.0663,8.3573,0.8799,24.4633
316,.stericx/kraken_dft_cache/316/37317.sdf,24,24,P,16,N C C,7.1578,4.3529,7.3531,49.5819,89.0463,14.0065,35.0552,19.2881,5.1169,0.9124,20.5246
317,.stericx/kraken_dft_cache/317/37341.sdf,38,38,P,4,O O C,5.1343,3.2106,6.6245,36.9765,66.4078,10.7836,21.9797,10.5434,5.9562,0.9603,13.1538
318,.stericx/kraken_dft_cache/318/37379.sdf,48,48,P,5,N N C,5.4127,3.2979,6.5425,38.6062,69.3345,12.2793,22.5765,10.0153,5.8513,0.9127,20.0890
319,.stericx/kraken_dft_cache/319/37427.sdf,48,48,P,3,N N C,5.4524,3.1201,5.9066,35.8527,64.3895,11.7785,20.2546,7.7359,4.0796,0.9176,19.3184
32,.stericx/kraken_dft_cache/32/32169.sdf,24,24,P,4,C C C,6.8879,3.1562,6.3313,35.7152,64.1425,13.0551,19.8821,5.9207,1.8766,0.8886,23.2688
320,.stericx/kraken_dft_cache/320/37475.sdf,37,37,P,0,C C C,6.9801,4.3006,9.0226,51.8151,93.0571,12.9853,37.3578,21.2374,2.2729,0.9138,20.2172
321,.stericx/kraken_dft_cache/321/37512.sdf,18,18,P,14,C C C,6.9905,4.1688,8.2111,43.5131,78.1471,12.3041,31.1161,17.4366,3.2753,0.9194,19.6336
322,.stericx/kraken_dft_cache/322/37530.sdf,12,12,P,8,C C C,7.0064,4.2256,6.1820,54.0104,96.9996,15.8239,37.0299,18.5426,15.7122,0.8645,25.9968
323,.stericx/kraken_dft_cache/323/37542.sdf,6,6,P,4,C C C,6.2786,4.2512,8.2663,50.8762,91.3707,15.5160,37.1338,20.0579,19.2206,0.8714,25.0975
324,.stericx/kraken_dft_cache/324/37548.sdf,30,30,P,15,C C C,6.9785,4.0306,7.3291,50.1326,90.0354,13.0830,34.7078,19.0473,2.1214,0.9084,20.8846
326,.stericx/kraken_dft_cache/326/37580.sdf,34,34,P,10,C C C,7.6475,4.5474,7.4459,47.7369,85.7327,13.7245,33.0695,17.9786,4.7440,0.9249,18.8158
327,.stericx/kraken_dft_cache/327/37614.sdf,34,34,P,26,C C C,6.3555,4.7387,10.4197,54.5872,98.0355,12.7001,39.0751,22.1836,2.7858,0.9258,18.6991
328,.stericx/kraken_dft_cache/328/37648.sdf,23,23,P,7,C C C,9.0840,3.3372,6.7220,33.9332,60.9422,11.7036,19.3838,7.2571,2.9723,0.9213,19.3143
329,.stericx/kraken_dft_cache/329/37671.sdf,26,26,P,9,C C C,6.9907,3.6515,8.9751,48.8363,87.7072,13.4195,33.4224,18.3989,2.4128,0.9163,20.0248
33,.stericx/kraken_dft_cache/33/32193.sdf,35,35,P,20,C C C,7.2475,4.3159,7.9166,50.6978,91.0504,11.3629,35.5695,20.3905,4.7440,0.9242,18.8770
330,.stericx/kraken_dft_cache/330/37697.sdf,33,33,P,4,C C C,10.8514,4.2725,8.7967,59.5537,106.9551,14.3869,41.9200,24.2750,20.5960,0.8822,24.0066
331,.stericx/kraken_dft_cache/331/37730.sdf,2,2,P,4,C C C,6.9511,2.1693,6.1892,26.9860,48.4653,10.0008,15.3042,5.3034,2.2612,0.9364,16.4815
332,.stericx/kraken_dft_cache/332/37732.sdf,38,38,P,10,C C C,9.0516,4.2450,8.8688,54.6254,98.1042,13.6960,36.6186,20.6368,2.4011,0.9186,19.5818
333,.stericx/kraken_dft_cache/333/37770.sdf,39,39,P,8,C C C,8.6838,4.4091,7.8163,53.3331,95.7832,13.3807,38.3115,21.2102,2.8674,0.9230,19.1106
334,.stericx/kraken_dft_cache/334/37809.sdf,16,16,P,3,C C C,6.9928,3.6050,8.2492,49.2691,88.4844,12.7763,35.7939,20.2492,2.4827,0.9079,21.0349
335,.stericx/kraken_dft_cache/335/37825.sdf,15,15,P,11,C C C,6.9641,3.3013,7.3179,35.6313,63.9918,11.2037,24.4922,12.6513,4.4409,0.9328,17.8941
336,.stericx/kraken_dft_cache/336/37840.sdf,20,20,P,13,N C C,7.1602,4.5585,7.4239,49.3189,88.5739,13.3256,36.4749,21.5034,10.1873,0.9098,20.8768
337,.stericx/kraken_dft_cache/337/37860.sdf,19,19,P,4,C C C,6.9963,4.0799,8.3082,51.4333,92.3713,12.7982,37.4308,21.9236,2.4711,0.9143,20.1313
338,.stericx/kraken_dft_cache/338/37879.sdf,12,12,P,12,C C C,6.9524,4.5140,7.2453,49.1693,88.3052,15.2780,34.8823,18.2872,4.9538,0.8432,28.0305
339,.stericx/kraken_dft_cache/339/37891.sdf,2,2,P,12,C C C,5.2348,1.7674,6.4868,22.2969,40.0439,9.3014,11.3703,1.9640,1.0490,0.9768,9.7789
34,.stericx/kraken_dft_cache/34/32228.sdf,44,44,P,20,C C C,7.7407,3.7872,8.2932,49.5315,88.9558,11.5870,35.2324,20.1216,2.8091,0.9234,19.0494
340,.stericx/kraken_dft_cache/340/37893.sdf,8,8,P,16,C C C,6.2709,5.3518,10.4550,57.5991,103.4448,15.3596,39.6287,20.6004,19.2789,0.8718,25.0998
341,.stericx/kraken_dft_cache/341/37901.sdf,30,30,P,18,C C C,6.9880,4.2042,7.9935,55.9672,100.5140,13.5558,39.2035,21.6847,2.1797,0.9238,18.9966
342,.stericx/kraken_dft_cache/342/37931.sdf,25,25,P,2,C C C,6.9642,2.6621,7.9224,35.5376,63.8236,11.1207,23.5058,11.0727,3.7066,0.9218,19.3409
343,.stericx/kraken_dft_cache/343/37956.sdf,12,12,P,13,C C C,6.9565,2.6748,7.0052,34.6865,62.2950,11.0751,23.9315,12.4961,4.3710,0.9049,21.4378
344,.stericx/kraken_dft_cache/344/37968.sdf,7,7,P,9,C C C,6.9631,3.5506,7.1463,51.3045,92.1400,14.8729,30.4369,12.4518,12.4019,0.9429,16.1216
345,.stericx/kraken_dft_cache/345/37975.sdf,31,31,P,12,C C C,6.5289,3.1969,7.7800,38.2828,68.7537,11.8928,24.2492,11.8319,4.1495,0.9289,18.0746
346,.stericx/kraken_dft_cache/346/38006.sdf,4,4,P,2,C C C,6.6255,3.2100,7.0206,36.5184,65.5849,12.6700,20.8728,7.9726,7.9260,0.8664,25.2381
347,.stericx/kraken_dft_cache/347/38010.sdf,13,13,P,23,C C C,7.6912,4.9812,9.8421,57.6569,103.5485,16.0870,36.5225,18.5795,8.9051,0.7908,33.1033
348,.stericx/kraken_dft_cache/348/38023.sdf,9,9,P,2,C C C,6.8335,3.8046,7.4165,41.7409,74.9644,13.9703,27.0495,13.0559,7.1451,0.8602,26.0074
349,.stericx/kraken_dft_cache/349/38032.sdf,44,44,P,16,C C C,7.2426,4.7637,8.2027,56.9402,102.2614,16.3133,37.0576,18.6484,4.4875,0.8457,27.8235
35,.stericx/kraken_dft_cache/35/32272.sdf,24,24,P,16,C C C,8.3295,3.7185,8.5565,44.2944,79.5502,10.9833,30.4928,16.7088,5.5249,0.8991,21.9779
350,.stericx/kraken_dft_cache/350/38076.sdf,12,12,P,14,C C C,6.9481,4.5304,7.3132,52.2926,93.9146,15.0167,35.2232,18.4397,6.8886,0.8382,28.4719
351,.stericx/kraken_dft_cache/351/38088.sdf,13,13,P,2,C C C,9.1578,2.8387,4.9467,26.9765,48.4483,9.9443,14.3529,3.9747,2.5993,0.9358,17.4473
352,.stericx/kraken_dft_cache/352/38101.sdf,23,23,P,6,C C C,7.2924,4.1899,7.5495,46.8867,84.2059,13.8072,31.8703,16.9477,6.0261,0.9158,20.1041
353,.stericx/kraken_dft_cache/353/38124.sdf,42,42,P,18,C C C,7.3198,3.6523,8.0951,45.0126,80.8402,12.8815,29.1523,14.7783,3.7998,0.9308,17.9858
354,.stericx/kraken_dft_cache/354/38166.sdf,15,15,P,6,C C C,9.1490,2.4959,9.1168,28.2663,50.7646,11.2161,14.2902,2.2403,1.2938,0.9329,17.9608
355,.stericx/kraken_dft_cache/355/38181.sdf,9,9,P,8,C C C,6.8879,2.1299,7.4987,32.1327,57.7085,10.3440,19.1947,7.5323,2.3312,0.9400,16.5300
356,.stericx/kraken_dft_cache/356/38190.sdf,7,7,P,0,C C C,6.2018,2.7008,5.3681,33.9276,60.9321,12.1538,18.2082,5.4416,3.1005,0.8703,25.2443
357,.stericx/kraken_dft_cache/357/38197.sdf,16,16,P,5,C C C,6.1728,2.9509,5.4317,34.9932,62.8458,12.4514,19.3044,6.4166,3.2287,0.8735,24.9038
358,.stericx/kraken_dft_cache/358/38213.sdf,2,2,P,10,N N C,6.1871,1.7231,6.7774,26.8464,48.2147,9.0566,16.5397,5.3734,5.2918,0.9492,14.7709
36,.stericx/kraken_dft_cache/36/32296.sdf,2,2,P,4,C C C,6.9942,4.1710,11.1524,54.6891,98.2186,15.7471,42.7422,24.8970,24.2443,0.8586,26.5631
363,.stericx/kraken_dft_cache/363/38215.sdf,20,20,P,9,C C C,7.4578,4.4394,8.0458,47.5844,85.4589,11.6507,33.0125,18.4915,5.2568,0.9075,20.8318
364,.stericx/kraken_dft_cache/364/38235.sdf,44,44,P,9,C C C,7.5294,4.5509,8.1385,40.4299,72.6097,11.6546,27.2211,13.9855,3.9047,0.9068,21.0184
365,.stericx/kraken_dft_cache/365/38279.sdf,20,20,P,18,C C C,6.9686,3.4566,7.4342,56.0887,100.7322,14.0955,38.6009,21.7464,5.4666,0.8925,22.7579
366,.stericx/kraken_dft_cache/366/38299.sdf,26,26,P,4,C C C,9.6331,2.5407,11.6754,27.8914,50.0913,10.9745,14.0360,2.4675,1.3055,0.9368,17.2706
368,.stericx/kraken_dft_cache/368/38325.sdf,42,42,P,22,C C C,6.9698,4.2216,9.6173,53.4140,95.9285,13.6943,36.2779,19.2114,3.4735,0.9045,21.3006
369,.stericx/kraken_dft_cache/369/38367.sdf,84,84,P,29,C C C,7.0702,5.2021,13.2539,68.2998,122.6626,19.6480,41.1142,18.3696,9.4646,0.8054,31.9117
37,.stericx/kraken_dft_cache/37/32298.sdf,7,7,P,4,C C C,8.6850,3.9755,7.2228,56.3103,101.1301,15.4208,43.8179,23.4101,23.2069,0.8464,28.0080
370,.stericx/kraken_dft_cache/370/38411.sdf,26,26,P,16,C C C,6.8792,4.6562,10.5575,56.3261,101.1586,14.2229,38.8424,21.5419,16.7146,0.9544,13.8822
371,.stericx/kraken_dft_cache/371/38437.sdf,10,10,P,12,C C C,6.9657,4.7324,7.0359,49.8150,89.4650,15.3928,36.3373,19.6857,6.5623,0.8524,27.1033
372,.stericx/kraken_dft_cache/372/38447.sdf,8,8,P,5,C C C,6.9563,2.4600,7.1413,32.7030,58.7327,11.4840,19.0414,6.3889,3.6483,0.9057,21.3606
373,.stericx/kraken_dft_cache/373/38455.sdf,37,37,P,25,C C C,6.9481,5.0859,9.7019,60.4888,108.6344,15.3178,39.4723,21.1432,5.3734,0.8946,22.6224
374,.stericx/kraken_dft_cache/374/38492.sdf,9,9,P,1,C C C,3.5691,1.7921,6.1355,27.4735,49.3408,9.5591,18.4617,8.4272,3.4152,0.9469,15.6708
375,.stericx/kraken_dft_cache/375/38501.sdf,12,12,P,3,C C C,6.1278,2.6133,6.2780,27.3235,49.0714,10.6953,13.9686,2.4633,1.1889,0.9461,15.9897
376,.stericx/kraken_dft_cache/376/38513.sdf,25,25,P,9,C C C,7.2269,3.3328,7.8266,28.2531,50.7410,11.4839,13.9535,1.4276,1.3055,0.9356,17.5764
377,.stericx/kraken_dft_cache/377/38538.sdf,8,8,P,4,C C C,6.3733,2.6375,6.9027,28.4252,51.0500,11.1839,14.4533,2.1301,2.1097,0.9377,17.2315
378,.stericx/kraken_dft_cache/378/38546.sdf,10,10,P,4,C C C,6.4362,2.6397,6.8141,28.1536,50.5622,10.8994,14.5920,2.7671,2.4827,0.9348,17.6293
379,.stericx/kraken_dft_cache/379/38556.sdf,5,5,P,4,C C C,6.2233,2.5452,6.8930,27.4753,49.3442,10.7468,14.5955,3.2403,2.8440,0.9390,17.0105
38,.stericx/kraken_dft_cache/38/32305.sdf,27,27,P,2,C C C,8.5122,4.0605,7.3450,48.9183,87.8545,12.5003,38.1610,23.1746,6.0844,0.9037,21.5667
380,.stericx/kraken_dft_cache/380/38561.sdf,18,18,P,4,C C C,6.2085,2.5095,6.8127,26.7985,48.1286,10.4074,13.9366,2.9574,2.7508,0.9439,16.2367
381,.stericx/kraken_dft_cache/381/38579.sdf,12,12,P,3,C C C,6.1705,2.3669,6.2708,26.6166,47.8019,10.5360,13.3994,2.2214,1.0723,0.9482,15.6713
382,.stericx/kraken_dft_cache/382/38591.sdf,5,5,P,6,C C C,6.1129,2.8286,6.8837,29.1641,52.3770,10.7771,15.8707,4.9957,3.6716,0.9200,19.6139
383,.stericx/kraken_dft_cache/383/38596.sdf,28,28,P,9,O O O,7.6768,2.0321,8.8218,29.2515,52.5341,9.1919,16.7487,7.1701,5.7580,0.9609,13.0243
384,.stericx/kraken_dft_cache/384/38624.sdf,36,36,P,7,O O O,6.9976,2.4504,8.9395,30.4541,54.6938,9.6644,17.7730,7.5362,2.0631,0.9596,13.2440
385,.stericx/kraken_dft_cache/385/38660.sdf,27,27,P,6,O O O,6.5167,2.1250,7.7770,30.1077,54.0718,9.5030,17.1912,6.8804,2.1447,0.9631,12.6609
386,.stericx/kraken_dft_cache/386/38687.sdf,23,23,P,6,O O O,7.1978,2.5402,8.6872,30.9258,55.5410,9.6683,17.7560,7.3817,2.1797,0.9651,12.1903
387,.stericx/kraken_dft_cache/387/38710.sdf,32,32,P,2,O O O,5.1096,1.9564,7.1457,29.3224,52.6614,9.3244,17.7225,7.6044,4.6624,0.9632,12.6780
388,.stericx/kraken_dft_cache/388/38742.sdf,65,65,P,5,O O O,6.1341,2.3294,7.2341,29.8750,53.6538,9.7363,18.0012,7.7650,3.3802,0.9605,13.2070
389,.stericx/kraken_dft_cache/389/38807.sdf,28,28,P,6,O O O,7.1027,2.2476,8.1640,31.1911,56.0175,9.6598,18.1312,7.7820,2.2030,0.9654,12.3039
39,.stericx/kraken_dft_cache/39/32332.sdf,30,30,P,15,C C C,9.0324,4.0653,7.2532,50.7382,91.1228,13.3375,38.4746,23.6502,4.7906,0.9228,19.1188
390,.stericx/kraken_dft_cache/390/38835.sdf,17,17,P,14,C C C,7.3993,2.8237,8.6908,35.6866,64.0911,11.2205,24.9485,12.9531,3.8115,0.9129,20.4395
391,.stericx/kraken_dft_cache/391/38852.sdf,1,1,P,4,O O O,4.2060,1.5200,5.8350,20.6776,37.1358,8.9867,9.5812,0.5945,0.5945,0.9483,15.6567
392,.stericx/kraken_dft_cache/392/38853.sdf,6,6,P,7,C C C,9.1524,3.0562,9.0881,28.3327,50.8839,11.2246,14.3232,2.3759,2.3662,0.9303,18.3115
393,.stericx/kraken_dft_cache/393/38859.sdf,9,9,P,7,C C C,6.9593,2.6169,6.7780,33.1148,59.4724,11.3308,18.6249,7.0415,2.9956,0.8978,22.3902
394,.stericx/kraken_dft_cache/394/38868.sdf,38,38,P,8,O O O,6.0502,2.7383,7.1434,33.2505,59.7160,10.2330,20.1807,8.6873,2.4827,0.9607,13.0373
395,.stericx/kraken_dft_cache/395/38906.sdf,43,43,P,7,O O O,6.7203,2.6520,7.5908,31.1424,55.9300,9.6080,18.2732,7.7498,2.2379,0.9622,12.7588
396,.stericx/kraken_dft_cache/396/38949.sdf,2,2,P,4,C C C,6.9682,1.9602,3.7188,23.0140,41.3319,8.3515,15.7005,7.2675,4.3826,1.2837,-24.8723
397,.stericx/kraken_dft_cache/397/38951.sdf,3,3,P,4,C C C,6.9684,2.0590,4.4392,23.5678,42.3265,9.0722,14.5310,5.3967,2.9956,1.0146,2.0344
398,.stericx/kraken_dft_cache/398/38954.sdf,7,7,P,4,C C C,6.9760,1.9443,4.9143,23.9671,43.0436,9.3813,14.0687,4.5058,1.9349,0.9606,13.0934
399,.stericx/kraken_dft_cache/399/38961.sdf,9,9,P,4,C C C,6.9749,2.0698,5.0859,24.6128,44.2031,9.8596,12.7788,2.7922,1.4337,0.9455,15.9992
4,.stericx/kraken_dft_cache/4/31757.sdf,44,44,P,20,C C C,6.9777,4.2984,7.8231,54.0170,97.0114,13.6006,36.7779,20.3809,2.1330,0.9178,19.7078
40,.stericx/kraken_dft_cache/40/32362.sdf,23,23,P,5,C C C,6.9989,2.9186,7.0188,26.8113,48.1516,10.4554,13.8802,2.9155,2.6809,0.9405,16.7358
400,.stericx/kraken_dft_cache/400/38970.sdf,19,19,P,14,C C C,7.8737,2.0378,7.9592,25.0601,45.0066,9.5388,15.2196,5.6746,2.7625,0.9395,16.2337
401,.stericx/kraken_dft_cache/401/38989.sdf,15,15,P,14,C C C,6.9717,1.9817,8.9152,25.7503,46.2460,9.8539,14.2668,4.2396,2.4128,0.9630,12.5923
402,.stericx/kraken_dft_cache/402/39004.sdf,22,22,P,6,C C C,9.0571,2.1790,8.3704,25.8343,46.3969,9.7788,14.3453,4.3233,2.3545,0.9634,12.4984
403,.stericx/kraken_dft_cache/403/39026.sdf,26,26,P,6,C C C,9.0432,2.2027,8.4273,25.2019,45.2613,9.4664,15.6624,6.1853,2.5993,0.9398,16.1721
404,.stericx/kraken_dft_cache/404/39052.sdf,12,12,P,14,C C C,7.4803,1.9688,9.0646,25.8589,46.4411,9.7521,14.4689,4.5468,2.4244,0.9619,12.7416
405,.stericx/kraken_dft_cache/405/39064.sdf,12,12,P,14,C C C,7.9432,2.0544,8.3644,25.2612,45.3677,9.4665,15.7607,6.2942,3.0072,0.9395,16.2309
406,.stericx/kraken_dft_cache/406/39076.sdf,16,16,P,14,C C C,7.4308,1.8972,8.6778,27.5543,49.4859,9.6438,17.9516,7.5989,4.3593,0.9363,16.6153
407,.stericx/kraken_dft_cache/407/39092.sdf,25,25,P,14,C C C,6.9998,1.9986,8.2772,30.8762,55.4519,9.5112,20.1102,9.9518,6.3059,0.9579,13.3438
408,.stericx/kraken_dft_cache/408/39117.sdf,28,28,P,14,C C C,9.1243,2.0496,9.0449,24.9768,44.8570,9.5687,14.9595,5.3900,2.5410,0.9391,16.2548
409,.stericx/kraken_dft_cache/409/39145.sdf,26,26,P,14,C C C,9.1338,2.0789,8.3925,26.0155,46.7223,9.6856,14.5609,4.7287,2.6109,0.9615,12.8007
41,.stericx/kraken_dft_cache/41/32385.sdf,49,49,P,4,C C C,6.9994,3.0289,6.9776,41.8079,75.0846,10.9080,29.3310,17.0821,6.0028,0.9380,16.9880
410,.stericx/kraken_dft_cache/410/39171.sdf,22,22,P,11,C C C,6.9761,2.0534,9.0900,25.1814,45.2244,9.4847,15.5840,6.0775,2.7275,0.9395,16.2250
411,.stericx/kraken_dft_cache/411/39193.sdf,15,15,P,11,C C C,6.9736,1.9858,8.0983,25.3193,45.4721,9.8018,13.7245,3.8099,2.4128,0.9619,12.7872
412,.stericx/kraken_dft_cache/412/39208.sdf,1,1,P,4,C C C,3.9991,2.1537,4.2669,26.7978,48.1273,11.3995,12.4252,0.7693,0.7693,0.9637,13.0106
413,.stericx/kraken_dft_cache/413/39209.sdf,10,10,P,6,C C C,8.9383,2.7771,8.9375,28.3892,50.9853,11.5545,13.9976,1.3229,1.2355,0.9336,17.8646
414,.stericx/kraken_dft_cache/414/39219.sdf,2,2,P,2,C C C,9.4699,2.7219,9.2359,23.0984,41.4834,9.9075,10.8283,0.9208,0.9208,0.9210,19.5814
415,.stericx/kraken_dft_cache/415/39221.sdf,5,5,P,2,C C C,9.4798,2.3973,9.1864,24.9494,44.8077,9.7886,14.4580,4.6134,4.5342,0.9303,18.3242
416,.stericx/kraken_dft_cache/416/39226.sdf,4,4,P,2,C C C,9.4913,2.4829,6.8706,26.4554,47.5124,9.7677,14.4970,3.8552,3.8465,0.9361,17.5015
417,.stericx/kraken_dft_cache/417/39230.sdf,3,3,P,2,C C C,6.9719,3.6365,7.0622,36.3859,65.3470,15.1993,17.2857,1.5502,1.5502,0.8251,30.1867
418,.stericx/kraken_dft_cache/418/39233.sdf,11,11,P,6,C C C,6.9707,2.5081,5.0719,27.6409,49.6415,10.1205,15.6020,5.0693,3.3569,0.9461,15.4567
42,.stericx/kraken_dft_cache/42/32434.sdf,5,5,P,0,C C C,6.9622,3.7689,7.4068,47.7804,85.8109,15.2599,33.0049,16.4022,4.3943,0.8249,29.8164
423,.stericx/kraken_dft_cache/423/39244.sdf,3,3,P,4,N N C,6.0556,2.5959,6.8139,28.1347,50.5284,10.3621,14.8768,4.5147,4.5108,0.9333,17.8111
424,.stericx/kraken_dft_cache/424/39247.sdf,13,13,P,7,N N C,5.5289,3.8722,5.9074,46.4664,83.4510,15.2818,26.1747,10.2742,7.7512,0.8347,28.9756
425,.stericx/kraken_dft_cache/425/39260.sdf,9,9,P,4,N N C,6.7772,3.6234,7.1418,46.0338,82.6741,14.0104,27.5067,11.7621,6.9586,0.8574,26.7394
426,.stericx/kraken_dft_cache/426/39269.sdf,3,3,P,16,N N C,5.2937,2.9786,7.1556,29.8243,53.5628,11.2713,15.7860,4.0096,2.9489,0.9402,16.7854
427,.stericx/kraken_dft_cache/427/39272.sdf,12,12,P,12,N N C,5.6142,2.7460,7.2316,30.6686,55.0791,10.6603,17.6743,6.9100,2.8907,0.9259,18.5402
428,.stericx/kraken_dft_cache/428/39284.sdf,16,16,P,14,N N C,5.5098,3.5916,6.8157,45.3746,81.4902,11.1970,28.5810,16.7073,6.6788,0.8955,22.3371
429,.stericx/kraken_dft_cache/429/39300.sdf,32,32,P,12,N N C,5.1844,3.6247,6.8345,39.2420,70.4764,11.2840,24.5663,12.4879,6.7954,0.9108,20.4493
43,.stericx/kraken_dft_cache/43/32439.sdf,35,35,P,4,C C C,5.9802,3.3272,7.3929,43.6104,78.3218,11.5513,29.7635,16.2613,12.4485,0.9524,14.7508
430,.stericx/kraken_dft_cache/430/39332.sdf,17,17,P,8,N N C,4.7106,2.7832,6.8135,30.7285,55.1867,10.6768,17.5908,6.8242,4.4526,0.9132,19.9392
431,.stericx/kraken_dft_cache/431/39349.sdf,10,10,P,13,N N C,5.5969,3.6896,6.8511,44.2543,79.4782,11.0521,26.7771,15.7250,15.7005,0.9287,18.4050
432,.stericx/kraken_dft_cache/432/39359.sdf,26,26,P,11,N N C,5.2290,3.6065,6.8393,37.2654,66.9265,11.1283,22.5107,11.0781,4.9654,0.9373,16.9525
433,.stericx/kraken_dft_cache/433/39385.sdf,11,11,P,9,N N C,5.0618,2.7488,6.8489,29.2392,52.5120,10.9449,15.4409,4.2957,1.9349,0.9504,15.0686
434,.stericx/kraken_dft_cache/434/39396.sdf,9,9,P,7,N N C,4.6496,2.7125,6.8572,28.7938,51.7121,10.7843,15.0892,4.1003,1.6901,0.9433,16.2208
435,.stericx/kraken_dft_cache/435/39405.sdf,4,4,P,12,N N C,5.7404,3.6963,6.8856,39.4892,70.9204,11.8657,22.1666,10.3009,7.5297,0.9672,12.0108
436,.stericx/kraken_dft_cache/436/39409.sdf,26,26,P,10,N N C,5.1400,3.4480,6.8721,35.3500,63.4866,11.2264,20.6839,8.9701,6.4224,0.9637,12.5724
437,.stericx/kraken_dft_cache/437/39435.sdf,1,1,P,4,C C C,6.9635,1.9076,4.9351,24.7923,44.5256,9.5928,13.0080,3.4152,3.4152,0.9354,16.4309
438,.stericx/kraken_dft_cache/438/39436.sdf,46,46,P,3,O O C,5.2147,2.6097,8.0528,31.6253,56.7973,10.3798,18.5615,7.8672,2.9956,0.9566,13.6314
439,.stericx/kraken_dft_cache/439/39482.sdf,19,19,P,9,C C C,6.9610,2.7808,6.8863,34.4479,61.8665,11.2639,23.0278,11.1486,3.7882,0.9201,19.5819
44,.stericx/kraken_dft_cache/44/32474.sdf,38,38,P,9,C C C,6.2032,3.8929,7.3866,46.9799,84.3732,13.2917,34.3972,19.6973,3.5434,0.9242,18.8885
440,.stericx/kraken_dft_cache/440/39501.sdf,54,54,P,7,C C C,7.0413,2.6967,8.7015,32.4341,58.2498,9.9567,21.2520,10.6414,1.8649,0.9447,15.9651
441,.stericx/kraken_dft_cache/441/39555.sdf,19,19,P,13,C C C,7.1323,2.9552,8.6413,41.1215,73.8519,10.8277,30.4956,17.4900,4.6624,0.9127,20.3381
442,.stericx/kraken_dft_cache/442/39574.sdf,5,5,P,4,C C C,7.4987,3.3492,5.3761,35.1090,63.0539,13.2598,18.5352,5.2755,5.2219,0.8592,26.4896
443,.stericx/kraken_dft_cache/443/39579.sdf,27,27,P,17,C C C,6.9600,2.7738,8.9661,35.3566,63.4984,11.3175,20.9094,8.8714,4.6157,0.9386,16.8017
444,.stericx/kraken_dft_cache/444/39606.sdf,9,9,P,2,C C C,9.1414,2.9818,6.8897,27.3163,49.0585,10.1614,14.5285,4.0252,3.4618,0.9385,17.0808
445,.stericx/kraken_dft_cache/445/39615.sdf,1,1,P,5,O O O,5.0233,1.5200,6.4472,20.6711,37.1241,8.9867,9.5812,0.5945,0.5945,0.9516,15.1198
446,.stericx/kraken_dft_cache/446/39616.sdf,5,5,P,5,O O O,4.3179,1.5200,6.7742,23.2178,41.6979,8.7839,13.8566,5.0727,1.2355,0.9572,13.5463
447,.stericx/kraken_dft_cache/447/39621.sdf,52,52,P,4,O O O,5.7329,2.1863,6.0684,30.9513,55.5869,9.9380,19.0440,8.5088,1.6085,0.9586,13.4822
448,.stericx/kraken_dft_cache/448/39673.sdf,41,41,P,6,O O O,5.6604,2.5770,7.7799,36.4951,65.5432,9.7313,22.9374,11.6042,3.8348,0.9574,13.6232
449,.stericx/kraken_dft_cache/449/39714.sdf,41,41,P,5,N N N,5.5058,3.2151,5.9592,36.1907,64.9965,12.5719,19.5032,6.2547,3.2986,0.9106,20.0538
45,.stericx/kraken_dft_cache/45/32512.sdf,28,28,P,2,C C C,6.1940,2.8418,7.3934,36.6788,65.8730,10.0083,29.6585,18.8126,3.0422,0.9409,16.6610
450,.stericx/kraken_dft_cache/450/39755.sdf,21,21,P,2,O N O,4.5941,2.4481,5.8367,33.5132,60.1878,10.3466,22.8922,11.3862,4.6973,0.9444,15.6641
451,.stericx/kraken_dft_cache/451/39776.sdf,5,5,P,2,O O O,4.5434,1.5200,4.5630,21.8860,39.3061,8.7932,12.0662,3.2310,1.3288,0.9470,15.1506
452,.stericx/kraken_dft_cache/452/39781.sdf,9,9,P,2,S S S,4.7578,2.1873,4.9958,29.6217,53.1989,10.2196,16.8208,5.0677,2.3195,0.9209,19.0881
453,.stericx/kraken_dft_cache/453/39790.sdf,24,24,P,5,O O O,6.4536,1.9533,6.4943,32.0732,57.6016,9.5209,21.2958,10.8206,1.1423,0.9515,15.0339
454,.stericx/kraken_dft_cache/454/39814.sdf,22,22,P,6,O O O,5.4583,2.1977,5.9656,33.2428,59.7021,10.0739,20.1812,9.1218,0.8392,0.9686,11.6172
455,.stericx/kraken_dft_cache/455/39836.sdf,1,1,P,7,C C C,9.1546,3.0289,9.1419,28.2451,50.7266,11.4694,13.9055,1.2588,1.2588,0.9317,18.1350
456,.stericx/kraken_dft_cache/456/39837.sdf,61,61,P,5,C C C,6.9775,2.9321,7.4753,34.4572,61.8832,10.3650,22.5729,11.3871,3.0888,0.9459,15.9410
457,.stericx/kraken_dft_cache/457/39898.sdf,35,35,P,4,C C C,6.9635,2.5694,5.9794,30.1355,54.1218,10.2019,17.6054,6.9453,1.1656,0.9394,16.8633
458,.stericx/kraken_dft_cache/458/39933.sdf,8,8,P,4,C C C,7.0743,3.2067,8.9622,43.7784,78.6235,11.4039,34.1751,19.6300,3.6250,0.9238,19.1281
459,.stericx/kraken_dft_cache/459/39941.sdf,30,30,P,3,O O C,5.2751,2.0862,5.5655,25.4312,45.6729,9.2498,14.8411,5.4993,4.0679,0.9458,15.3561
46,.stericx/kraken_dft_cache/46/32540.sdf,44,44,P,4,C C C,6.1940,3.4250,7.3822,45.3560,81.4568,11.8996,32.1372,18.2638,5.3384,0.9412,16.5270
460,.stericx/kraken_dft_cache/460/39971.sdf,2,2,P,9,N N N,4.7618,2.4710,5.6966,30.7860,55.2898,11.0498,17.0118,4.2777,1.6318,0.8906,22.8481
461,.stericx/kraken_dft_cache/461/39973.sdf,65,65,P,6,C C C,6.9614,2.8222,8.3306,42.0795,75.5725,10.9185,28.7586,15.4217,1.8766,0.9339,17.6925
462,.stericx/kraken_dft_cache/462/40038.sdf,29,29,P,2,C C C,6.9688,2.1183,4.3743,25.1130,45.1016,9.7588,13.6310,3.6696,1.3521,0.9508,15.0614
463,.stericx/kraken_dft_cache/463/40067.sdf,30,30,P,4,C C C,6.9654,2.2834,6.8874,29.0505,52.1730,10.4853,17.2333,6.2748,2.3545,0.9323,17.9257
464,.stericx/kraken_dft_cache/464/40097.sdf,35,35,P,3,C C C,6.9702,2.4922,5.5782,28.4635,51.1189,9.9991,15.9769,5.4653,2.3662,0.9464,15.8188
465,.stericx/kraken_dft_cache/465/40132.sdf,23,23,P,3,C C C,6.9657,2.2376,6.8074,28.5761,51.3210,10.3114,16.1850,5.5487,2.6925,0.9335,17.7793
466,.stericx/kraken_dft_cache/466/40155.sdf,35,35,P,3,O O O,6.1680,1.9540,5.7639,27.2252,48.8949,9.1775,16.7552,6.5133,3.1937,0.9517,14.7648
467,.stericx/kraken_dft_cache/467/40190.sdf,6,6,P,6,C C C,6.0243,3.0496,6.8444,31.1159,55.8824,10.9274,19.0186,7.8639,2.7741,0.9289,18.4730
468,.stericx/kraken_dft_cache/468/40196.sdf,9,9,P,8,N C C,6.3306,3.2901,5.5076,38.5456,69.2258,14.7745,21.3860,6.3693,3.1238,0.8795,24.5280
469,.stericx/kraken_dft_cache/469/40205.sdf,68,68,P,6,C C C,7.9253,3.1274,7.9654,38.0994,68.4243,11.2639,24.1334,11.8829,1.3871,0.9549,14.5105
47,.stericx/kraken_dft_cache/47/32584.sdf,21,21,P,3,C C C,6.2126,3.3575,7.3863,42.3583,76.0732,11.6315,33.5863,20.8469,3.6017,0.9209,19.4447
470,.stericx/kraken_dft_cache/470/40273.sdf,51,51,P,5,O O C,6.0490,2.9627,6.5640,33.0433,59.3439,11.9555,18.7128,6.2688,2.4944,0.9630,12.7048
471,.stericx/kraken_dft_cache/471/40324.sdf,19,19,P,10,C C C,6.9700,2.9633,6.9292,39.6988,71.2968,11.7197,28.3257,15.2165,8.0193,0.9210,19.4198
472,.stericx/kraken_dft_cache/472/40343.sdf,20,20,P,4,N N N,5.9487,2.9461,6.0094,30.9463,55.5777,11.3406,16.5129,4.5633,3.2403,0.9130,18.9868
473,.stericx/kraken_dft_cache/473/40363.sdf,34,34,P,16,C C C,7.1806,3.0861,8.7302,45.5924,81.8815,11.1115,33.4035,18.8322,3.7299,0.9147,20.0934
474,.stericx/kraken_dft_cache/474/40397.sdf,10,10,P,10,C C C,7.1745,3.6213,6.8796,32.3170,58.0395,11.3039,22.2710,10.4099,10.3388,0.9160,20.1908
475,.stericx/kraken_dft_cache/475/40407.sdf,3,3,P,4,C C C,6.9483,2.0335,6.8919,27.0833,48.6401,10.1173,14.4961,3.5007,3.1937,0.9558,14.3302
476,.stericx/kraken_dft_cache/476/40410.sdf,5,5,P,8,C C C,6.9487,2.6748,6.8352,30.5530,54.8714,11.2480,15.4138,4.1658,4.1612,0.9178,19.9412
477,.stericx/kraken_dft_cache/477/40415.sdf,55,55,P,5,N C C,5.3529,3.3343,7.4118,38.4760,69.1007,11.9886,24.0231,10.8061,2.4944,0.9348,17.4503
478,.stericx/kraken_dft_cache/478/40470.sdf,27,27,P,3,O O C,5.1043,2.2685,9.0983,27.6345,49.6300,9.9533,15.7895,5.6169,1.2355,0.9437,15.8481
479,.stericx/kraken_dft_cache/479/40497.sdf,8,8,P,4,O O C,4.5352,1.9090,6.8575,24.5270,44.0492,9.1616,13.1377,3.8159,1.3871,0.9553,14.2624
48,.stericx/kraken_dft_cache/48/32605.sdf,56,56,P,4,C C C,6.2005,3.1995,7.4251,43.0688,77.3491,10.9447,31.3521,19.0258,3.2637,0.9475,15.6622
480,.stericx/kraken_dft_cache/480/40505.sdf,2,2,P,3,N O O,5.2737,1.8404,6.6796,23.8577,42.8472,8.8119,15.0012,5.8396,3.6483,0.9637,12.2573
481,.stericx/kraken_dft_cache/481/40507.sdf,3,3,P,2,O O O,4.5261,1.7912,7.0793,22.5640,40.5237,8.7691,13.6025,4.8333,1.2239,0.9606,12.9700
482,.stericx/kraken_dft_cache/482/40510.sdf,41,41,P,4,N N C,5.5413,3.9979,6.5427,45.0556,80.9174,14.9759,25.3326,9.7071,4.1495,0.8997,21.7109
483,.stericx/kraken_dft_cache/483/40551.sdf,8,8,P,10,C C C,7.6785,3.1775,6.9963,26.4862,47.5678,10.2514,13.7044,3.3249,3.2054,0.9621,13.2538
484,.stericx/kraken_dft_cache/484/40559.sdf,46,46,P,3,O O C,5.0943,2.5572,7.1494,30.1776,54.1972,9.8591,16.8659,6.6464,4.4992,0.9504,14.8841
485,.stericx/kraken_dft_cache/485/40605.sdf,12,12,P,13,N N N,5.4488,3.8058,5.8083,46.3763,83.2893,16.7175,25.2516,7.7560,1.8766,0.9246,19.0767
486,.stericx/kraken_dft_cache/486/40617.sdf,55,55,P,31,C C C,10.4430,2.8029,10.8747,29.7183,53.3724,11.3365,15.9767,3.7432,1.3404,0.9337,17.8464
487,.stericx/kraken_dft_cache/487/40672.sdf,54,54,P,0,C C C,10.4621,2.8969,11.4181,28.0758,50.4226,11.2672,14.1119,1.9845,1.3871,0.9360,17.4917
488,.stericx/kraken_dft_cache/488/40726.sdf,33,33,P,15,N N N,5.6783,4.7077,6.7004,43.2967,77.7584,14.8662,24.5163,8.9479,2.7275,0.9118,20.6509
489,.stericx/kraken_dft_cache/489/40759.sdf,15,15,P,9,C C C,6.9595,2.6101,7.8731,28.2849,50.7980,11.3451,14.2428,2.0942,1.7367,0.9338,17.8195
49,.stericx/kraken_dft_cache/49/32661.sdf,26,26,P,10,C C C,9.1608,4.9939,8.8174,75.0689,134.8195,31.2267,37.4124,5.8553,5.6415,0.6991,41.1994
490,.stericx/kraken_dft_cache/490/40774.sdf,15,15,P,6,C C C,6.9540,2.3118,7.3709,30.8654,55.4324,11.2006,17.2189,5.4247,3.8931,0.9243,19.0206
491,.stericx/kraken_dft_cache/491/40789.sdf,7,7,P,3,C C C,4.9373,2.8970,5.1213,34.9484,62.7654,13.4409,17.9002,3.6483,2.7275,0.8524,27.2969
492,.stericx/kraken_dft_cache/492/40796.sdf,2,2,P,4,C C C,8.9044,2.9821,5.1091,35.0986,63.0352,13.2120,18.6087,5.3967,5.3850,0.8588,26.5311
493,.stericx/kraken_dft_cache/493/40798.sdf,24,24,P,2,C C C,8.5938,2.4411,4.9816,26.6247,47.8165,9.8648,14.1479,3.7357,1.9815,0.9350,17.5023
494,.stericx/kraken_dft_cache/494/40822.sdf,13,13,P,3,O O N,6.1785,3.6425,8.7790,43.6521,78.3968,11.3170,29.3057,16.1721,14.8963,0.9516,14.1243
495,.stericx/kraken_dft_cache/495/40835.sdf,4,4,P,6,C C C,7.3010,2.4981,8.0396,28.3603,50.9334,11.2713,14.3193,2.4740,2.4477,0.9286,18.5646
496,.stericx/kraken_dft_cache/496/40839.sdf,25,25,P,17,N O O,7.0113,4.0232,7.7481,41.4823,74.5000,10.4008,31.0574,18.5921,8.0309,0.9208,18.7171
497,.stericx/kraken_dft_cache/497/40864.sdf,6,6,P,4,C C C,6.9530,2.6523,6.7750,27.2780,48.9898,10.4787,14.9895,4.5108,4.5108,0.9184,19.9187
498,.stericx/kraken_dft_cache/498/40870.sdf,2,2,P,3,N O O,4.5404,2.5387,7.6136,27.3851,49.1821,9.6628,15.2693,5.4375,5.4317,0.9281,17.7578
499,.stericx/kraken_dft_cache/499/40872.sdf,48,48,P,6,C C C,4.7896,2.4133,7.0855,27.6516,49.6608,9.8784,16.1235,5.9681,3.1354,0.9449,16.0046
5,.stericx/kraken_dft_cache/5/31801.sdf,27,27,P,10,C C C,6.9894,3.6263,7.3299,47.6914,85.6511,13.4280,34.4652,19.3078,3.3919,0.9198,19.4660
50,.stericx/kraken_dft_cache/50/32687.sdf,28,28,P,8,C C C,9.0233,4.2411,8.8231,43.1582,77.5098,13.1912,27.4580,13.9009,6.5506,0.8862,23.6553
500,.stericx/kraken_dft_cache/500/40920.sdf,49,49,P,4,O O C,5.5890,2.3865,6.8829,29.4498,52.8903,9.8683,17.6378,7.2595,4.0796,0.9513,14.6628
501,.stericx/kraken_dft_cache/501/40969.sdf,7,7,P,2,O O O,4.5618,1.7245,7.2060,22.6765,40.7258,8.8718,13.0013,4.1145,1.8416,0.9568,14.1218
502,.stericx/kraken_dft_cache/502/40976.sdf,22,22,P,3,N C C,6.8501,3.8272,7.0488,36.6672,65.8522,12.8528,24.1776,11.0657,3.0422,0.9276,18.4671
503,.stericx/kraken_dft_cache/503/40998.sdf,1,1,P,1,C C C,3.5689,1.7895,5.0828,26.4603,47.5212,9.6861,15.3508,4.6857,4.6857,0.9353,17.5472
504,.stericx/kraken_dft_cache/504/40999.sdf,36,36,P,3,O O C,4.9483,2.4805,8.5202,29.2911,52.6051,9.7790,17.7785,7.4598,4.2078,0.9585,13.4907
505,.stericx/kraken_dft_cache/505/41035.sdf,16,16,P,2,N O C,5.1084,3.1521,6.8531,35.4629,63.6894,9.8354,24.6326,12.9708,3.1704,0.9208,18.9240
506,.stericx/kraken_dft_cache/506/41051.sdf,45,45,P,4,N C C,5.5390,3.6589,6.7407,40.1072,72.0302,12.5327,24.2267,10.3471,3.5434,0.9274,18.4632
507,.stericx/kraken_dft_cache/507/41096.sdf,38,38,P,7,C C C,6.9567,1.9713,7.7284,26.6140,47.7972,10.5713,14.6907,3.8879,2.7858,0.9386,17.0529
508,.stericx/kraken_dft_cache/508/41134.sdf,7,7,P,1,C C C,7.4597,2.0465,8.1083,27.6730,49.6992,9.8443,15.7455,5.2102,2.8324,0.9346,17.6700
509,.stericx/kraken_dft_cache/509/41141.sdf,10,10,P,4,C C C,6.9580,2.3701,6.8172,27.3475,49.1145,10.8808,14.3344,3.2217,2.7391,0.9339,17.7873
51,.stericx/kraken_dft_cache/51/32715.sdf,8,8,P,12,C C C,6.8740,4.9934,6.5548,75.4624,135.5263,31.3093,37.6034,5.8250,5.4783,0.6947,41.5473
510,.stericx/kraken_dft_cache/510/41151.sdf,43,43,P,5,O O C,5.9224,2.6406,6.8923,31.9776,57.4301,10.0994,20.4976,9.7595,3.4618,0.9519,14.5682
511,.stericx/kraken_dft_cache/511/41194.sdf,7,7,P,3,N N C,4.7186,2.6824,8.2785,29.9918,53.8637,10.8383,16.1002,5.2618,3.8581,0.9204,18.7104
512,.stericx/kraken_dft_cache/512/41201.sdf,29,29,P,3,O O C,5.3438,2.5020,8.0686,27.3015,49.0320,9.6925,15.5269,5.6965,3.2170,0.9464,15.2893
513,.stericx/kraken_dft_cache/513/41230.sdf,33,33,P,4,O O C,5.2802,3.1386,8.0784,33.4555,60.0841,10.4186,20.9068,9.9669,6.5273,0.9513,14.5034
514,.stericx/kraken_dft_cache/514/41263.sdf,38,38,P,3,O O C,5.2932,2.6573,8.0905,31.0020,55.6779,9.5404,17.6265,7.8205,4.4176,0.9504,14.7541
515,.stericx/kraken_dft_cache/515/41301.sdf,28,28,P,3,O O C,5.4031,2.6211,7.3912,27.5856,49.5422,9.8293,15.6660,5.7418,3.6250,0.9474,15.1332
516,.stericx/kraken_dft_cache/516/41329.sdf,41,41,P,3,O O C,5.3435,2.5114,6.8869,27.2491,48.9378,9.6727,15.6161,5.8572,2.5760,0.9441,15.6287
517,.stericx/kraken_dft_cache/517/41370.sdf,29,29,P,3,O O C,5.2771,2.6645,6.8919,28.9332,51.9625,9.6640,15.6917,5.5438,4.4409,0.9477,15.1648
518,.stericx/kraken_dft_cache/518/41399.sdf,36,36,P,3,O O C,5.4225,2.6073,7.5764,27.3280,49.0795,9.6916,15.5144,5.7541,3.7998,0.9470,15.1148
519,.stericx/kraken_dft_cache/519/41435.sdf,6,6,P,3,O O S,6.1879,1.5200,6.2456,22.8691,41.0716,8.9595,13.1906,4.0524,1.8533,0.9427,16.2128
52,.stericx/kraken_dft_cache/52/32723.sdf,4,4,P,7,C C C,9.0351,3.5072,8.6472,48.5381,87.1717,19.5703,24.3113,3.4123,3.3919,0.7609,36.0396
520,.stericx/kraken_dft_cache/520/41441.sdf,3,3,P,2,O C C,4.6135,2.2957,7.8584,37.2317,66.8661,9.8570,25.6158,12.6700,12.6700,0.9057,21.1610
521,.stericx/kraken_dft_cache/521/41444.sdf,40,40,P,3,O O C,5.7005,2.6623,6.9386,28.7643,51.6590,9.4978,16.0668,5.7356,3.6949,0.9523,14.1681
522,.stericx/kraken_dft_cache/522/41484.sdf,42,42,P,9,C C C,9.6202,3.3307,10.1908,26.6576,47.8756,10.4121,13.3050,2.5513,1.1190,0.9453,16.0364
523,.stericx/kraken_dft_cache/523/41526.sdf,42,42,P,9,C C C,10.8120,2.8603,10.7510,28.4528,51.0995,11.0651,14.2949,2.1441,1.5153,0.9375,17.2476
524,.stericx/kraken_dft_cache/524/41568.sdf,1,1,P,3,N N N,5.1248,2.6554,5.1501,24.7339,44.4207,10.3505,11.8657,1.5153,1.5153,0.9729,11.1859
525,.stericx/kraken_dft_cache/525/41569.sdf,4,4,P,1,O O C,6.4522,1.7732,7.1762,22.2969,40.0439,8.9984,11.5160,2.4244,1.2705,0.9623,13.0084
527,.stericx/kraken_dft_cache/527/41573.sdf,4,4,P,8,C C C,6.9557,3.9889,7.0308,42.2232,75.8305,14.9837,26.1034,10.7817,4.2311,0.8247,29.8400
528,.stericx/kraken_dft_cache/528/41577.sdf,19,19,P,3,C C C,6.9886,3.3793,8.8952,46.3385,83.2214,12.3013,34.9904,20.6021,3.4152,0.9137,20.3384
529,.stericx/kraken_dft_cache/529/41596.sdf,24,24,P,9,C C C,6.9895,4.0371,8.7799,56.0926,100.7392,14.6121,40.5641,22.7591,3.9747,0.9272,18.5665
53,.stericx/kraken_dft_cache/53/32727.sdf,12,12,P,10,C C C,6.9448,3.8471,6.5952,42.8127,76.8892,13.9813,26.7309,12.2154,4.3710,0.8798,24.3441
530,.stericx/kraken_dft_cache/530/41620.sdf,23,23,P,14,C C C,6.9610,3.0503,6.9223,43.5618,78.2345,11.2758,33.4160,19.3179,2.3428,0.9224,19.2205
531,.stericx/kraken_dft_cache/531/41643.sdf,13,13,P,9,C C C,6.9585,2.9210,7.9486,37.2424,66.8852,11.1583,26.9790,14.3700,3.4502,0.9211,19.4334
532,.stericx/kraken_dft_cache/532/41656.sdf,6,6,P,9,C C C,6.9643,3.7461,5.6377,43.5683,78.2462,15.2362,28.0772,12.3145,4.2661,0.8397,28.4175
533,.stericx/kraken_dft_cache/533/41662.sdf,46,46,P,3,N S S,5.2476,2.9666,5.7774,35.6294,63.9885,11.1714,22.0140,9.4002,5.0936,0.9104,20.3551
534,.stericx/kraken_dft_cache/534/41708.sdf,24,24,P,24,C C C,7.8705,4.3341,9.6717,67.2148,120.7140,17.5286,40.8414,20.7087,12.4252,0.7679,35.2308
535,.stericx/kraken_dft_cache/535/41732.sdf,11,11,P,7,C C C,6.9616,2.5732,7.4927,28.2858,50.7997,11.3910,14.0793,1.7113,1.5852,0.9332,17.9123
536,.stericx/kraken_dft_cache/536/41743.sdf,18,18,P,8,C C C,7.3332,4.3726,8.5291,46.9561,84.3306,13.8524,32.0784,16.3338,3.5434,0.9120,20.4216
537,.stericx/kraken_dft_cache/537/41761.sdf,30,30,P,4,C C C,5.7594,2.2448,5.2830,26.3363,47.2985,9.3306,18.0162,8.4929,1.6318,0.9655,12.1788
538,.stericx/kraken_dft_cache/538/41791.sdf,4,4,P,1,C C C,4.1560,1.8378,7.3582,24.3477,43.7272,9.5986,14.1357,4.5312,0.9908,0.9524,14.9396
539,.stericx/kraken_dft_cache/539/41795.sdf,29,29,P,17,C C C,6.9926,4.5800,7.1514,57.4628,103.1999,13.0016,41.7648,24.8950,17.5655,0.9231,19.0689
54,.stericx/kraken_dft_cache/54/32739.sdf,14,14,P,4,C C C,6.1906,2.5962,6.3130,26.4997,47.5919,10.2214,13.3210,2.7050,1.1539,0.9471,15.7547
540,.stericx/kraken_dft_cache/540/41824.sdf,48,48,P,7,O O C,5.9446,3.6582,7.1945,46.5412,83.5853,13.0942,29.5800,14.0245,5.6997,0.9561,13.9682
541,.stericx/kraken_dft_cache/541/41872.sdf,38,38,P,9,O O O,6.7334,2.8069,8.0823,33.7338,60.5841,10.5256,20.4319,8.8085,2.2729,0.9629,12.6448
542,.stericx/kraken_dft_cache/542/41910.sdf,28,28,P,11,O O O,7.4459,3.5196,7.7038,36.6329,65.7906,10.6906,22.0988,10.0462,4.3943,0.9725,10.5423
543,.stericx/kraken_dft_cache/543/41938.sdf,29,29,P,11,O O O,6.4173,3.9935,7.8209,55.3490,99.4037,17.4252,33.0743,14.2134,2.1913,0.9734,10.4914
544,.stericx/kraken_dft_cache/544/41967.sdf,49,49,P,10,O O O,6.2751,3.3040,7.3063,39.1665,70.3409,11.5596,23.9379,11.3840,2.1680,0.9676,11.7953
545,.stericx/kraken_dft_cache/545/42016.sdf,36,36,P,6,O O O,6.9909,3.0273,8.0519,34.0089,61.0780,10.7108,19.9824,7.9040,2.3428,0.9641,12.4364
547,.stericx/kraken_dft_cache/547/42052.sdf,15,15,P,5,O O O,5.8304,2.7952,5.9593,39.6296,71.1726,12.0942,22.6513,9.2797,2.9606,0.9581,13.5141
548,.stericx/kraken_dft_cache/548/42067.sdf,7,7,P,5,C C C,5.8268,3.9308,6.2224,45.9511,82.5256,18.2082,23.2169,5.0037,3.5317,0.9500,15.1690
549,.stericx/kraken_dft_cache/549/42074.sdf,16,16,P,9,O O O,5.9707,3.6820,7.2101,45.7133,82.0985,13.7409,27.1692,12.2387,3.8115,0.9644,12.4355
55,.stericx/kraken_dft_cache/55/32753.sdf,23,23,P,6,C C C,9.0567,4.0706,8.9563,46.2481,83.0591,15.3873,26.1554,9.8771,4.8022,0.9049,21.4381
550,.stericx/kraken_dft_cache/550/42090.sdf,21,21,P,4,O O O,5.2968,2.7667,5.7953,36.6192,65.7660,11.3534,21.9115,9.6850,1.7484,0.9703,11.4534
551,.stericx/kraken_dft_cache/551/42111.sdf,4,4,P,8,C C C,6.9205,2.2329,6.8905,26.5511,47.6844,10.5340,14.4767,3.9426,2.9956,0.9576,13.9168
552,.stericx/kraken_dft_cache/552/42115.sdf,1,1,P,4,S S S,4.6769,1.8000,6.2009,23.0919,41.4718,9.9308,10.8050,0.8742,0.8742,0.9430,16.4730
553,.stericx/kraken_dft_cache/553/42116.sdf,63,63,P,5,C C C,7.1151,3.0711,7.0941,37.2098,66.8267,11.0372,23.4735,11.3362,1.3171,0.9546,14.5412
554,.stericx/kraken_dft_cache/554/42179.sdf,53,53,P,4,C C C,6.9765,2.7686,6.6131,33.1552,59.5448,10.2262,20.5949,9.8240,1.0257,0.9433,16.3149
555,.stericx/kraken_dft_cache/555/42232.sdf,17,17,P,2,O O C,4.6109,1.7859,4.8503,25.7315,46.2123,9.2857,14.1619,4.6925,3.5667,0.9454,15.5104
556,.stericx/kraken_dft_cache/556/42249.sdf,46,46,P,4,O O O,5.9390,2.3231,6.3648,28.3678,50.9470,10.0259,16.2876,5.6212,1.5386,0.9578,13.6817
557,.stericx/kraken_dft_cache/557/42295.sdf,40,40,P,4,C C C,3.6095,2.2035,6.6624,31.1319,55.9111,9.7747,20.3518,10.4114,0.9908,0.9523,14.8528
558,.stericx/kraken_dft_cache/558/42335.sdf,55,55,P,4,C C C,6.1504,2.9011,7.0537,34.3723,61.7308,10.4405,21.4916,10.4098,3.6483,0.9509,15.1248
559,.stericx/kraken_dft_cache/559/42390.sdf,4,4,P,3,N C C,4.6824,2.7540,4.3035,29.0320,52.1398,11.3062,17.0613,5.7551,5.7464,0.9286,18.3537
56,.stericx/kraken_dft_cache/56/32776.sdf,19,19,P,6,C C C,9.0379,2.9203,8.8823,37.5765,67.4853,13.3350,20.2083,6.4979,2.9723,0.8973,22.4024
560,.stericx/kraken_dft_cache/560/42394.sdf,2,2,P,8,C C C,9.6180,3.4771,9.7452,28.1802,50.6100,11.4519,13.8531,1.3463,1.3404,0.9330,17.9474
561,.stericx/kraken_dft_cache/561/42396.sdf,5,5,P,8,C C C,9.1212,3.1227,9.2357,28.1399,50.5377,11.4741,13.8216,1.2961,1.2355,0.9340,17.8110
562,.stericx/kraken_dft_cache/562/42401.sdf,10,10,P,7,C C C,9.0874,3.0748,9.2207,28.2120,50.6671,11.4962,13.8752,1.3055,1.2355,0.9330,17.9396
563,.stericx/kraken_dft_cache/563/42411.sdf,10,10,P,8,O O O,6.5453,2.7457,7.5119,38.5352,69.2070,10.5673,21.6311,10.6792,8.8002,0.9781,9.5754
564,.stericx/kraken_dft_cache/564/42421.sdf,12,12,P,3,O N N,4.8494,2.5223,4.8316,29.5020,52.9839,10.4175,16.4407,5.1111,2.7158,0.9324,16.9839
565,.stericx/kraken_dft_cache/565/42433.sdf,6,6,P,2,C S S,3.5655,1.7369,4.7054,29.0758,52.2185,9.4918,16.9030,7.4054,5.5016,0.9277,17.6907
566,.stericx/kraken_dft_cache/566/42439.sdf,16,16,P,7,C C C,7.9041,4.1883,8.6701,27.3109,49.0488,11.1693,13.3890,1.3419,1.2239,0.9511,15.2048
567,.stericx/kraken_dft_cache/567/42455.sdf,1,1,P,3,C C C,5.5819,1.7000,5.6012,22.5078,40.4227,9.4413,11.5277,2.0864,2.0864,0.9331,17.2027
568,.stericx/kraken_dft_cache/568/42456.sdf,1,1,P,3,C C C,5.5816,1.7000,5.6005,27.3040,49.0364,9.6628,17.0643,6.6322,6.6322,0.9214,18.7113
569,.stericx/kraken_dft_cache/569/42457.sdf,53,53,P,14,N N C,5.8471,3.3275,6.7311,33.6167,60.3737,10.4351,20.9274,9.6977,2.3778,0.9739,10.6863
57,.stericx/kraken_dft_cache/57/32795.sdf,40,40,P,5,N N C,5.4798,3.2729,6.8510,35.1175,63.0690,11.7847,20.6485,8.3908,3.5201,0.9154,19.6096
570,.stericx/kraken_dft_cache/570/42510.sdf,59,59,P,14,O N N,5.3985,2.8499,6.8751,32.6528,58.6425,10.7126,20.8876,9.4984,2.8091,0.9406,15.7129
574,.stericx/kraken_dft_cache/574/42569.sdf,3,3,P,4,H C C,6.9642,1.7612,6.8187,24.4289,43.8729,7.9843,14.4883,6.5040,6.5040,0.9638,12.8310
575,.stericx/kraken_dft_cache/575/42572.sdf,1,1,P,0,H H C,6.9730,1.7269,3.4969,21.2357,38.1382,7.9843,13.8589,5.8746,5.8746,0.9828,8.7241
576,.stericx/kraken_dft_cache/576/42573.sdf,3,3,P,10,C C C,6.9712,2.3449,7.0099,31.4123,56.4146,11.2208,16.5242,4.2039,4.0329,0.9005,22.0574
577,.stericx/kraken_dft_cache/577/42576.sdf,2,2,P,4,N N N,6.0348,2.5218,6.1678,27.3592,49.1355,11.0148,13.5966,1.3521,1.3521,0.9552,14.5287
578,.stericx/kraken_dft_cache/578/42578.sdf,4,4,P,4,N C C,6.0412,2.7045,6.8896,27.7972,49.9223,10.8283,13.8006,2.0165,2.0165,0.9394,16.9914
579,.stericx/kraken_dft_cache/579/42582.sdf,26,26,P,7,C C C,9.1267,2.8641,9.6890,28.2967,50.8193,11.4802,13.9893,1.3956,1.2472,0.9323,18.0465
58,.stericx/kraken_dft_cache/58/32835.sdf,21,21,P,7,N N C,5.5810,3.9398,6.8453,42.3138,75.9932,12.6217,25.0075,11.6981,5.5832,0.8924,22.5844
580,.stericx/kraken_dft_cache/580/42608.sdf,16,16,P,6,C C C,9.1345,2.8540,9.0669,28.2171,50.6763,11.4942,13.8662,1.3062,1.2588,0.9327,17.9917
581,.stericx/kraken_dft_cache/581/42624.sdf,4,4,P,8,C C C,11.2978,2.6419,11.1262,28.2142,50.6712,11.4986,13.8560,1.3025,1.2822,0.9322,18.0549
582,.stericx/kraken_dft_cache/582/42628.sdf,2,2,P,6,C C C,8.8226,2.4756,8.6889,28.2548,50.7440,11.5102,13.8764,1.3521,1.3171,0.9311,18.2101
583,.stericx/kraken_dft_cache/583/42630.sdf,8,8,P,8,C C C,9.8647,2.4892,9.8495,28.2167,50.6756,11.5029,13.8312,1.3069,1.2938,0.9302,18.3375
584,.stericx/kraken_dft_cache/584/42638.sdf,38,38,P,10,C C C,8.5810,4.0746,8.7011,31.9735,57.4226,10.9744,19.8681,8.8517,3.5667,0.9409,16.7608
586,.stericx/kraken_dft_cache/586/42676.sdf,31,31,P,5,S S S,4.9807,2.9391,7.1417,38.7800,69.6467,10.5802,24.6842,13.0445,3.6483,0.9187,19.4446
587,.stericx/kraken_dft_cache/587/42707.sdf,31,31,P,5,C S S,6.9503,2.7777,6.8247,35.6911,64.0993,10.6298,23.7247,12.3034,5.5366,0.9302,17.9377
588,.stericx/kraken_dft_cache/588/42738.sdf,47,47,P,5,O O O,6.0199,2.9507,6.5328,39.9970,71.8324,12.1544,25.1815,12.3265,1.5269,0.9637,12.6311
589,.stericx/kraken_dft_cache/589/42785.sdf,40,40,P,5,O O O,6.3008,2.8773,7.1654,36.4621,65.4838,11.3776,23.4473,10.9096,1.6202,0.9618,13.0003
59,.stericx/kraken_dft_cache/59/32856.sdf,6,6,P,3,N N C,4.7295,2.5929,6.8535,29.9801,53.8426,10.4962,16.3843,5.8882,3.8698,0.9059,20.5651
590,.stericx/kraken_dft_cache/590/42825.sdf,46,46,P,4,O O C,5.9706,2.4730,6.8767,28.2771,50.7841,9.8044,16.9284,6.9084,3.3103,0.9447,15.6292
591,.stericx/kraken_dft_cache/591/42871.sdf,22,22,P,5,C C S,6.9576,2.6354,6.8964,31.7135,56.9556,11.3041,20.4349,8.9327,3.9747,0.9366,17.1895
594,.stericx/kraken_dft_cache/594/42893.sdf,40,40,P,4,O O C,5.8989,2.9706,6.8882,38.0912,68.4097,10.6692,26.5158,14.9365,4.3127,0.9523,14.4380
595,.stericx/kraken_dft_cache/595/42933.sdf,35,35,P,4,O O C,6.3938,3.1605,7.0286,34.4684,61.9032,10.6815,22.1556,10.5363,4.6391,0.9528,14.3751
598,.stericx/kraken_dft_cache/598/42968.sdf,27,27,P,4,O C C,5.8633,2.6942,6.8857,28.2136,50.6700,9.9403,16.3455,6.0360,4.2194,0.9473,15.5640
6,.stericx/kraken_dft_cache/6/31828.sdf,1,1,P,10,C C C,6.9770,3.6501,7.0660,36.4681,65.4946,15.2693,17.2508,1.4453,1.4453,0.8218,30.5103
60,.stericx/kraken_dft_cache/60/32862.sdf,1,1,P,0,C C C,7.9122,3.4545,7.6416,48.4034,86.9298,19.5703,24.2093,3.2986,3.2986,0.7557,36.4860
600,.stericx/kraken_dft_cache/600/42995.sdf,33,33,P,4,O C C,5.8929,2.9441,6.8843,32.0670,57.5905,10.2212,21.4479,10.9368,4.7673,0.9468,15.5446
602,.stericx/kraken_dft_cache/602/43028.sdf,26,26,P,4,O C C,6.2845,3.2406,6.8902,31.5431,56.6496,10.1689,20.2795,9.8179,4.7789,0.9498,15.1208
604,.stericx/kraken_dft_cache/604/43054.sdf,2,2,P,5,C C C,8.4029,2.4619,6.8663,28.2191,50.6799,11.5044,13.8472,1.3521,1.3521,0.9324,18.0306
606,.stericx/kraken_dft_cache/606/43056.sdf,16,16,P,5,O O C,5.7762,3.0023,6.8791,37.6517,67.6203,11.7324,23.4095,10.7693,9.1266,0.9535,14.1753
607,.stericx/kraken_dft_cache/607/43072.sdf,15,15,P,8,C C C,6.9592,2.7596,6.8404,33.1629,59.5586,11.3233,21.4453,9.6682,4.1262,0.9160,20.0133
608,.stericx/kraken_dft_cache/608/43087.sdf,3,3,P,7,C C C,7.0010,3.5721,7.4238,32.0396,57.5414,11.2208,19.0613,7.8405,6.3525,0.9331,17.9193
609,.stericx/kraken_dft_cache/609/43090.sdf,38,38,P,5,C C C,6.9667,2.1739,7.1627,30.2099,54.2552,10.3155,19.2728,8.3097,2.6925,0.9348,17.5770
61,.stericx/kraken_dft_cache/61/32863.sdf,1,1,P,5,C C C,7.4724,2.5059,7.3641,28.3814,50.9713,11.5743,13.9405,1.2938,1.2938,0.9330,17.9519
610,.stericx/kraken_dft_cache/610/43128.sdf,21,21,P,5,N C C,5.3267,3.1192,6.8473,31.4039,56.3996,10.9199,19.3322,8.2557,2.2379,0.9151,20.1624
611,.stericx/kraken_dft_cache/611/43149.sdf,46,46,P,6,C C C,6.9666,2.2959,7.4940,31.0358,55.7386,10.3614,19.7426,8.6327,2.7275,0.9349,17.5567
612,.stericx/kraken_dft_cache/612/43195.sdf,11,11,P,7,N C C,5.6237,3.7126,6.8337,35.4709,63.7038,11.1632,23.9805,12.1063,7.3899,0.9085,21.0321
614,.stericx/kraken_dft_cache/614/43206.sdf,61,61,P,6,C C C,6.9775,3.0183,8.2038,36.9177,66.3021,10.6499,24.0490,12.3845,3.0422,0.9474,15.7272
615,.stericx/kraken_dft_cache/615/43267.sdf,4,4,P,3,N N C,4.7035,2.4183,4.8023,28.3035,50.8315,9.6977,16.0910,6.3933,4.7323,0.9174,19.2410
617,.stericx/kraken_dft_cache/617/43271.sdf,36,36,P,7,C C C,7.2146,2.5231,7.3490,30.4104,54.6154,11.2651,17.0354,5.2652,2.2263,0.9260,18.8028
618,.stericx/kraken_dft_cache/618/43307.sdf,36,36,P,3,C C C,6.3028,3.0806,6.4996,32.7346,58.7895,11.1929,19.0811,7.3831,2.7042,0.9305,18.0032
62,.stericx/kraken_dft_cache/62/32864.sdf,5,5,P,6,C C C,9.0612,2.6313,8.9838,28.3165,50.8548,11.4951,13.9778,1.3591,1.2239,0.9323,18.0461
622,.stericx/kraken_dft_cache/622/43343.sdf,3,3,P,4,C Si Si,6.9828,2.8673,5.6635,31.8795,57.2539,12.0289,16.9089,4.8799,4.8722,0.9035,21.6574
623,.stericx/kraken_dft_cache/623/43346.sdf,22,22,P,1,C C C,3.5707,1.9269,6.8696,30.4376,54.6641,10.2265,18.7745,8.2211,3.4152,0.9349,17.4731
625,.stericx/kraken_dft_cache/625/43368.sdf,18,18,P,7,N N N,5.6634,4.1387,6.0082,48.8145,87.6680,17.9786,26.5114,7.7985,2.0514,0.8920,22.8677
63,.stericx/kraken_dft_cache/63/32869.sdf,10,10,P,9,C C C,6.9664,4.2378,6.8142,48.0432,86.2829,15.2762,27.7679,11.2654,4.9305,0.9042,21.5623
638,.stericx/kraken_dft_cache/638/43386.sdf,23,23,P,12,O O O,6.6524,3.7145,7.7685,38.5824,69.2919,11.8211,21.9942,9.4433,7.0635,0.9580,13.3802
639,.stericx/kraken_dft_cache/639/43409.sdf,28,28,P,3,O O N,4.8323,1.5215,7.1853,27.1487,48.7575,8.8689,16.8420,7.8090,6.3874,0.9509,14.3389
64,.stericx/kraken_dft_cache/64/32879.sdf,6,6,P,10,C C C,6.3913,3.5373,7.1887,35.5140,63.7812,12.5845,20.1783,7.1723,6.9236,0.8557,26.7231
640,.stericx/kraken_dft_cache/640/43437.sdf,31,31,P,5,O O N,5.8407,2.2354,6.3011,28.9330,51.9621,9.3247,18.9743,9.3202,3.1121,0.9419,15.8465
641,.stericx/kraken_dft_cache/641/43468.sdf,30,30,P,5,N O O,5.6534,3.5083,7.7075,40.0749,71.9722,12.4664,24.3480,11.7546,8.6021,0.9480,15.0096
642,.stericx/kraken_dft_cache/642/43498.sdf,40,40,P,3,O O N,4.9287,2.4374,7.4474,30.1666,54.1776,9.7784,18.1500,7.8243,3.3103,0.9541,14.0580
643,.stericx/kraken_dft_cache/643/43538.sdf,24,24,P,3,N N N,5.7239,2.9720,6.0045,32.6548,58.6463,12.3135,17.0949,4.4579,3.0539,0.9122,19.1655
644,.stericx/kraken_dft_cache/644/43562.sdf,18,18,P,5,O O O,5.2980,1.6065,6.7808,24.1556,43.3820,8.9420,14.3925,5.3663,0.9674,0.9491,15.1031
645,.stericx/kraken_dft_cache/645/43580.sdf,56,56,P,7,N N N,6.2858,3.8770,7.0223,38.9547,69.9605,13.2736,21.4615,7.5599,2.4711,0.9116,19.9324
646,.stericx/kraken_dft_cache/646/43636.sdf,46,46,P,5,O O O,6.1809,2.6005,6.6292,31.0007,55.6755,10.1997,18.2889,7.5244,1.5502,0.9598,13.3761
647,.stericx/kraken_dft_cache/647/43682.sdf,40,40,P,5,O O N,5.7375,3.4415,5.8014,40.3664,72.4957,13.3586,22.6346,8.2923,4.0563,0.9576,13.6322
648,.stericx/kraken_dft_cache/648/43722.sdf,18,18,P,7,O O N,5.7755,3.4334,5.9029,42.8706,76.9932,14.6379,24.2702,8.8850,4.5691,0.9480,15.1275
649,.stericx/kraken_dft_cache/649/43740.sdf,41,41,P,7,N N O,5.6219,4.0128,6.3457,44.9263,80.6851,14.9480,26.2196,10.5216,3.0655,0.9321,17.3083
65,.stericx/kraken_dft_cache/65/32885.sdf,25,25,P,5,C C C,5.9329,3.2806,7.4193,33.5613,60.2741,10.5225,20.2874,8.9760,3.3336,0.9453,15.9994
650,.stericx/kraken_dft_cache/650/43781.sdf,50,50,P,5,N O O,6.1144,2.9261,7.3835,36.1855,64.9871,10.6092,22.9806,11.3480,4.2194,0.9452,15.3888
651,.stericx/kraken_dft_cache/651/43831.sdf,42,42,P,7,O O N,6.0416,3.4990,7.2698,43.3606,77.8732,13.0396,27.0273,12.5151,4.8605,0.9520,14.4900
652,.stericx/kraken_dft_cache/652/43873.sdf,40,40,P,3,O O N,5.8288,2.6731,7.3675,34.6491,62.2277,10.3207,23.0977,11.9660,3.4968,0.9517,14.3963
653,.stericx/kraken_dft_cache/653/43913.sdf,44,44,P,3,O O O,5.3006,2.0730,6.4965,30.4895,54.7574,9.4749,20.1870,9.9610,2.2496,0.9568,13.8203
654,.stericx/kraken_dft_cache/654/43957.sdf,22,22,P,2,O N N,4.7286,3.1363,5.9252,42.2213,75.8270,12.7203,25.3940,11.7502,5.0120,0.9280,17.9933
655,.stericx/kraken_dft_cache/655/43979.sdf,36,36,P,4,O N N,5.7986,3.6900,6.0568,43.8374,78.7296,14.6440,24.9152,9.3704,2.6342,0.9311,17.4847
656,.stericx/kraken_dft_cache/656/44015.sdf,36,36,P,4,O N O,5.7034,3.1484,6.1973,37.2615,66.9195,12.0344,23.2060,10.6713,5.5482,0.9498,14.8110
657,.stericx/kraken_dft_cache/657/44051.sdf,28,28,P,7,O N N,5.7635,4.0130,5.9766,45.7960,82.2471,16.9261,24.6119,6.9619,4.4409,0.9363,16.9039
658,.stericx/kraken_dft_cache/658/44079.sdf,29,29,P,6,O O O,5.5524,3.4380,6.1300,49.0077,88.0150,16.9079,27.0361,9.5574,2.0048,0.9818,8.2691
659,.stericx/kraken_dft_cache/659/44108.sdf,41,41,P,8,O O O,7.1379,3.0705,7.1384,40.9300,73.5079,10.3101,27.0875,15.1206,1.0840,0.9536,14.7191
66,.stericx/kraken_dft_cache/66/32910.sdf,30,30,P,2,C C C,4.9465,2.7542,6.7904,32.4526,58.2831,11.1333,18.9653,7.0371,2.5760,0.9279,18.4309
660,.stericx/kraken_dft_cache/660/44149.sdf,41,41,P,7,N O O,5.3740,3.5804,6.0905,42.8650,76.9831,12.4164,26.3338,12.4335,6.1776,0.9557,13.9174
661,.stericx/kraken_dft_cache/661/44190.sdf,35,35,P,3,O O O,5.0637,2.2759,7.0555,28.3114,50.8458,9.5299,16.3269,6.3635,3.8931,0.9589,13.4728
662,.stericx/kraken_dft_cache/662/44225.sdf,37,37,P,3,O O N,5.0318,2.5495,5.7241,31.2765,56.1708,10.4217,19.2165,8.0457,3.7649,0.9472,15.2067
663,.stericx/kraken_dft_cache/663/44262.sdf,24,24,P,4,N N N,6.1883,2.9910,6.4697,33.4220,60.0241,12.5481,17.7986,5.1383,3.1238,0.9123,19.4132
664,.stericx/kraken_dft_cache/664/44286.sdf,19,19,P,2,O O O,6.1512,2.0404,5.0524,27.2230,48.8910,9.3714,17.0612,6.6408,3.4035,0.9531,14.5479
665,.stericx/kraken_dft_cache/665/44305.sdf,32,32,P,3,O O N,5.0624,2.3770,6.3678,29.2715,52.5700,10.6459,16.3452,5.2007,3.1821,0.9532,14.3116
666,.stericx/kraken_dft_cache/666/44337.sdf,41,41,P,3,O O N,5.1053,2.4415,5.8643,29.6148,53.1865,10.6237,16.3208,5.3475,2.7042,0.9520,14.3741
667,.stericx/kraken_dft_cache/667/44378.sdf,35,35,P,3,O O N,5.2106,2.4027,5.9308,31.4375,56.4599,9.9072,20.3093,10.0068,3.1821,0.9485,15.0190
668,.stericx/kraken_dft_cache/668/44413.sdf,39,39,P,4,O N O,5.0057,2.2871,6.0188,29.1547,52.3602,9.8956,17.0111,6.4487,2.9023,0.9497,14.8318
669,.stericx/kraken_dft_cache/669/44452.sdf,45,45,P,5,O O O,5.8843,2.4091,6.3220,35.2160,63.2460,10.7253,21.6484,9.9086,2.3079,0.9608,13.1657
67,.stericx/kraken_dft_cache/67/32940.sdf,22,22,P,7,C C C,6.9790,3.2344,6.8506,37.1888,66.7889,12.2345,22.2093,9.5515,2.6342,0.9137,20.2811
670,.stericx/kraken_dft_cache/670/44497.sdf,56,56,P,9,N O O,6.1429,2.6455,6.2829,27.7789,49.8894,8.9703,20.9053,11.6524,4.4992,0.9357,16.4666
671,.stericx/kraken_dft_cache/671/44553.sdf,29,29,P,3,O O N,5.1296,2.3531,5.2550,28.5353,51.2479,10.3818,16.0044,5.1628,4.0912,0.9522,14.4247
672,.stericx/kraken_dft_cache/672/44582.sdf,40,40,P,4,O O O,5.9790,2.1331,5.7955,32.9245,59.1305,9.9941,21.1546,10.0401,3.8931,0.9548,14.2731
673,.stericx/kraken_dft_cache/673/44622.sdf,37,37,P,3,O O O,5.0336,2.1921,7.7767,27.9930,50.2739,9.5623,16.0461,6.0053,3.8931,0.9583,13.5574
674,.stericx/kraken_dft_cache/674/44659.sdf,39,39,P,5,N N N,6.9438,3.0927,7.3592,33.5422,60.2399,12.8030,17.3993,4.3348,3.2637,0.9132,19.0958
675,.stericx/kraken_dft_cache/675/44698.sdf,34,34,P,3,O O N,4.9604,2.2592,7.2331,29.6385,53.2291,9.5489,17.7859,7.6319,3.3452,0.9532,14.1990
676,.stericx/kraken_dft_cache/676/44732.sdf,36,36,P,3,O O N,5.0986,2.2436,7.0967,30.3030,54.4224,9.5164,18.6417,7.8121,3.1588,0.9624,12.9561
677,.stericx/kraken_dft_cache/677/44768.sdf,20,20,P,4,O N N,8.5621,1.5200,8.2362,22.1550,39.7892,8.6953,12.8203,3.8727,1.2822,0.9532,13.8219
678,.stericx/kraken_dft_cache/678/44788.sdf,44,44,P,3,O O N,5.0017,2.4710,7.7810,30.1865,54.2133,9.5605,18.4534,8.4776,3.2170,0.9563,13.7657
679,.stericx/kraken_dft_cache/679/44832.sdf,37,37,P,3,O O O,5.2428,2.5258,7.5960,40.0926,72.0039,9.5764,29.5594,16.6648,5.3967,0.9697,11.3837
68,.stericx/kraken_dft_cache/68/32962.sdf,21,21,P,0,C C C,6.9751,2.8782,6.8857,33.6034,60.3499,11.7392,20.2463,7.8511,2.8790,0.9220,19.2151
680,.stericx/kraken_dft_cache/680/44869.sdf,14,14,P,4,O N O,4.4044,1.5572,5.4290,23.6867,42.5399,8.7736,14.7905,5.7880,1.3404,0.9379,15.7449
681,.stericx/kraken_dft_cache/681/44883.sdf,26,26,P,5,O O O,5.7748,3.0424,6.3902,39.3372,70.6474,12.8287,22.6434,8.8948,2.7275,0.9736,10.7410
682,.stericx/kraken_dft_cache/682/44909.sdf,16,16,P,2,O O O,5.0815,1.6467,5.7717,24.0245,43.1466,8.9991,14.2632,5.1599,4.4176,0.9472,15.6353
683,.stericx/kraken_dft_cache/683/44925.sdf,15,15,P,4,O O O,4.6802,1.5285,5.4249,23.5107,42.2239,8.7940,14.6740,5.7627,1.2938,0.9573,13.5019
684,.stericx/kraken_dft_cache/684/44940.sdf,5,5,P,5,O O O,6.5876,1.8005,7.4785,27.3572,49.1320,9.1732,18.0200,8.6743,7.6929,0.9358,17.0540
685,.stericx/kraken_dft_cache/685/44945.sdf,50,50,P,7,O O N,7.3262,3.9045,7.7177,41.9315,75.3066,13.4353,25.1961,10.7612,4.8838,0.9500,14.7759
686,.stericx/kraken_dft_cache/686/44995.sdf,24,24,P,2,O O O,4.5989,1.8590,7.3573,26.3305,47.2881,9.3456,15.0084,5.2937,3.8465,0.9543,14.2528
687,.stericx/kraken_dft_cache/687/45019.sdf,39,39,P,4,O N N,6.1397,3.5343,5.9527,42.3694,76.0931,14.1906,24.1875,9.1335,3.0539,0.9297,17.6701
688,.stericx/kraken_dft_cache/688/45058.sdf,11,11,P,4,N O O,5.4639,2.2550,5.3958,24.5722,44.1304,8.9200,15.9538,6.9077,4.5458,0.9442,15.2681
689,.stericx/kraken_dft_cache/689/45069.sdf,33,33,P,5,O O O,5.1481,1.7115,5.9079,23.8286,42.7949,8.8034,15.1417,6.2144,1.3288,0.9551,13.9152
69,.stericx/kraken_dft_cache/69/32983.sdf,24,24,P,7,C C C,9.1682,3.2499,6.8490,33.4337,60.0450,11.6268,19.7174,7.2505,2.9256,0.9224,19.2198
690,.stericx/kraken_dft_cache/690/45102.sdf,25,25,P,4,O O O,5.1562,1.7095,5.2991,25.1877,45.2357,8.7928,16.9253,7.6645,1.4104,0.9535,13.9911
691,.stericx/kraken_dft_cache/691/45127.sdf,22,22,P,5,O O O,5.1913,1.7456,5.5983,26.8102,48.1495,8.7817,19.1602,9.9494,1.4220,0.9535,13.9584
692,.stericx/kraken_dft_cache/692/45149.sdf,24,24,P,4,O O O,4.8146,1.9535,4.9847,25.9927,46.6815,9.0906,16.9103,7.3947,2.0631,0.9486,15.3151
693,.stericx/kraken_dft_cache/693/45173.sdf,21,21,P,7,O O N,5.2734,2.0347,6.2103,25.3505,45.5280,9.0689,15.7205,6.2948,2.5760,0.9482,14.9319
694,.stericx/kraken_dft_cache/694/45194.sdf,26,26,P,6,O O O,5.7656,2.9375,7.1057,30.3107,54.4363,8.7442,22.8725,13.3711,6.0145,0.9749,10.3209
695,.stericx/kraken_dft_cache/695/45220.sdf,57,57,P,4,O O O,5.8126,2.1090,6.1405,29.3459,52.7036,9.6478,17.9886,7.9354,2.3428,0.9582,13.5617
696,.stericx/kraken_dft_cache/696/45277.sdf,49,49,P,3,O O N,5.2407,2.8254,8.3332,36.6720,65.8609,10.1349,26.0698,14.9362,3.2170,0.9539,14.0871
697,.stericx/kraken_dft_cache/697/45326.sdf,59,59,P,7,O O O,5.5032,1.8718,7.1655,26.8643,48.2468,8.9363,18.7364,9.3832,0.8858,0.9519,14.5170
698,.stericx/kraken_dft_cache/698/45385.sdf,27,27,P,11,O O O,5.1968,1.7290,6.9582,25.1368,45.1442,8.9863,15.9781,6.6909,1.0141,0.9444,15.7914
699,.stericx/kraken_dft_cache/699/45412.sdf,49,49,P,8,O O O,5.7864,1.6460,8.3163,25.4074,45.6303,8.9061,17.1925,8.1584,0.9325,0.9524,14.5899
7,.stericx/kraken_dft_cache/7/31829.sdf,22,22,P,0,C C C,6.9598,3.0155,7.0046,46.3997,83.3313,11.1113,34.5821,19.1671,2.4244,0.9213,19.3402
70,.stericx/kraken_dft_cache/70/33007.sdf,32,32,P,4,C C C,5.7925,3.2130,6.1654,32.4489,58.2763,11.7466,17.2486,4.8893,0.8392,0.9229,19.1712
700,.stericx/kraken_dft_cache/700/45461.sdf,37,37,P,3,O O O,5.0458,2.0305,6.7636,29.9558,53.7990,9.5733,18.6476,8.3441,2.6692,0.9618,12.9838
701,.stericx/kraken_dft_cache/701/45498.sdf,45,45,P,3,O O O,5.1455,2.1485,8.5263,27.8085,49.9425,9.5286,15.9712,5.8114,2.9723,0.9575,13.7335
702,.stericx/kraken_dft_cache/702/45543.sdf,38,38,P,3,O O N,4.8638,2.4909,8.1772,31.3513,56.3051,9.3161,19.2866,9.0809,4.8605,0.9665,11.8543
703,.stericx/kraken_dft_cache/703/45581.sdf,10,10,P,4,O O O,5.6381,1.7663,7.0828,23.0828,41.4554,8.7722,14.1095,5.2790,1.2006,0.9629,12.5769
704,.stericx/kraken_dft_cache/704/45591.sdf,35,35,P,3,O O O,5.1368,2.3747,7.2143,30.3679,54.5390,9.5206,18.1256,7.3512,4.5691,0.9621,12.8224
705,.stericx/kraken_dft_cache/705/45626.sdf,38,38,P,5,O O O,5.2675,1.6503,7.0328,23.6757,42.5202,8.9741,13.5037,4.4964,1.7717,0.9484,15.3882
706,.stericx/kraken_dft_cache/706/45664.sdf,30,30,P,3,O O N,5.0422,2.3005,5.5947,28.5203,51.2208,9.8116,16.3521,5.9298,2.4128,0.9528,14.3720
707,.stericx/kraken_dft_cache/707/45694.sdf,38,38,P,3,O O N,4.9523,2.3335,8.1958,29.4334,52.8608,9.6790,17.5713,7.4555,3.3919,0.9531,14.2221
708,.stericx/kraken_dft_cache/708/45732.sdf,39,39,P,5,O N O,4.6628,2.4002,7.0150,30.9386,55.5641,9.8212,19.0359,8.5010,4.5225,0.9480,14.9636
709,.stericx/kraken_dft_cache/709/45771.sdf,19,19,P,9,N O N,7.4927,3.6815,7.3374,32.7496,58.8164,10.2505,21.0052,10.7093,5.2685,0.9559,13.5005
71,.stericx/kraken_dft_cache/71/33039.sdf,1,1,P,4,C C C,8.2727,3.0032,5.1104,35.1116,63.0585,13.2644,18.5562,5.2918,5.2918,0.8585,26.5631
710,.stericx/kraken_dft_cache/710/45790.sdf,23,23,P,21,O O N,8.5208,5.1040,8.8003,48.5668,87.2233,14.5922,29.4048,12.0431,7.9843,0.9675,11.7840
712,.stericx/kraken_dft_cache/712/45847.sdf,47,47,P,8,O O O,6.2278,1.9654,7.6505,27.5740,49.5213,8.9681,19.6710,10.4209,0.8858,0.9541,14.1885
714,.stericx/kraken_dft_cache/714/45894.sdf,31,31,P,9,C C C,6.1691,3.5218,7.2241,35.5320,63.8135,11.1694,25.1636,12.8396,2.8557,0.9270,18.6405
715,.stericx/kraken_dft_cache/715/45925.sdf,31,31,P,6,C C C,7.6564,4.4944,7.4898,45.5819,81.8625,12.9836,32.5208,18.1986,3.8231,0.9219,19.2006
716,.stericx/kraken_dft_cache/716/45956.sdf,31,31,P,19,C C C,7.4629,2.6520,13.2437,30.3954,54.5884,10.7328,18.2539,6.7909,2.8674,0.9377,17.1966
717,.stericx/kraken_dft_cache/717/45987.sdf,39,39,P,6,C C C,6.6139,3.5607,8.0305,43.3152,77.7916,13.8855,27.5884,12.3989,3.7765,0.8854,23.6759
718,.stericx/kraken_dft_cache/718/46026.sdf,37,37,P,8,C C C,6.8719,3.3776,8.5033,39.6128,71.1424,13.4056,23.7941,9.2009,4.2078,0.8815,24.1009
72,.stericx/kraken_dft_cache/72/33040.sdf,16,16,P,2,C C C,6.9754,2.3585,4.9074,27.0716,48.6190,9.9316,14.3055,3.8231,2.3079,0.9387,17.0159
720,.stericx/kraken_dft_cache/720/46063.sdf,6,6,P,8,C C C,6.9523,2.5685,6.7917,30.2127,54.2602,10.9682,16.9477,5.7736,3.9047,0.9158,20.1974
721,.stericx/kraken_dft_cache/721/46069.sdf,9,9,P,4,C C C,7.2532,2.7693,7.3276,40.4234,72.5982,11.1003,31.2094,19.4835,4.0912,0.9074,21.1894
722,.stericx/kraken_dft_cache/722/46078.sdf,34,34,P,11,N C C,6.7258,4.1098,6.7669,40.9932,73.6215,12.7814,24.2844,11.1516,5.1169,0.9209,19.4719
723,.stericx/kraken_dft_cache/723/46112.sdf,8,8,P,16,C C C,6.8837,3.5445,7.3256,44.2205,79.4176,9.9163,35.1630,23.5712,19.2789,0.9540,13.9318
724,.stericx/kraken_dft_cache/724/46120.sdf,2,2,P,4,C C C,6.8938,3.5491,8.2986,44.5418,79.9946,9.6394,36.2499,26.6105,26.5988,0.9510,14.3860
725,.stericx/kraken_dft_cache/725/46122.sdf,42,42,P,14,C C C,6.9719,4.5059,6.9013,47.7931,85.8336,13.6993,32.6779,18.3478,9.1266,0.9120,20.5393
726,.stericx/kraken_dft_cache/726/46164.sdf,28,28,P,3,C C C,4.7915,3.0289,7.2797,39.6763,71.2564,12.6492,27.8855,14.0616,5.2918,0.8967,22.4261
727,.stericx/kraken_dft_cache/727/46192.sdf,39,39,P,5,C C C,6.8098,3.2837,7.7887,39.0125,70.0643,13.2399,23.5058,9.1409,3.6133,0.8786,24.4200
728,.stericx/kraken_dft_cache/728/46231.sdf,67,67,P,16,C C C,6.9661,2.6695,9.0506,38.7282,69.5536,11.6691,23.9602,10.8802,1.7717,0.9391,17.0066
729,.stericx/kraken_dft_cache/729/46298.sdf,25,25,P,0,C C C,7.0047,2.9557,8.3623,41.4452,74.4333,10.1500,34.0096,21.8194,3.7649,0.9263,18.7013
73,.stericx/kraken_dft_cache/73/33056.sdf,4,4,P,2,C C C,6.9658,1.8985,6.8243,26.8237,48.1739,10.0124,14.4767,3.2899,3.0772,0.9384,17.1158
730,.stericx/kraken_dft_cache/730/46323.sdf,19,19,P,12,C C C,6.9562,2.3412,7.4240,34.8722,62.6285,10.4670,23.8419,11.5798,5.3384,0.9134,20.4567
731,.stericx/kraken_dft_cache/731/46342.sdf,31,31,P,13,C C C,6.9841,3.7046,9.5322,46.4830,83.4808,12.9215,33.2449,19.1454,3.2753,0.9181,19.7546
732,.stericx/kraken_dft_cache/732/46373.sdf,10,10,P,18,C C C,6.9561,3.1568,7.3261,50.7866,91.2099,11.5324,36.5028,21.1438,4.9538,0.9171,19.7171
733,.stericx/kraken_dft_cache/733/46383.sdf,32,32,P,16,C C C,6.9730,4.2798,7.8195,51.0293,91.6458,13.6276,35.3866,18.9988,3.1588,0.8976,22.2945
734,.stericx/kraken_dft_cache/734/46415.sdf,20,20,P,10,C C C,7.3448,4.1434,7.5091,39.9896,71.8191,11.4997,30.1212,17.4588,6.8770,0.9152,20.2474
735,.stericx/kraken_dft_cache/735/46435.sdf,41,41,P,6,C C C,5.5596,3.1517,6.7712,47.6574,85.5900,14.0673,28.6221,13.6957,1.7018,0.9448,16.0434
736,.stericx/kraken_dft_cache/736/46476.sdf,33,33,P,8,C C C,9.0338,3.9784,6.7101,40.9142,73.4796,13.1359,24.8091,11.1858,6.0960,0.9086,20.9263
737,.stericx/kraken_dft_cache/737/46509.sdf,10,10,P,4,N C C,6.6460,3.3606,6.8632,32.9355,59.1503,10.9566,21.5075,10.1640,8.1358,0.9275,18.4722
738,.stericx/kraken_dft_cache/738/46519.sdf,10,10,P,4,C C C,6.8803,2.0998,6.7839,26.2948,47.2240,10.6512,13.3425,2.4128,1.0490,0.9310,18.1724
739,.stericx/kraken_dft_cache/739/46529.sdf,13,13,P,2,C C C,4.1567,1.9782,4.1883,23.4404,42.0976,9.6645,11.5501,1.7493,0.7460,0.9632,13.0054
74,.stericx/kraken_dft_cache/74/33060.sdf,65,65,P,8,C C C,8.6189,3.4821,7.5836,39.3054,70.5902,10.4570,26.8664,14.8925,2.9256,0.9535,14.6870
740,.stericx/kraken_dft_cache/740/46542.sdf,31,31,P,2,C C C,6.9789,3.3719,7.2605,50.0722,89.9269,10.9502,38.0558,23.8439,4.0796,0.9374,17.0274
741,.stericx/kraken_dft_cache/741/46573.sdf,31,31,P,6,C C C,6.9913,3.4322,6.2958,38.7928,69.6697,13.3874,23.2329,8.7950,2.6925,0.8797,24.2219
75,.stericx/kraken_dft_cache/75/33125.sdf,25,25,P,5,O O O,6.3227,1.9772,7.4440,29.4727,52.9314,9.5052,17.1654,7.2248,2.2729,0.9584,13.4593
756,.stericx/kraken_dft_cache/756/46604.sdf,5,5,P,7,C C C,7.0642,3.0744,7.4183,28.2178,50.6776,11.4904,13.8939,1.3987,1.3987,0.9334,17.8877
757,.stericx/kraken_dft_cache/757/46609.sdf,4,4,P,7,C C C,6.9534,2.9254,7.9547,28.3603,50.9334,11.2363,14.5233,2.3428,2.3428,0.9360,17.5049
758,.stericx/kraken_dft_cache/758/46613.sdf,4,4,P,7,C C C,6.9576,2.5659,6.8759,28.3473,50.9101,11.3645,14.2552,1.8416,1.8416,0.9345,17.7272
759,.stericx/kraken_dft_cache/759/46617.sdf,32,32,P,9,C C C,7.1869,2.9253,8.2150,28.2047,50.6541,11.3652,13.9980,1.5688,1.3288,0.9360,17.5145
76,.stericx/kraken_dft_cache/76/33150.sdf,43,43,P,20,C C C,6.9592,3.3585,7.3541,51.4195,92.3466,11.3073,36.6934,21.0281,2.8207,0.9252,18.8077
760,.stericx/kraken_dft_cache/760/46649.sdf,32,32,P,10,C C C,8.5979,3.5559,8.7464,27.7086,49.7631,11.1926,13.8199,1.6934,1.4104,0.9429,16.4835
761,.stericx/kraken_dft_cache/761/46681.sdf,2,2,P,7,C C C,8.9308,2.9844,8.8596,28.2061,50.6566,11.4111,13.9988,1.4337,1.4337,0.9334,17.8829
762,.stericx/kraken_dft_cache/762/46683.sdf,31,31,P,7,C C C,7.0169,2.5457,7.6142,28.1852,50.6190,11.3905,13.9345,1.4626,1.3637,0.9346,17.7156
763,.stericx/kraken_dft_cache/763/46714.sdf,14,14,P,6,C C C,6.9612,2.5194,6.8699,28.2891,50.8057,11.4728,14.0512,1.5611,1.4453,0.9336,17.8650
764,.stericx/kraken_dft_cache/764/46728.sdf,26,26,P,9,C C C,6.9593,2.6878,7.7312,28.2830,50.7947,11.3686,14.1929,1.7896,1.7018,0.9343,17.7530
765,.stericx/kraken_dft_cache/765/46754.sdf,9,9,P,7,C C C,6.9595,2.4897,6.8171,31.0704,55.8008,10.8050,15.9582,5.0146,4.9188,0.9250,18.9979
766,.stericx/kraken_dft_cache/766/46763.sdf,11,11,P,10,C C C,6.9498,2.9806,6.8636,42.0272,75.4784,12.2218,27.0682,13.2464,4.8139,0.9058,20.9988
767,.stericx/kraken_dft_cache/767/46774.sdf,3,3,P,5,C C C,7.4730,2.5234,7.3678,28.3100,50.8431,11.4694,14.0570,1.5502,1.5502,0.9327,17.9811
768,.stericx/kraken_dft_cache/768/46777.sdf,4,4,P,8,C C C,6.9590,2.5656,8.3050,28.2678,50.7673,11.3296,14.3076,1.9407,1.8999,0.9323,18.0463
769,.stericx/kraken_dft_cache/769/46781.sdf,5,5,P,4,C C C,6.9649,2.7204,7.8733,32.6752,58.6829,11.3389,18.0084,6.5809,5.5249,0.9004,22.1043
77,.stericx/kraken_dft_cache/77/33193.sdf,13,13,P,3,C C C,6.9721,2.6011,5.0860,30.1582,54.1624,10.7485,15.8135,4.9493,3.1821,0.9028,21.6745
770,.stericx/kraken_dft_cache/770/46786.sdf,15,15,P,4,C C C,9.1134,2.7404,8.9649,28.2948,50.8159,11.2417,14.3383,2.1462,1.8533,0.9324,18.0240
771,.stericx/kraken_dft_cache/771/46801.sdf,1,1,P,10,C C C,6.9744,3.1815,7.0345,35.2090,63.2334,13.3111,18.6495,5.3384,5.3384,0.8554,26.9004
772,.stericx/kraken_dft_cache/772/46802.sdf,11,11,P,4,C C Si,4.7590,2.0286,5.6933,26.4326,47.4714,10.0961,15.5585,5.0873,3.6366,0.9276,18.4885
773,.stericx/kraken_dft_cache/773/46813.sdf,39,39,P,9,C C Si,6.7380,3.2266,7.3033,36.8044,66.0986,12.4644,21.6146,8.4138,2.5993,0.9021,21.6028
774,.stericx/kraken_dft_cache/774/46852.sdf,3,3,P,6,C C C,9.0242,3.2450,5.1146,35.2285,63.2683,13.4820,18.3231,4.8411,4.8255,0.8557,26.9141
775,.stericx/kraken_dft_cache/775/46855.sdf,1,1,P,5,C C C,7.9107,3.0340,5.1132,35.1700,63.1634,13.4043,18.4163,5.0120,5.0120,0.8569,26.7756
776,.stericx/kraken_dft_cache/776/46856.sdf,1,1,P,4,C C C,8.1675,3.0330,5.1124,35.1700,63.1634,13.3693,18.4746,5.1053,5.1053,0.8575,26.6974
777,.stericx/kraken_dft_cache/777/46857.sdf,9,9,P,6,C C C,9.0575,2.7493,8.2994,28.3309,50.8807,11.1819,14.5828,2.2975,2.1797,0.9309,18.2341
778,.stericx/kraken_dft_cache/778/46866.sdf,5,5,P,9,C C C,6.1641,3.4472,7.3725,36.1124,64.8559,11.1454,26.6664,14.8776,3.2170,0.9320,17.9037
779,.stericx/kraken_dft_cache/779/46871.sdf,3,3,P,11,C C C,6.2453,4.9901,7.3568,51.1877,91.9302,15.5762,38.1964,21.0467,20.8641,0.8623,26.0837
78,.stericx/kraken_dft_cache/78/33206.sdf,17,17,P,3,C C C,4.8542,2.7502,5.1114,33.1829,59.5947,11.9274,17.4702,4.6185,1.8649,0.8789,24.3751
780,.stericx/kraken_dft_cache/780/46874.sdf,35,35,P,10,C C C,6.2171,3.9779,7.9653,44.8008,80.4598,12.1445,33.5527,19.4787,2.7508,0.9194,19.5283
781,.stericx/kraken_dft_cache/781/46909.sdf,7,7,P,4,C C C,6.2693,4.2501,8.1441,52.5274,94.3363,15.4174,39.0307,22.0380,21.8665,0.8673,25.6379
782,.stericx/kraken_dft_cache/782/46916.sdf,23,23,P,4,C C C,6.9149,2.7917,6.6820,34.9434,62.7565,11.8906,20.9700,8.6254,3.1937,0.9390,16.7756
783,.stericx/kraken_dft_cache/783/46939.sdf,3,3,P,15,C C C,8.6994,5.0365,7.3137,51.5533,92.5868,15.7161,38.4956,21.3964,20.9457,0.8643,25.8308
784,.stericx/kraken_dft_cache/784/46942.sdf,47,47,P,9,C C C,6.2112,3.8001,7.1951,44.6969,80.2731,13.6101,30.2912,15.4111,3.6833,0.9241,18.9152
785,.stericx/kraken_dft_cache/785/46989.sdf,2,2,P,2,N O O,4.5815,2.4898,9.4789,25.7886,46.3148,9.0508,15.6656,6.6147,6.6089,0.9296,17.3790
79,.stericx/kraken_dft_cache/79/33223.sdf,17,17,P,3,C C C,4.8547,2.7063,5.1047,31.2595,56.1404,11.5730,16.3217,3.9507,1.4104,0.8919,22.8758
790,.stericx/kraken_dft_cache/790/46991.sdf,32,32,P,14,C C C,9.1098,3.0592,9.3551,30.6797,55.0990,11.0163,16.7579,5.3727,2.9373,0.9121,20.4647
791,.stericx/kraken_dft_cache/791/47023.sdf,41,41,P,18,C C C,9.1140,3.3359,10.7245,34.0859,61.2163,11.6141,19.6095,7.4592,2.7158,0.9231,19.1052
792,.stericx/kraken_dft_cache/792/47064.sdf,39,39,P,14,C C C,9.1199,2.9324,9.4212,30.4872,54.7532,11.1598,16.3846,4.8474,2.1330,0.9236,19.0632
793,.stericx/kraken_dft_cache/793/47103.sdf,48,48,P,18,C C C,9.1160,3.1972,10.7324,31.9252,57.3359,11.6486,17.4739,5.3510,1.5969,0.9316,17.9957
794,.stericx/kraken_dft_cache/794/47151.sdf,27,27,P,14,C C C,9.0846,3.2568,9.4172,29.6359,53.2244,10.7653,16.5963,5.5927,2.4477,0.9313,18.0716
795,.stericx/kraken_dft_cache/795/47178.sdf,42,42,P,8,C C C,7.2924,3.1316,7.8691,28.1902,50.6280,11.3925,13.9752,1.5580,1.3288,0.9361,17.5074
796,.stericx/kraken_dft_cache/796/47220.sdf,39,39,P,8,C C C,7.3877,2.9944,7.9408,28.0241,50.3297,11.0902,14.1584,2.2843,1.3754,0.9386,17.1241
797,.stericx/kraken_dft_cache/797/47259.sdf,4,4,P,7,C C C,8.5203,2.5031,8.3017,28.1850,50.6187,11.4490,13.8676,1.4220,1.3288,0.9325,18.0170
798,.stericx/kraken_dft_cache/798/47263.sdf,3,3,P,7,C C C,8.9165,2.4537,8.4113,28.2407,50.7188,11.5044,13.8783,1.3560,1.3404,0.9315,18.1580
799,.stericx/kraken_dft_cache/799/47266.sdf,3,3,P,8,C C C,6.9612,2.7491,6.8634,32.2343,57.8911,11.2052,19.3100,8.1047,6.7488,0.9329,17.9533
8,.stericx/kraken_dft_cache/8/31851.sdf,2,2,P,4,C C C,4.9541,3.0076,5.1350,36.1273,64.8827,15.1643,17.0351,1.3579,1.3521,0.8308,29.6418
80,.stericx/kraken_dft_cache/80/33240.sdf,3,3,P,1,C C C,6.9765,2.3591,3.7079,24.4613,43.9312,9.6084,13.9832,4.1301,3.1121,0.9488,15.5568
800,.stericx/kraken_dft_cache/800/47269.sdf,24,24,P,4,C C C,3.5782,1.8100,5.9831,26.2247,47.0982,9.5817,17.0546,7.3515,0.9908,0.9514,15.0163
81,.stericx/kraken_dft_cache/81/33243.sdf,2,2,P,1,C C C,6.9664,1.8434,6.8414,25.7593,46.2623,9.8493,14.1853,3.6949,3.6949,0.9427,16.4896
82,.stericx/kraken_dft_cache/82/33245.sdf,11,11,P,6,C C C,6.9579,2.7098,7.3515,28.2303,50.7001,11.4917,13.8695,1.3457,1.2822,0.9329,17.9607
820,.stericx/kraken_dft_cache/820/47293.sdf,45,45,P,16,O O C,7.1929,4.2911,9.0874,39.2516,70.4937,9.9474,29.4410,17.8297,3.5201,0.9512,14.8443
821,.stericx/kraken_dft_cache/821/15989.sdf,27,27,P,16,O O C,7.1232,4.3187,9.0801,39.9177,71.6899,9.9468,30.1651,18.5398,3.5201,0.9515,14.8239
83,.stericx/kraken_dft_cache/83/33256.sdf,36,36,P,0,C C C,5.5604,2.5316,5.7890,31.1941,56.0229,10.1575,18.9687,8.1222,1.3637,0.9460,15.8613
830,.stericx/kraken_dft_cache/830/47338.sdf,5,5,P,3,C C C,6.9493,1.9733,6.7647,27.3326,49.0877,10.4181,14.8263,4.4083,4.3943,0.9168,20.1045
831,.stericx/kraken_dft_cache/831/47343.sdf,2,2,P,4,C C C,7.5100,3.4051,7.4511,36.6595,65.8384,12.2737,19.5586,5.2685,5.2685,0.8740,24.3965
832,.stericx/kraken_dft_cache/832/47345.sdf,4,4,P,4,C C C,6.9296,2.9100,4.2759,28.5436,51.2627,11.5277,15.6248,4.0971,4.0912,0.9427,16.4814
833,.stericx/kraken_dft_cache/833/47349.sdf,12,12,P,3,C C C,6.9401,2.5175,4.7586,27.5706,49.5153,10.1387,15.5471,5.2957,4.5342,0.9186,19.8596
835,.stericx/kraken_dft_cache/835/47361.sdf,2,2,P,4,C C C,7.5233,3.2012,5.1099,39.4795,70.9029,14.0570,21.5984,7.5414,7.5414,0.8390,28.5080
836,.stericx/kraken_dft_cache/836/47363.sdf,5,5,P,6,C C C,6.9894,2.3164,4.5689,24.1965,43.4556,9.5928,13.5372,3.7322,3.1121,0.9478,15.6932
837,.stericx/kraken_dft_cache/837/47368.sdf,2,2,P,5,C C C,7.9136,2.3691,3.7080,24.3056,43.6514,9.5986,13.7598,3.9339,3.2287,0.9482,15.6299
838,.stericx/kraken_dft_cache/838/47370.sdf,39,39,P,4,C C C,5.1939,3.0182,5.6180,42.1010,75.6110,12.1852,25.2772,12.3197,1.3055,0.9436,16.2722
839,.stericx/kraken_dft_cache/839/47409.sdf,18,18,P,10,N C C,7.8576,4.0866,6.3380,49.2410,88.4341,14.5880,36.8890,19.5217,18.5213,0.9033,21.2345
84,.stericx/kraken_dft_cache/84/33292.sdf,15,15,P,0,C C C,6.9629,2.0326,6.8075,27.7055,49.7576,10.3155,15.2996,4.6997,2.8207,0.9365,17.3096
840,.stericx/kraken_dft_cache/840/47427.sdf,2,2,P,4,C C C,4.5886,2.1581,5.0923,26.6031,47.7776,9.6394,16.3707,6.0902,6.0844,0.9452,15.6452
848,.stericx/kraken_dft_cache/848/47429.sdf,6,6,P,4,C C C,4.7307,2.1310,5.0845,27.8654,50.0447,10.4262,16.4504,5.7095,5.0703,0.9172,19.8603
85,.stericx/kraken_dft_cache/85/33307.sdf,5,5,P,3,C C C,6.9643,2.2156,6.7964,29.0524,52.1766,11.4065,14.8869,2.9629,2.2379,0.9227,19.2394
851,.stericx/kraken_dft_cache/851/47435.sdf,11,11,P,4,C C C,4.8269,2.3120,5.3736,28.9141,51.9282,10.8495,16.0110,4.8690,3.7649,0.9098,20.8299
852,.stericx/kraken_dft_cache/852/47446.sdf,23,23,P,4,C C C,6.9743,2.0438,5.2890,26.0034,46.7007,9.9070,14.0591,3.8586,1.2122,0.9283,18.4387
853,.stericx/kraken_dft_cache/853/47469.sdf,3,3,P,1,C C C,3.5734,1.8534,5.3446,25.8740,46.4683,9.5035,14.8730,5.3695,4.4992,0.9344,17.2382
86,.stericx/kraken_dft_cache/86/33312.sdf,5,5,P,6,C C C,9.2907,2.4491,6.8617,28.2425,50.7219,11.4787,13.9288,1.4174,1.3288,0.9316,18.1446
862,.stericx/kraken_dft_cache/862/47472.sdf,7,7,P,1,C C C,6.4270,2.1227,6.8997,30.2542,54.3349,9.6761,22.9239,13.0713,6.7721,0.9255,18.7244
864,.stericx/kraken_dft_cache/864/47479.sdf,41,41,P,10,C C C,6.8073,3.4865,7.2210,42.6348,76.5697,11.8944,32.3401,19.5581,3.8931,0.9166,19.9643
865,.stericx/kraken_dft_cache/865/47520.sdf,30,30,P,20,C C C,6.9953,4.2664,7.8331,59.2729,106.4508,15.5066,42.1047,23.9514,23.0671,0.8656,25.9118
866,.stericx/kraken_dft_cache/866/47550.sdf,11,11,P,12,C C C,6.9630,3.3843,7.5500,48.9191,87.8559,12.4199,32.3494,15.5352,5.8280,0.8948,22.5088
867,.stericx/kraken_dft_cache/867/47561.sdf,27,27,P,16,C C C,6.9621,3.5726,9.7516,50.8930,91.4010,12.7421,34.4536,18.1426,2.1097,0.8996,21.9026
87,.stericx/kraken_dft_cache/87/33317.sdf,6,6,P,2,C C C,4.9131,2.5180,5.1150,33.3095,59.8221,12.0464,17.4975,4.8625,2.7508,0.8663,25.7226
870,.stericx/kraken_dft_cache/870/47588.sdf,34,34,P,4,C C C,6.9865,4.0578,9.0590,48.6346,87.3450,12.6494,35.7113,20.5960,2.3428,0.9116,20.5220
871,.stericx/kraken_dft_cache/871/47622.sdf,11,11,P,5,O O O,5.1978,2.2951,5.2012,34.0986,61.2391,11.8350,18.8158,6.8357,2.9606,0.9787,9.1777
872,.stericx/kraken_dft_cache/872/47633.sdf,15,15,P,6,O O O,6.4181,3.6327,6.4796,53.2334,95.6042,18.6347,27.8810,8.5143,1.9116,0.9848,7.1096
873,.stericx/kraken_dft_cache/873/47648.sdf,39,39,P,6,O O O,6.5515,2.8020,6.8665,29.3700,52.7469,10.5630,17.1237,5.8943,1.5619,0.9603,13.3213
874,.stericx/kraken_dft_cache/874/47687.sdf,2,2,P,2,O O C,4.5208,2.1284,4.4659,26.6452,47.8534,9.1616,14.7739,5.6123,5.6065,0.9584,13.1502
875,.stericx/kraken_dft_cache/875/47689.sdf,6,6,P,2,O O C,4.5946,1.8410,4.4548,26.0417,46.7694,9.9095,14.5116,4.4390,4.0329,0.9479,14.7361
876,.stericx/kraken_dft_cache/876/47695.sdf,7,7,P,2,O O C,4.5567,2.4235,4.9956,29.2724,52.5715,11.4195,15.0445,3.4019,3.0422,0.9443,15.6794
877,.stericx/kraken_dft_cache/877/47702.sdf,25,25,P,2,O O C,4.5806,2.3135,6.1628,30.2677,54.3590,10.5677,17.8345,6.9646,3.5084,0.9488,14.9279
878,.stericx/kraken_dft_cache/878/47727.sdf,8,8,P,4,O O C,6.5058,2.9019,7.3812,34.8074,62.5121,11.4825,21.0666,9.0639,5.3967,0.9568,13.6532
879,.stericx/kraken_dft_cache/879/47735.sdf,26,26,P,7,O O C,6.2974,2.5585,7.4723,34.4719,61.9095,9.9649,21.1057,9.5197,8.4272,0.9597,13.1825
88,.stericx/kraken_dft_cache/88/33323.sdf,27,27,P,4,C C C,6.0315,3.3410,5.3004,36.4791,65.5145,13.1949,20.6098,7.1062,2.7158,0.8819,23.9887
880,.stericx/kraken_dft_cache/880/47761.sdf,3,3,P,2,O C C,4.6363,2.1028,3.6943,23.5570,42.3071,9.2859,13.0507,3.7649,1.1073,0.9533,14.5177
881,.stericx/kraken_dft_cache/881/47764.sdf,3,3,P,2,O C C,4.6835,1.9480,4.2904,25.7853,46.3090,10.3738,13.1595,2.7430,2.1330,0.9435,15.9341
882,.stericx/kraken_dft_cache/882/47767.sdf,3,3,P,2,O C C,4.5839,2.3313,5.1097,32.9872,59.2431,11.4888,17.8491,5.5832,2.4827,0.8649,25.7108
883,.stericx/kraken_dft_cache/883/47770.sdf,31,31,P,2,O C C,4.6245,2.8532,6.7092,33.6871,60.5002,11.4476,20.2087,7.8065,2.5526,0.9454,15.7257
884,.stericx/kraken_dft_cache/884/47801.sdf,25,25,P,3,O C C,6.9139,3.0141,5.7571,32.9800,59.2302,10.5631,20.2081,8.9158,6.1077,0.9492,15.0449
885,.stericx/kraken_dft_cache/885/47826.sdf,3,3,P,4,O C C,6.9462,3.8725,5.7671,37.6363,67.5927,14.2086,20.5338,6.3253,6.3175,0.9123,19.4996
886,.stericx/kraken_dft_cache/886/47829.sdf,2,2,P,2,C C C,3.5684,1.7430,4.8155,23.0595,41.4135,9.6103,11.7783,2.1680,0.9908,0.9511,15.1537
887,.stericx/kraken_dft_cache/887/47831.sdf,4,4,P,7,O C C,6.6548,2.8147,7.4501,34.5616,62.0707,10.6244,19.8092,9.0800,7.7046,0.9454,15.6205
888,.stericx/kraken_dft_cache/888/47835.sdf,4,4,P,3,N O O,4.5725,1.8949,4.7024,24.3250,43.6864,8.8294,15.8958,6.9090,3.9280,0.9417,15.2438
889,.stericx/kraken_dft_cache/889/47839.sdf,1,1,P,4,O O C,4.3583,1.5200,6.8606,22.0600,39.6185,8.8352,12.2271,3.1005,3.1005,0.9657,12.4758
89,.stericx/kraken_dft_cache/89/33350.sdf,15,15,P,9,C C C,7.5091,4.6704,9.7633,66.3114,119.0916,16.2227,42.3561,21.9232,11.8191,0.8074,31.7423
891,.stericx/kraken_dft_cache/891/47840.sdf,15,15,P,2,O O O,4.5281,1.6314,4.6724,23.6881,42.5425,8.9626,13.4906,4.5194,2.0631,0.9539,14.5514
892,.stericx/kraken_dft_cache/892/47855.sdf,8,8,P,3,N O O,4.5503,1.9518,4.6713,25.3099,45.4552,9.1951,14.5451,5.1475,2.6342,0.9530,14.5292
893,.stericx/kraken_dft_cache/893/47863.sdf,1,1,P,3,C C C,3.5570,1.7406,4.5893,23.1698,41.6116,9.7094,11.3062,1.4803,1.4803,0.9405,16.8151
894,.stericx/kraken_dft_cache/894/47864.sdf,14,14,P,3,O O N,4.6225,1.8940,5.2613,26.0352,46.7577,9.2881,14.8097,5.2060,2.6459,0.9399,16.2551
896,.stericx/kraken_dft_cache/896/47878.sdf,5,5,P,1,O O C,6.8762,1.6192,7.1936,25.9579,46.6190,9.0403,16.7542,7.5460,3.1005,0.9718,11.1230
897,.stericx/kraken_dft_cache/897/47883.sdf,3,3,P,2,O O O,4.5763,1.8927,7.5674,24.0589,43.2085,9.0100,13.1440,4.1068,3.3686,0.9483,15.1515
898,.stericx/kraken_dft_cache/898/47886.sdf,3,3,P,3,N O O,4.5819,2.4970,7.5983,25.6706,46.1030,9.0217,15.6500,6.6283,6.6206,0.9306,17.2559
899,.stericx/kraken_dft_cache/899/47889.sdf,7,7,P,4,O O C,6.7591,1.7367,7.1882,27.7852,49.9006,9.1466,16.7695,6.5590,4.8955,0.9691,11.7553
9,.stericx/kraken_dft_cache/9/31853.sdf,5,5,P,0,C C C,6.9555,2.8181,6.7765,37.3702,67.1148,13.3134,20.5377,6.8164,2.9256,0.8912,23.0662
90,.stericx/kraken_dft_cache/90/33365.sdf,10,10,P,16,C C C,6.9636,4.2562,9.7556,62.8732,112.9167,15.4837,41.8599,22.5927,19.1623,0.8609,26.4804
902,.stericx/kraken_dft_cache/902/47896.sdf,9,9,P,3,C C C,3.5681,1.7422,5.2739,24.5334,44.0607,9.6058,14.2137,4.6041,0.9908,0.9468,15.7229
908,.stericx/kraken_dft_cache/908/47905.sdf,2,2,P,3,C C C,3.5687,1.7435,5.0476,24.8345,44.6014,9.6161,14.0337,3.9863,3.4502,0.9486,15.5370
909,.stericx/kraken_dft_cache/909/47907.sdf,1,1,P,18,O O O,7.3530,2.7899,8.3604,23.2866,41.8214,9.6278,11.1431,0.9208,0.9208,0.9317,18.1322
91,.stericx/kraken_dft_cache/91/33375.sdf,6,6,P,15,C C C,9.0167,3.7033,7.4116,46.6024,83.6953,15.3489,30.9698,14.8535,4.1495,0.8052,31.6603
910,.stericx/kraken_dft_cache/910/47908.sdf,15,15,P,11,N N N,6.6673,4.7659,7.5419,44.2844,79.5322,17.3945,22.4003,4.9429,4.2311,0.9272,18.7318
911,.stericx/kraken_dft_cache/911/47923.sdf,7,7,P,2,O N N,4.6378,2.1401,4.8441,28.2729,50.7765,10.1506,16.0952,5.4999,4.6507,0.9289,17.5503
912,.stericx/kraken_dft_cache/912/47930.sdf,32,32,P,7,N N C,5.5767,4.0485,6.4869,46.0378,82.6813,15.7104,25.9617,9.2643,3.5434,0.8749,24.6336
913,.stericx/kraken_dft_cache/913/47962.sdf,8,8,P,2,O N N,4.5776,2.1194,6.1746,27.2139,48.8747,9.6453,14.9371,4.1335,3.3919,0.9564,13.9885
915,.stericx/kraken_dft_cache/915/47981.sdf,17,17,P,4,N N C,6.2299,2.9988,6.8582,32.5709,58.4956,12.0831,18.5603,6.3909,2.9956,0.9273,17.9757
916,.stericx/kraken_dft_cache/916/47998.sdf,24,24,P,5,N N O,6.1935,3.0395,7.3776,34.8802,62.6428,11.8604,20.0972,7.7429,5.0004,0.9488,14.6506
917,.stericx/kraken_dft_cache/917/48022.sdf,37,37,P,10,N N C,5.9790,4.1045,7.0783,41.5077,74.5456,13.1545,24.9163,11.3053,4.8838,0.9176,19.6498
918,.stericx/kraken_dft_cache/918/48059.sdf,5,5,P,4,N N C,7.3001,3.7564,7.7024,38.8084,69.6977,11.6326,25.0556,12.8285,12.8215,0.9071,21.3631
919,.stericx/kraken_dft_cache/919/48064.sdf,16,16,P,2,O O N,4.5941,1.9429,4.7936,26.7020,47.9554,9.8915,14.9159,4.4008,2.3079,0.9483,15.0266
92,.stericx/kraken_dft_cache/92/33381.sdf,6,6,P,16,C C C,6.9922,4.2632,7.1420,60.1322,107.9940,15.5373,42.6879,24.1996,23.7081,0.8640,26.0738
920,.stericx/kraken_dft_cache/920/48080.sdf,5,5,P,7,N C C,5.5558,3.8525,5.1228,40.8359,73.3390,15.2902,22.8200,7.1684,4.6507,0.8199,30.6631
921,.stericx/kraken_dft_cache/921/48085.sdf,28,28,P,7,N C C,5.6224,3.9686,6.6854,41.4805,74.4967,13.6795,24.9253,9.8363,3.8931,0.8953,22.5256
922,.stericx/kraken_dft_cache/922/48113.sdf,12,12,P,2,O O N,4.6508,1.7002,6.1415,25.2780,45.3979,9.2616,13.5918,3.8299,0.9441,0.9483,15.2020
923,.stericx/kraken_dft_cache/923/48125.sdf,1,1,P,1,C C C,3.5578,1.7488,4.2231,24.9870,44.8753,10.2689,12.1688,1.8999,1.8999,0.9660,12.5816
924,.stericx/kraken_dft_cache/924/48126.sdf,28,28,P,5,O O N,6.0325,2.2311,7.0146,28.5158,51.2128,9.4097,16.0602,6.5373,5.3501,0.9576,13.6197
925,.stericx/kraken_dft_cache/925/48154.sdf,14,14,P,4,N C C,6.2246,2.9026,6.8569,29.3910,52.7847,10.5827,16.2009,5.4591,2.2379,0.9288,18.3588
926,.stericx/kraken_dft_cache/926/48168.sdf,34,34,P,5,O O N,6.3126,2.8988,7.3441,30.5241,54.8195,9.8157,17.6323,7.3936,4.5108,0.9457,15.2239
927,.stericx/kraken_dft_cache/927/48202.sdf,5,5,P,4,N C C,6.5624,3.8066,5.9995,43.3827,77.9128,15.0734,27.0627,11.9893,10.6419,0.8106,31.4585
928,.stericx/kraken_dft_cache/928/48207.sdf,11,11,P,2,O N N,4.5655,1.6883,4.6883,22.3644,40.1652,8.7960,13.0186,4.2057,1.3171,0.9577,13.2216
929,.stericx/kraken_dft_cache/929/48218.sdf,8,8,P,3,N N N,4.5308,1.9957,4.8219,24.2674,43.5829,8.8527,15.5592,6.4064,3.8115,0.9547,13.3122
93,.stericx/kraken_dft_cache/93/33387.sdf,55,55,P,4,C C C,6.9976,3.0329,7.0447,42.5784,76.4683,11.3014,28.9768,15.8711,3.8348,0.9383,16.9434
930,.stericx/kraken_dft_cache/930/48226.sdf,4,4,P,4,N N C,4.3482,1.8157,6.8928,22.1476,39.7758,8.8643,12.2912,3.1354,2.0165,0.9696,11.5383
931,.stericx/kraken_dft_cache/931/48230.sdf,11,11,P,2,C C C,3.5690,1.7436,4.9846,24.5805,44.1452,9.6193,12.8777,3.2329,1.0024,0.9476,15.6442
933,.stericx/kraken_dft_cache/933/48241.sdf,1,1,P,1,N N C,4.3323,1.5500,4.5217,21.9496,39.4203,9.2431,10.9333,1.6901,1.6901,0.9340,17.6704
934,.stericx/kraken_dft_cache/934/48242.sdf,2,2,P,4,N N C,4.3312,1.5500,6.7454,24.0265,43.1502,9.6453,13.9813,4.3243,2.2379,0.9247,18.9153
935,.stericx/kraken_dft_cache/935/48244.sdf,14,14,P,3,N N N,4.6461,2.0473,4.8219,24.9212,44.7571,9.0783,14.3593,4.9013,2.0281,0.9502,14.8663
936,.stericx/kraken_dft_cache/936/48258.sdf,10,10,P,4,N N C,4.5790,1.9231,6.8705,23.5780,42.3448,9.2396,12.1769,2.5806,0.9092,0.9478,15.3839
937,.stericx/kraken_dft_cache/937/48268.sdf,4,4,P,3,C C C,3.5471,1.9158,4.6121,24.6528,44.2750,9.7239,12.6321,2.8120,2.2030,0.9284,18.5522
94,.stericx/kraken_dft_cache/94/33442.sdf,60,60,P,4,C C C,5.9811,3.0929,7.4421,42.3105,75.9872,10.4730,29.7220,18.2975,12.4718,0.9536,14.6525
945,.stericx/kraken_dft_cache/945/48272.sdf,12,12,P,3,C C C,3.5693,1.7777,5.0913,27.6247,49.6124,10.0066,15.4208,5.1743,3.7066,0.9226,19.2002
949,.stericx/kraken_dft_cache/949/48284.sdf,1,1,P,4,C C C,4.5399,2.7379,4.9466,37.1366,66.6952,15.3625,17.7986,1.8649,1.8649,0.8956,22.7490
95,.stericx/kraken_dft_cache/95/33502.sdf,9,9,P,8,C C C,6.9656,1.9751,6.8397,27.7179,49.7798,9.8182,15.7433,5.4951,4.6274,0.9384,17.1201
950,.stericx/kraken_dft_cache/950/48285.sdf,10,10,P,4,C C C,5.9074,3.1066,6.3135,35.8067,64.3069,12.9183,20.2184,7.0005,6.5506,0.8641,25.8360
951,.stericx/kraken_dft_cache/951/48295.sdf,1,1,P,2,C C C,6.9665,3.6412,5.1351,36.2604,65.1216,15.1760,17.2624,1.5502,1.5502,0.8279,29.9173
952,.stericx/kraken_dft_cache/952/48296.sdf,7,7,P,2,C C C,7.0201,3.7020,5.1223,38.5115,69.1646,14.0837,21.8232,6.6655,5.0587,0.8521,27.0728
953,.stericx/kraken_dft_cache/953/48303.sdf,6,6,P,5,C C C,5.8827,3.7993,6.0537,43.3043,77.7722,15.3236,23.1700,7.3121,6.5506,0.9246,18.7297
955,.stericx/kraken_dft_cache/955/48309.sdf,10,10,P,4,C C C,5.9994,3.2655,7.4320,34.5210,61.9978,11.0824,21.4539,9.1919,5.4200,0.9140,20.2844
956,.stericx/kraken_dft_cache/956/48319.sdf,5,5,P,2,C C C,4.8932,2.2195,3.6928,23.4021,42.0289,9.5672,12.3506,2.6412,0.9441,0.9560,14.3142
957,.stericx/kraken_dft_cache/957/48324.sdf,5,5,P,2,C C C,4.8473,2.3552,4.2335,26.4590,47.5188,10.9286,13.4556,2.3731,2.0514,0.9622,13.2075
958,.stericx/kraken_dft_cache/958/48329.sdf,19,19,P,7,C C C,5.4533,2.6468,5.4712,37.9126,68.0890,13.0669,20.6267,6.8089,2.0165,0.9415,16.3107
959,.stericx/kraken_dft_cache/959/48348.sdf,7,7,P,7,C C C,6.9595,2.4994,6.8021,32.4701,58.3146,11.8308,16.2084,4.0146,1.8999,0.9140,20.2521
960,.stericx/kraken_dft_cache/960/48355.sdf,3,3,P,7,C C C,6.9708,2.8822,6.8136,39.1117,70.2424,12.9264,21.0078,7.5686,3.0189,0.9173,19.9575
961,.stericx/kraken_dft_cache/961/48358.sdf,14,14,P,5,C C C,5.4480,2.3069,5.4707,33.6402,60.4159,11.1539,19.1898,7.1867,2.1797,0.9496,15.0428
962,.stericx/kraken_dft_cache/962/48372.sdf,2,2,P,3,C C C,4.8348,2.2069,5.0424,26.5609,47.7018,11.3820,12.6816,1.0199,1.0141,0.8648,26.1766
963,.stericx/kraken_dft_cache/963/48374.sdf,40,40,P,9,C C C,7.7152,3.3132,8.5958,27.9316,50.1636,11.2188,14.0031,2.0401,1.2239,0.9391,17.0473
964,.stericx/kraken_dft_cache/964/48414.sdf,15,15,P,6,C C C,6.8739,2.6417,7.2937,26.2859,47.2080,10.5929,13.4129,2.5767,1.0723,0.9349,17.6117
965,.stericx/kraken_dft_cache/965/48429.sdf,2,2,P,4,C C C,6.9499,2.7563,6.7617,27.4987,49.3861,10.2689,15.3042,5.0354,5.0354,0.9408,16.7103
966,.stericx/kraken_dft_cache/966/48431.sdf,1,1,P,1,C C C,6.9016,1.8137,6.8976,23.3840,41.9963,9.4296,11.0265,1.5969,1.5969,0.9632,12.5993
967,.stericx/kraken_dft_cache/967/48432.sdf,11,11,P,4,C C C,4.9103,3.0079,5.2297,36.4716,65.5010,14.6335,18.5107,3.4798,2.7858,0.8384,28.6397
970,.stericx/kraken_dft_cache/970/48443.sdf,37,37,P,3,O C C,8.0139,3.6859,8.0680,33.4170,60.0151,10.8482,20.5799,9.0015,4.7789,0.9441,15.7977
972,.stericx/kraken_dft_cache/972/48480.sdf,10,10,P,3,N N C,4.6608,2.5712,4.9103,29.4178,52.8328,10.2689,16.3113,5.8373,2.9606,0.9173,18.9457
973,.stericx/kraken_dft_cache/973/48490.sdf,3,3,P,3,N C C,4.7037,2.5510,3.7096,25.3072,45.4503,9.4685,15.3586,5.6143,3.3919,0.9436,16.0456
974,.stericx/kraken_dft_cache/974/48493.sdf,5,5,P,3,N C C,4.6484,2.6682,4.6840,27.9543,50.2044,10.2619,15.9919,5.7300,3.6017,0.9212,19.0382
976,.stericx/kraken_dft_cache/976/48498.sdf,18,18,P,6,C C C,8.6252,2.8773,8.5587,26.5605,47.7012,10.1678,13.4108,2.9030,1.0840,0.9479,15.6298
977,.stericx/kraken_dft_cache/977/48516.sdf,7,7,P,19,C C C,8.6738,3.3728,8.8225,32.6778,58.6875,9.6428,17.4089,7.6463,6.6788,0.9393,16.4105
978,.stericx/kraken_dft_cache/978/48523.sdf,19,19,P,4,C C C,5.5812,1.7480,6.2024,26.8688,48.2549,9.4358,18.5163,8.8229,2.2146,0.9269,17.9064
980,.stericx/kraken_dft_cache/980/48542.sdf,4,4,P,7,C C C,7.0181,1.9066,7.0156,37.9965,68.2396,9.7443,25.8179,10.8283,6.4457,0.9210,18.6681
982,.stericx/kraken_dft_cache/982/48546.sdf,2,2,P,6,C C C,7.0606,1.8982,7.6925,42.5688,76.4512,9.9775,32.2053,16.4115,16.4115,0.8601,25.6367
983,.stericx/kraken_dft_cache/983/48548.sdf,13,13,P,9,N N N,7.1818,3.6185,7.8202,34.2435,61.4993,11.8460,20.2678,8.0767,4.1262,0.9446,16.0554
984,.stericx/kraken_dft_cache/984/48561.sdf,4,4,P,13,N N N,7.2304,4.3659,7.7780,41.8322,75.1282,12.9730,25.6197,12.6467,12.6467,0.9200,19.6655
985,.stericx/kraken_dft_cache/985/48565.sdf,6,6,P,4,N C C,7.2502,3.0966,6.8830,29.8730,53.6502,11.0382,17.8064,6.1737,3.7765,0.9298,18.3208
986,.stericx/kraken_dft_cache/986/48571.sdf,4,4,P,4,N C C,7.3037,3.8708,6.8732,32.8401,58.9789,11.2130,23.1603,11.2946,11.2946,0.9194,19.7572
987,.stericx/kraken_dft_cache/987/48575.sdf,6,6,P,13,N N N,6.6970,3.0013,6.9524,31.1451,55.9348,10.6768,19.4129,8.2291,3.8115,0.9485,15.5059
988,.stericx/kraken_dft_cache/988/48581.sdf,12,12,P,10,N N C,6.0347,3.0006,6.9718,38.4254,69.0098,10.7594,29.9664,18.9564,18.7893,0.9482,15.6417
989,.stericx/kraken_dft_cache/989/48593.sdf,3,3,P,7,N N C,6.0469,2.9186,7.8680,28.0460,50.3691,10.5564,15.1760,4.5885,4.5342,0.9375,17.1608
99,.stericx/kraken_dft_cache/99/33511.sdf,8,8,P,4,C C C,6.9407,3.7014,7.1794,48.5008,87.1047,11.5627,41.6466,28.9227,28.9183,0.9482,15.5935
990,.stericx/kraken_dft_cache/990/48596.sdf,9,9,P,5,N C C,5.8816,3.1780,6.8389,32.7398,58.7989,10.5603,22.0530,10.7973,5.1869,0.9228,19.0472
991,.stericx/kraken_dft_cache/991/48605.sdf,9,9,P,5,N C C,7.0793,3.0512,6.8992,29.5712,53.1082,10.7973,18.9603,7.9998,4.4059,0.9329,17.7899
992,.stericx/kraken_dft_cache/992/48614.sdf,15,15,P,9,N C C,6.0130,3.4556,6.8963,33.7098,60.5408,10.5478,24.0462,12.3118,4.9654,0.9304,18.1083
993,.stericx/kraken_dft_cache/993/48629.sdf,18,18,P,7,N C C,7.3019,2.9158,6.8989,29.9412,53.7726,10.7254,18.7168,7.8982,4.3127,0.9377,16.9510
994,.stericx/kraken_dft_cache/994/48647.sdf,7,7,P,11,N C C,6.7862,3.8086,6.8590,34.1465,61.3251,11.1014,24.8821,12.9564,12.6816,0.9164,20.1286
995,.stericx/kraken_dft_cache/995/48654.sdf,7,7,P,8,N C C,6.6998,3.5479,6.8544,32.1985,57.8267,11.1830,21.1971,9.8592,5.2219,0.9149,20.2892
996,.stericx/kraken_dft_cache/996/48661.sdf,34,34,P,4,N N C,6.3162,3.1005,6.5101,35.6620,64.0469,12.8661,20.3800,6.6380,3.1121,0.9115,20.1804
997,.stericx/kraken_dft_cache/997/48695.sdf,26,26,P,4,N C C,6.6248,3.2499,6.5051,36.9391,66.3405,13.0286,21.1649,7.4549,3.0888,0.9157,20.0795
998,.stericx/kraken_dft_cache/998/48721.sdf,32,32,P,4,N N C,5.8923,3.1235,6.2512,36.2105,65.0320,13.3114,20.7610,6.7517,2.9839,0.9148,19.7071
999,.stericx/kraken_dft_cache/999/48753.sdf,29,29,P,4,N C C,6.0237,3.1201,6.7535,35.1199,63.0734,12.1350,20.4533,7.0960,2.9489,0.9105,20.7557
