lane,filename,descriptor,stericx,morfeus,absolute_difference,relative_difference
source_float64,inputs/SIG-NIHDA-1057_be992081/conf_000.xyz,sterimol_l,7.7556939125061035,7.755693732547573,1.7995853074381785e-07,2.3203408611740714e-08
source_float64,inputs/SIG-NIHDA-1058_219b0b66/conf_000.xyz,sterimol_l,7.77274751663208,7.772747041132796,4.7549928439138966e-07,6.117519094280092e-08
source_float64,inputs/SIG-NIHDA-1058_219b0b66/conf_001.xyz,sterimol_l,7.694704532623291,7.694704371949362,1.6067392927254787e-07,2.0881104913955654e-08
source_float64,inputs/SIG-NIHDA-2062_d86f6436/conf_000.xyz,sterimol_l,11.45744514465332,11.457445507003042,3.623497217830618e-07,3.162569890134635e-08
source_float64,inputs/SIG-NIHDA-2062_d86f6436/conf_001.xyz,sterimol_l,11.738725662231445,11.738726496293912,8.34062467092167e-07,7.105221059162532e-08
source_float64,inputs/SIG-NIHDA-2062_d86f6436/conf_002.xyz,sterimol_l,8.712657928466797,8.712657888396349,4.0070448292794936e-08,4.59910727657072e-09
source_float64,inputs/SIG-NIHDA-2062_d86f6436/conf_003.xyz,sterimol_l,11.557687759399414,11.557687555228805,2.041706093081075e-07,1.7665351164103656e-08
source_float64,inputs/SIG-NIHDA-2063_9978c6ba/conf_000.xyz,sterimol_l,11.001583099365234,11.001584073269969,9.739047346357665e-07,8.85240460055218e-08
source_float64,inputs/SIG-NIHDA-2063_9978c6ba/conf_001.xyz,sterimol_l,11.713179588317871,11.7131805076598,9.193419288067162e-07,7.848781363913202e-08
source_float64,inputs/SIG-NIHDA-2063_9978c6ba/conf_002.xyz,sterimol_l,11.713068962097168,11.713069338101757,3.760045892420294e-07,3.210128604113304e-08
source_float64,inputs/SIG-NIHDA-2063_9978c6ba/conf_003.xyz,sterimol_l,11.713212966918945,11.713213550760937,5.838419916415205e-07,4.984473211483383e-08
source_float64,inputs/SIG-NIHDA-2063_9978c6ba/conf_004.xyz,sterimol_l,11.615283966064453,11.615284656360934,6.902964813093604e-07,5.943000983030838e-08
source_float64,inputs/SIG-NIHDA-2064_f0ba08d0/conf_000.xyz,sterimol_l,11.8062162399292,11.806217626596299,1.3866670993678554e-06,1.1745227330420029e-07
source_float64,inputs/SIG-NIHDA-2064_f0ba08d0/conf_001.xyz,sterimol_l,11.407125473022461,11.40712547087763,2.1448300913107232e-09,1.880254667827114e-10
source_float64,inputs/SIG-NIHDA-2064_f0ba08d0/conf_002.xyz,sterimol_l,11.407112121582031,11.407112988141309,8.665592776679887e-07,7.596657266118543e-08
source_float64,inputs/SIG-NIHDA-2064_f0ba08d0/conf_003.xyz,sterimol_l,11.407353401184082,11.4073542524419,8.512578180130959e-07,7.462359800309283e-08
source_float64,inputs/SIG-NIHDA-2064_f0ba08d0/conf_004.xyz,sterimol_l,11.187699317932129,11.187701013239442,1.6953073131986685e-06,1.5153312652818075e-07
source_float64,inputs/SIG-NIHDA-2064_f0ba08d0/conf_005.xyz,sterimol_l,11.187640190124512,11.187640529066519,3.3894200690554044e-07,3.0296111680111454e-08
source_float64,inputs/SIG-NIHDA-2064_f0ba08d0/conf_006.xyz,sterimol_l,11.354656219482422,11.354656927708932,7.082265103264263e-07,6.237321962569657e-08
source_float64,inputs/SIG-NIHDA-2064_f0ba08d0/conf_007.xyz,sterimol_l,11.354776382446289,11.354776666715265,2.8426897635824844e-07,2.5035188687729812e-08
source_float64,inputs/SIG-NIHDA-2064_f0ba08d0/conf_008.xyz,sterimol_l,11.354710578918457,11.354710343002589,2.3591586817417465e-07,2.0776916455606397e-08
source_float64,inputs/SIG-NIHDA-2064_f0ba08d0/conf_009.xyz,sterimol_l,11.354485511779785,11.354485061230799,4.5054898656360365e-07,3.9680265915534636e-08
source_float64,inputs/SIG-NIHDA-2064_f0ba08d0/conf_010.xyz,sterimol_l,10.795769691467285,10.795769853087725,1.6162043969814022e-07,1.4970719262963425e-08
source_float64,inputs/SIG-NIHDA-2064_f0ba08d0/conf_011.xyz,sterimol_l,10.795425415039062,10.795426583318143,1.1682790805878085e-06,1.0821981619449072e-07
source_float64,inputs/SIG-NIHDA-2067_1f828bfa/conf_000.xyz,sterimol_l,10.343182563781738,10.343182928192109,3.6441037032375334e-07,3.5231937098442954e-08
source_float64,inputs/SIG-NIHDA-2067_1f828bfa/conf_001.xyz,sterimol_l,10.343094825744629,10.343095853345194,1.0276005646403519e-06,9.93513527488003e-08
source_float64,inputs/SIG-NIHDA-2067_1f828bfa/conf_002.xyz,sterimol_l,10.018524169921875,10.018525177305609,1.0073837337643e-06,1.0055209883050138e-07
source_float64,inputs/SIG-NIHDA-2067_1f828bfa/conf_003.xyz,sterimol_l,10.020400047302246,10.020400351246948,3.039447022956665e-07,3.0332590679158177e-08
source_float64,inputs/SIG-NIHDA-2067_1f828bfa/conf_004.xyz,sterimol_l,11.541112899780273,11.541113218052587,3.182723133932086e-07,2.757726290175957e-08
source_float64,inputs/SIG-NIHDA-2067_1f828bfa/conf_005.xyz,sterimol_l,11.348904609680176,11.348904845704656,2.360244799604061e-07,2.0797115066987003e-08
source_float64,inputs/SIG-NIHDA-2067_1f828bfa/conf_006.xyz,sterimol_l,11.571478843688965,11.57147926471929,4.2103032527052164e-07,3.638517735188936e-08
source_float64,inputs/SIG-NIHDA-2067_1f828bfa/conf_007.xyz,sterimol_l,11.439079284667969,11.43907998158267,6.969147019475486e-07,6.092401688506473e-08
source_float64,inputs/SIG-NIHDA-2067_1f828bfa/conf_008.xyz,sterimol_l,8.495448112487793,8.495448662385066,5.498972726059037e-07,6.472845572484715e-08
source_float64,inputs/SIG-NIHDA-2067_1f828bfa/conf_009.xyz,sterimol_l,11.03502082824707,11.03502164199046,8.137433891164392e-07,7.374189335705362e-08
source_float64,inputs/SIG-NIHDA-2067_1f828bfa/conf_010.xyz,sterimol_l,11.259902954101562,11.259903572191424,6.180898619589925e-07,5.4892997794891296e-08
source_float64,inputs/SIG-NIHDA-401_9d42bff1/conf_000.xyz,sterimol_l,12.795559883117676,12.795560457211534,5.740938586740185e-07,4.4866644223501845e-08
source_float64,inputs/SIG-NIHDA-401_9d42bff1/conf_001.xyz,sterimol_l,12.73031234741211,12.730313102498622,7.550865124272832e-07,5.931405664162964e-08
source_float64,inputs/SIG-NIHDA-401_9d42bff1/conf_002.xyz,sterimol_l,12.730334281921387,12.730335303223805,1.0213024186356279e-06,8.022588520327467e-08
source_float64,inputs/SIG-NIHDA-401_9d42bff1/conf_003.xyz,sterimol_l,10.371916770935059,10.371917711685688,9.407506293968027e-07,9.070170585106849e-08
source_float64,inputs/SIG-NIHDA-401_9d42bff1/conf_004.xyz,sterimol_l,10.085586547851562,10.085587153126653,6.052750904927962e-07,6.001386744302275e-08
source_float64,inputs/SIG-NIHDA-401_9d42bff1/conf_005.xyz,sterimol_l,10.085550308227539,10.085550601691988,2.934644491858762e-07,2.909751393609027e-08
source_float64,inputs/SIG-NIHDA-498_7d70a0ce/conf_000.xyz,sterimol_l,9.882072448730469,9.882073274208016,8.254775476501663e-07,8.353283007976107e-08
source_float64,inputs/SIG-NIHDA-498_7d70a0ce/conf_001.xyz,sterimol_l,9.882079124450684,9.882079867220565,7.427698811568462e-07,7.516331492327412e-08
source_float64,inputs/SIG-NIHDA-498_7d70a0ce/conf_002.xyz,sterimol_l,9.882070541381836,9.882071152048988,6.106671524008789e-07,6.179546200436542e-08
source_float64,inputs/SIG-NIHDA-498_7d70a0ce/conf_003.xyz,sterimol_l,9.88206672668457,9.88206764313575,9.164511798331887e-07,9.273880861054124e-08
source_float64,inputs/SIG-NIHDA-498_7d70a0ce/conf_004.xyz,sterimol_l,9.882070541381836,9.882070836518782,2.951369459935904e-07,2.9865900667593284e-08
source_float64,inputs/SIG-NIHDA-498_7d70a0ce/conf_005.xyz,sterimol_l,9.88206958770752,9.882069946859321,3.5915180163215155e-07,3.634378258436591e-08
source_float64,inputs/SIG-NIHDA-498_7d70a0ce/conf_006.xyz,sterimol_l,9.88208293914795,9.882083547695558,6.08547608749177e-07,6.158090101262974e-08
source_float64,inputs/SIG-NIHDA-498_7d70a0ce/conf_007.xyz,sterimol_l,9.882075309753418,9.882075773338657,4.6358523952960695e-07,4.691172686414089e-08
source_float64,inputs/SIG-NIHDA-498_7d70a0ce/conf_008.xyz,sterimol_l,9.882062911987305,9.882063448655504,5.366681996576972e-07,5.430730155155127e-08
source_float64,inputs/SIG-NIHDA-723_1db84e66/conf_000.xyz,sterimol_l,7.771545886993408,7.771545378832299,5.081611096358074e-07,6.538739528175544e-08
source_float64,inputs/SIG-NIHDA-723_1db84e66/conf_001.xyz,sterimol_l,7.77163553237915,7.771635482687957,4.9691193382273013e-08,6.393917148194197e-09
source_float64,inputs/SIG-NIHDA-724_0d5c5a07/conf_000.xyz,sterimol_l,7.709126949310303,7.709126923878191,2.5432111527834422e-08,3.29896131935008e-09
source_float64,inputs/SIG-NIHDA-724_0d5c5a07/conf_001.xyz,sterimol_l,7.70919942855835,7.709199419558505,8.999844425261472e-09,1.1674162173608528e-09
source_float64,inputs/SIG-NIHDA-785_fe24eb0f/conf_000.xyz,sterimol_l,10.979031562805176,10.979031388677551,1.741276243194534e-07,1.5860016986473655e-08
source_float64,inputs/SIG-NIHDA-785_fe24eb0f/conf_001.xyz,sterimol_l,10.978879928588867,10.978880496215544,5.67626676328814e-07,5.1701690033376065e-08
source_float64,inputs/SIG-NIHDA-1057_be992081/conf_000.xyz,sterimol_b1,3.632925033569336,3.618413376558146,0.01451165701119006,0.0040105028091051405
source_float64,inputs/SIG-NIHDA-1058_219b0b66/conf_000.xyz,sterimol_b1,4.0650315284729,4.060772981938428,0.004258546534471996,0.001048703425040806
source_float64,inputs/SIG-NIHDA-1058_219b0b66/conf_001.xyz,sterimol_b1,4.108599662780762,4.109751930350026,0.0011522675692638984,0.0002803739955092035
source_float64,inputs/SIG-NIHDA-2062_d86f6436/conf_000.xyz,sterimol_b1,4.294355392456055,4.288768964287872,0.005586428168182778,0.001302571487226376
source_float64,inputs/SIG-NIHDA-2062_d86f6436/conf_001.xyz,sterimol_b1,4.292616844177246,4.284250535707388,0.008366308469858197,0.0019528056074519008
source_float64,inputs/SIG-NIHDA-2062_d86f6436/conf_002.xyz,sterimol_b1,5.672011375427246,5.6577476622183775,0.014263713208868545,0.002521093915891577
source_float64,inputs/SIG-NIHDA-2062_d86f6436/conf_003.xyz,sterimol_b1,5.135127544403076,5.117063665947297,0.018063878455778948,0.003530125797728348
source_float64,inputs/SIG-NIHDA-2063_9978c6ba/conf_000.xyz,sterimol_b1,3.667086124420166,3.6651334635577903,0.0019526608623756658,0.0005327666459600611
source_float64,inputs/SIG-NIHDA-2063_9978c6ba/conf_001.xyz,sterimol_b1,3.865555763244629,3.8488060847436296,0.016749678500999288,0.004351915407584113
source_float64,inputs/SIG-NIHDA-2063_9978c6ba/conf_002.xyz,sterimol_b1,3.8468785285949707,3.847306566679886,0.00042803808491509443,0.00011125655767132665
source_float64,inputs/SIG-NIHDA-2063_9978c6ba/conf_003.xyz,sterimol_b1,3.857642412185669,3.8479441859089247,0.009698226276744215,0.002520365631148933
source_float64,inputs/SIG-NIHDA-2063_9978c6ba/conf_004.xyz,sterimol_b1,3.829638957977295,3.822564276720886,0.007074681256408866,0.0018507684225202215
source_float64,inputs/SIG-NIHDA-2064_f0ba08d0/conf_000.xyz,sterimol_b1,3.706277847290039,3.706012674010722,0.00026517327931685486,7.155217821472773e-05
source_float64,inputs/SIG-NIHDA-2064_f0ba08d0/conf_001.xyz,sterimol_b1,3.7948238849639893,3.791505475121201,0.0033184098427883058,0.0008752222209786544
source_float64,inputs/SIG-NIHDA-2064_f0ba08d0/conf_002.xyz,sterimol_b1,3.805974245071411,3.790968481800653,0.015005763270758088,0.003958292806388771
source_float64,inputs/SIG-NIHDA-2064_f0ba08d0/conf_003.xyz,sterimol_b1,3.8048651218414307,3.791949513033914,0.012915608807516854,0.0034060603294222553
source_float64,inputs/SIG-NIHDA-2064_f0ba08d0/conf_004.xyz,sterimol_b1,3.5731279850006104,3.5553091295018353,0.017818855498775044,0.00501190047045833
source_float64,inputs/SIG-NIHDA-2064_f0ba08d0/conf_005.xyz,sterimol_b1,3.5597145557403564,3.5542388186771348,0.005475737063221686,0.001540621590886715
source_float64,inputs/SIG-NIHDA-2064_f0ba08d0/conf_006.xyz,sterimol_b1,3.166247844696045,3.164634773633488,0.0016130710625570366,0.0005097179225851022
source_float64,inputs/SIG-NIHDA-2064_f0ba08d0/conf_007.xyz,sterimol_b1,3.1689157485961914,3.1645810492440796,0.004334699352111837,0.0013697545692967043
source_float64,inputs/SIG-NIHDA-2064_f0ba08d0/conf_008.xyz,sterimol_b1,3.175814628601074,3.1637661099709895,0.012048518630084715,0.0038082836124049622
source_float64,inputs/SIG-NIHDA-2064_f0ba08d0/conf_009.xyz,sterimol_b1,3.1634361743927,3.1633341233035095,0.00010205108919070227,3.226061023365089e-05
source_float64,inputs/SIG-NIHDA-2064_f0ba08d0/conf_010.xyz,sterimol_b1,4.197675704956055,4.1826307882735865,0.015044916682468212,0.003596998502628562
source_float64,inputs/SIG-NIHDA-2064_f0ba08d0/conf_011.xyz,sterimol_b1,4.185005187988281,4.1833046826193,0.0017005053689809202,0.0004064980913405953
source_float64,inputs/SIG-NIHDA-2067_1f828bfa/conf_000.xyz,sterimol_b1,4.154528617858887,4.152352409889935,0.0021762079689517932,0.0005240903839877785
source_float64,inputs/SIG-NIHDA-2067_1f828bfa/conf_001.xyz,sterimol_b1,4.161717414855957,4.151610638582753,0.010106776273204332,0.0024344229632898597
source_float64,inputs/SIG-NIHDA-2067_1f828bfa/conf_002.xyz,sterimol_b1,4.311798095703125,4.298462247385623,0.01333584831750212,0.003102469569347304
source_float64,inputs/SIG-NIHDA-2067_1f828bfa/conf_003.xyz,sterimol_b1,4.300880432128906,4.29917987497659,0.0017005571523158736,0.0003955538502154747
source_float64,inputs/SIG-NIHDA-2067_1f828bfa/conf_004.xyz,sterimol_b1,4.252811431884766,4.249841998570025,0.0029694333147407548,0.0006987161677398598
source_float64,inputs/SIG-NIHDA-2067_1f828bfa/conf_005.xyz,sterimol_b1,5.095617771148682,5.083506590663029,0.012111180485653072,0.002382446106767699
source_float64,inputs/SIG-NIHDA-2067_1f828bfa/conf_006.xyz,sterimol_b1,4.872966766357422,4.8584049645976775,0.01456180175974442,0.0029972391897862874
source_float64,inputs/SIG-NIHDA-2067_1f828bfa/conf_007.xyz,sterimol_b1,4.911969184875488,4.906349345278824,0.005619839596664455,0.0011454218200080257
source_float64,inputs/SIG-NIHDA-2067_1f828bfa/conf_008.xyz,sterimol_b1,4.590956211090088,4.588613786976966,0.0023424241131220214,0.0005104862213006684
source_float64,inputs/SIG-NIHDA-2067_1f828bfa/conf_009.xyz,sterimol_b1,4.43907356262207,4.423831929839758,0.015241632782312386,0.0034453462572807273
source_float64,inputs/SIG-NIHDA-2067_1f828bfa/conf_010.xyz,sterimol_b1,4.2660417556762695,4.262397492758865,0.003644262917404717,0.0008549796032856485
source_float64,inputs/SIG-NIHDA-401_9d42bff1/conf_000.xyz,sterimol_b1,3.2668983936309814,3.265025782746365,0.0018726108846163214,0.0005735363238207514
source_float64,inputs/SIG-NIHDA-401_9d42bff1/conf_001.xyz,sterimol_b1,3.265108108520508,3.2649830748081214,0.00012503371238636873,3.829536310650455e-05
source_float64,inputs/SIG-NIHDA-401_9d42bff1/conf_002.xyz,sterimol_b1,3.268868923187256,3.264932206782241,0.003936716405014806,0.0012057574723411005
source_float64,inputs/SIG-NIHDA-401_9d42bff1/conf_003.xyz,sterimol_b1,3.1932570934295654,3.192733706615574,0.0005233868139913334,0.00016393061936447698
source_float64,inputs/SIG-NIHDA-401_9d42bff1/conf_004.xyz,sterimol_b1,3.19978928565979,3.1921664000678307,0.007622885591959339,0.0023879975654769623
source_float64,inputs/SIG-NIHDA-401_9d42bff1/conf_005.xyz,sterimol_b1,3.199592113494873,3.192120034903013,0.007472078591860054,0.0023407887266642465
source_float64,inputs/SIG-NIHDA-498_7d70a0ce/conf_000.xyz,sterimol_b1,3.5897743701934814,3.590650261651273,0.0008758914577917665,0.00024393672286784074
source_float64,inputs/SIG-NIHDA-498_7d70a0ce/conf_001.xyz,sterimol_b1,3.596698760986328,3.589928357539879,0.00677040344644908,0.0018859438886097244
source_float64,inputs/SIG-NIHDA-498_7d70a0ce/conf_002.xyz,sterimol_b1,3.5918242931365967,3.590433271747414,0.0013910213891827894,0.0003874243813771809
source_float64,inputs/SIG-NIHDA-498_7d70a0ce/conf_003.xyz,sterimol_b1,3.598867893218994,3.5900278080445593,0.008840085174434797,0.0024624001949583433
source_float64,inputs/SIG-NIHDA-498_7d70a0ce/conf_004.xyz,sterimol_b1,3.601461172103882,3.5903164440235287,0.011144728080353161,0.003104107466322299
source_float64,inputs/SIG-NIHDA-498_7d70a0ce/conf_005.xyz,sterimol_b1,3.594985246658325,3.5902272249854263,0.004758021672898849,0.0013252703449481984
source_float64,inputs/SIG-NIHDA-498_7d70a0ce/conf_006.xyz,sterimol_b1,3.6016652584075928,3.5898710362322435,0.011794222175349311,0.0032854166782904717
source_float64,inputs/SIG-NIHDA-498_7d70a0ce/conf_007.xyz,sterimol_b1,3.5917727947235107,3.5905686405485664,0.0012041541749443496,0.00033536586972485205
source_float64,inputs/SIG-NIHDA-498_7d70a0ce/conf_008.xyz,sterimol_b1,3.6000211238861084,3.589849124144968,0.010171999741140247,0.0028335451962937354
source_float64,inputs/SIG-NIHDA-723_1db84e66/conf_000.xyz,sterimol_b1,3.2688417434692383,3.2685907018939977,0.0002510415752405848,7.680422485908614e-05
source_float64,inputs/SIG-NIHDA-723_1db84e66/conf_001.xyz,sterimol_b1,3.2689247131347656,3.269077840744539,0.0001531276097734846,4.684122472244634e-05
source_float64,inputs/SIG-NIHDA-724_0d5c5a07/conf_000.xyz,sterimol_b1,3.261533260345459,3.260997445170612,0.0005358151748469098,0.0001643102099452508
source_float64,inputs/SIG-NIHDA-724_0d5c5a07/conf_001.xyz,sterimol_b1,3.2614965438842773,3.261064897221546,0.000431646662731211,0.00013236371441088996
source_float64,inputs/SIG-NIHDA-785_fe24eb0f/conf_000.xyz,sterimol_b1,2.989257574081421,2.9741994071663056,0.0150581669151153,0.00506293118034816
source_float64,inputs/SIG-NIHDA-785_fe24eb0f/conf_001.xyz,sterimol_b1,2.9893670082092285,2.9734186506828157,0.01594835752641277,0.005363643469025255
source_float64,inputs/SIG-NIHDA-1057_be992081/conf_000.xyz,sterimol_b5,7.855380535125732,7.85537886574227,1.6693834625769455e-06,2.1251469739508256e-07
source_float64,inputs/SIG-NIHDA-1058_219b0b66/conf_000.xyz,sterimol_b5,7.855285167694092,7.855283077419029,2.0902750623719157e-06,2.6609799313033884e-07
source_float64,inputs/SIG-NIHDA-1058_219b0b66/conf_001.xyz,sterimol_b5,7.84199333190918,7.841993241891505,9.001767509175806e-08,1.1478927909665683e-08
source_float64,inputs/SIG-NIHDA-2062_d86f6436/conf_000.xyz,sterimol_b5,10.269245147705078,10.269242902181976,2.245523102573088e-06,2.186649126875718e-07
source_float64,inputs/SIG-NIHDA-2062_d86f6436/conf_001.xyz,sterimol_b5,10.261292457580566,10.26129101657494,1.4410056259350768e-06,1.4043122094553576e-07
source_float64,inputs/SIG-NIHDA-2062_d86f6436/conf_002.xyz,sterimol_b5,10.00451374053955,10.004514199333698,4.5879414756200276e-07,4.5858713218934556e-08
source_float64,inputs/SIG-NIHDA-2062_d86f6436/conf_003.xyz,sterimol_b5,9.498126983642578,9.498127233464258,2.498216797874875e-07,2.6302203965777985e-08
source_float64,inputs/SIG-NIHDA-2063_9978c6ba/conf_000.xyz,sterimol_b5,9.46917724609375,9.469177259840729,1.3746978666517862e-08,1.4517606217827932e-09
source_float64,inputs/SIG-NIHDA-2063_9978c6ba/conf_001.xyz,sterimol_b5,9.449735641479492,9.449734304516065,1.3369634270787856e-06,1.414815892167302e-07
source_float64,inputs/SIG-NIHDA-2063_9978c6ba/conf_002.xyz,sterimol_b5,9.449753761291504,9.449754309556017,5.482645129006869e-07,5.801891720573699e-08
source_float64,inputs/SIG-NIHDA-2063_9978c6ba/conf_003.xyz,sterimol_b5,9.449705123901367,9.449704725629136,3.982722311945963e-07,4.214652655912277e-08
source_float64,inputs/SIG-NIHDA-2063_9978c6ba/conf_004.xyz,sterimol_b5,9.46900463104248,9.469002706633537,1.9244089433101408e-06,2.032324842363801e-07
source_float64,inputs/SIG-NIHDA-2064_f0ba08d0/conf_000.xyz,sterimol_b5,9.44001579284668,9.440015399154696,3.9369198390204474e-07,4.170459128035933e-08
source_float64,inputs/SIG-NIHDA-2064_f0ba08d0/conf_001.xyz,sterimol_b5,9.495329856872559,9.495329571132807,2.857397518596372e-07,3.0092662894853895e-08
source_float64,inputs/SIG-NIHDA-2064_f0ba08d0/conf_002.xyz,sterimol_b5,9.495342254638672,9.49534101917083,1.235467841809168e-06,1.3011305642575583e-07
source_float64,inputs/SIG-NIHDA-2064_f0ba08d0/conf_003.xyz,sterimol_b5,9.49532413482666,9.495324154308845,1.948218475433805e-08,2.0517661575036708e-09
source_float64,inputs/SIG-NIHDA-2064_f0ba08d0/conf_004.xyz,sterimol_b5,9.478620529174805,9.478620094755794,4.3441901098617564e-07,4.5831461398745716e-08
source_float64,inputs/SIG-NIHDA-2064_f0ba08d0/conf_005.xyz,sterimol_b5,9.478606224060059,9.478605847169483,3.768905756373897e-07,3.97622373705873e-08
source_float64,inputs/SIG-NIHDA-2064_f0ba08d0/conf_006.xyz,sterimol_b5,9.492225646972656,9.492225198711838,4.4826081868620804e-07,4.722399746131605e-08
source_float64,inputs/SIG-NIHDA-2064_f0ba08d0/conf_007.xyz,sterimol_b5,9.492229461669922,9.492229529657472,6.798754981218735e-08,7.162442669529578e-09
source_float64,inputs/SIG-NIHDA-2064_f0ba08d0/conf_008.xyz,sterimol_b5,9.492218971252441,9.492216427764895,2.5434875468022256e-06,2.6795507310205036e-07
source_float64,inputs/SIG-NIHDA-2064_f0ba08d0/conf_009.xyz,sterimol_b5,9.492209434509277,9.492208588917105,8.455921722827497e-07,8.908276344348823e-08
source_float64,inputs/SIG-NIHDA-2064_f0ba08d0/conf_010.xyz,sterimol_b5,9.442136764526367,9.44213650752758,2.5699878669627196e-07,2.7218287565677972e-08
source_float64,inputs/SIG-NIHDA-2064_f0ba08d0/conf_011.xyz,sterimol_b5,9.442097663879395,9.442097730134233,6.625483806033117e-08,7.016961691561443e-09
source_float64,inputs/SIG-NIHDA-2067_1f828bfa/conf_000.xyz,sterimol_b5,9.347943305969238,9.347940528226939,2.777742299286956e-06,2.9715018948818896e-07
source_float64,inputs/SIG-NIHDA-2067_1f828bfa/conf_001.xyz,sterimol_b5,9.347935676574707,9.347934895996222,7.805784854042486e-07,8.350277297487118e-08
source_float64,inputs/SIG-NIHDA-2067_1f828bfa/conf_002.xyz,sterimol_b5,9.265027046203613,9.26502576294663,1.2832569833420848e-06,1.385054954163409e-07
source_float64,inputs/SIG-NIHDA-2067_1f828bfa/conf_003.xyz,sterimol_b5,9.265595436096191,9.265594477650918,9.584452733690796e-07,1.0344131460543606e-07
source_float64,inputs/SIG-NIHDA-2067_1f828bfa/conf_004.xyz,sterimol_b5,9.495078086853027,9.49507821366089,1.268078619887092e-07,1.3355115053846154e-08
source_float64,inputs/SIG-NIHDA-2067_1f828bfa/conf_005.xyz,sterimol_b5,9.492630004882812,9.492627932336635,2.0725461773452025e-06,2.1833218283896646e-07
source_float64,inputs/SIG-NIHDA-2067_1f828bfa/conf_006.xyz,sterimol_b5,9.49464225769043,9.494641117134739,1.1405556907817527e-06,1.2012625613867812e-07
source_float64,inputs/SIG-NIHDA-2067_1f828bfa/conf_007.xyz,sterimol_b5,9.506027221679688,9.506026658860073,5.628196149132236e-07,5.920661019697949e-08
source_float64,inputs/SIG-NIHDA-2067_1f828bfa/conf_008.xyz,sterimol_b5,8.758225440979004,8.758224906314178,5.346648261905784e-07,6.104716788045895e-08
source_float64,inputs/SIG-NIHDA-2067_1f828bfa/conf_009.xyz,sterimol_b5,9.475122451782227,9.475122482674776,3.089254896337934e-08,3.2603851844518366e-09
source_float64,inputs/SIG-NIHDA-2067_1f828bfa/conf_010.xyz,sterimol_b5,9.48397445678711,9.483974189171702,2.676154071679093e-07,2.8217643978139288e-08
source_float64,inputs/SIG-NIHDA-401_9d42bff1/conf_000.xyz,sterimol_b5,6.595738887786865,6.5957384082551,4.795317654071596e-07,7.270327228365922e-08
source_float64,inputs/SIG-NIHDA-401_9d42bff1/conf_001.xyz,sterimol_b5,6.595636367797852,6.595634592558099,1.7752397525327979e-06,2.691537451962262e-07
source_float64,inputs/SIG-NIHDA-401_9d42bff1/conf_002.xyz,sterimol_b5,6.595628261566162,6.5956274015279925,8.600381695700321e-07,1.3039520233826265e-07
source_float64,inputs/SIG-NIHDA-401_9d42bff1/conf_003.xyz,sterimol_b5,8.87193775177002,8.871937507406072,2.4436394774340897e-07,2.754347035688879e-08
source_float64,inputs/SIG-NIHDA-401_9d42bff1/conf_004.xyz,sterimol_b5,8.811678886413574,8.81167830765519,5.787583834404586e-07,6.568083436927779e-08
source_float64,inputs/SIG-NIHDA-401_9d42bff1/conf_005.xyz,sterimol_b5,8.811671257019043,8.811668637398004,2.6196210392015473e-06,2.972900079428196e-07
source_float64,inputs/SIG-NIHDA-498_7d70a0ce/conf_000.xyz,sterimol_b5,7.186157703399658,7.186156520267653,1.1831320048116822e-06,1.6464044464865282e-07
source_float64,inputs/SIG-NIHDA-498_7d70a0ce/conf_001.xyz,sterimol_b5,7.18615198135376,7.186152069046568,8.769280857023887e-08,1.2203027117664881e-08
source_float64,inputs/SIG-NIHDA-498_7d70a0ce/conf_002.xyz,sterimol_b5,7.186168670654297,7.186166830910243,1.8397440539885679e-06,2.560118763281669e-07
source_float64,inputs/SIG-NIHDA-498_7d70a0ce/conf_003.xyz,sterimol_b5,7.186168670654297,7.186167640753011,1.0299012860315315e-06,1.4331718066120874e-07
source_float64,inputs/SIG-NIHDA-498_7d70a0ce/conf_004.xyz,sterimol_b5,7.186148166656494,7.186145696332975,2.4703235190770556e-06,3.4376195856112953e-07
source_float64,inputs/SIG-NIHDA-498_7d70a0ce/conf_005.xyz,sterimol_b5,7.186168670654297,7.186166429394887,2.2412594100629235e-06,3.118852634549475e-07
source_float64,inputs/SIG-NIHDA-498_7d70a0ce/conf_006.xyz,sterimol_b5,7.186163425445557,7.186162601730111,8.237154460744023e-07,1.1462521678483701e-07
source_float64,inputs/SIG-NIHDA-498_7d70a0ce/conf_007.xyz,sterimol_b5,7.186176300048828,7.186176136007536,1.6404129254965483e-07,2.2827340917473278e-08
source_float64,inputs/SIG-NIHDA-498_7d70a0ce/conf_008.xyz,sterimol_b5,7.18616247177124,7.186161602583124,8.691881161482229e-07,1.2095304339326105e-07
source_float64,inputs/SIG-NIHDA-723_1db84e66/conf_000.xyz,sterimol_b5,7.8502092361450195,7.8502089742038255,2.619411940685268e-07,3.336741670562892e-08
source_float64,inputs/SIG-NIHDA-723_1db84e66/conf_001.xyz,sterimol_b5,7.8502116203308105,7.850210480905832,1.1394249783691635e-06,1.4514578700031056e-07
source_float64,inputs/SIG-NIHDA-724_0d5c5a07/conf_000.xyz,sterimol_b5,8.849546432495117,8.849546741521252,3.0902613445960014e-07,3.491999573375642e-08
source_float64,inputs/SIG-NIHDA-724_0d5c5a07/conf_001.xyz,sterimol_b5,8.849446296691895,8.849446669078985,3.7238709005293913e-07,4.2080268290005496e-08
source_float64,inputs/SIG-NIHDA-785_fe24eb0f/conf_000.xyz,sterimol_b5,9.465792655944824,9.465790894491183,1.761453640725108e-06,1.860862616086547e-07
source_float64,inputs/SIG-NIHDA-785_fe24eb0f/conf_001.xyz,sterimol_b5,9.465731620788574,9.465729421134563,2.1996540109370244e-06,2.323808248760795e-07
source_float64,inputs/SIG-NIHDA-1057_be992081/conf_000.xyz,pyr_p,0.9479392170906067,0.9479392328702374,1.5779630713197434e-08,1.664624710744248e-08
source_float64,inputs/SIG-NIHDA-1058_219b0b66/conf_000.xyz,pyr_p,0.9470087289810181,0.9470087239425197,5.0384983962814545e-09,5.320435038133054e-09
source_float64,inputs/SIG-NIHDA-1058_219b0b66/conf_001.xyz,pyr_p,0.9466845989227295,0.946684601306658,2.383928499050114e-09,2.5181866228305664e-09
source_float64,inputs/SIG-NIHDA-2062_d86f6436/conf_000.xyz,pyr_p,0.9405514001846313,0.9405513665496195,3.363501188680118e-08,3.576095158969368e-08
source_float64,inputs/SIG-NIHDA-2062_d86f6436/conf_001.xyz,pyr_p,0.9397690892219543,0.9397690751999296,1.4022024763526986e-08,1.4920713112999482e-08
source_float64,inputs/SIG-NIHDA-2062_d86f6436/conf_002.xyz,pyr_p,0.9371498823165894,0.9371499093372306,2.70206412800178e-08,2.8832784393189863e-08
source_float64,inputs/SIG-NIHDA-2062_d86f6436/conf_003.xyz,pyr_p,0.9346572160720825,0.9346571819237514,3.414833116277549e-08,3.653567513651362e-08
source_float64,inputs/SIG-NIHDA-2063_9978c6ba/conf_000.xyz,pyr_p,0.9346532821655273,0.9346532897154479,7.549920577609726e-09,8.077776712162724e-09
source_float64,inputs/SIG-NIHDA-2063_9978c6ba/conf_001.xyz,pyr_p,0.9518364667892456,0.9518364601080223,6.6812233523450004e-09,7.019297570915449e-09
source_float64,inputs/SIG-NIHDA-2063_9978c6ba/conf_002.xyz,pyr_p,0.9518359899520874,0.9518360163525661,2.6400478692067963e-08,2.773637290300755e-08
source_float64,inputs/SIG-NIHDA-2063_9978c6ba/conf_003.xyz,pyr_p,0.951836347579956,0.9518363343419972,1.3237958840228714e-08,1.3907809948629553e-08
source_float64,inputs/SIG-NIHDA-2063_9978c6ba/conf_004.xyz,pyr_p,0.9505084156990051,0.9505084310803026,1.5381297457928156e-08,1.61821788791989e-08
source_float64,inputs/SIG-NIHDA-2064_f0ba08d0/conf_000.xyz,pyr_p,0.9384198784828186,0.9384198472673468,3.121547176299089e-08,3.326386569283407e-08
source_float64,inputs/SIG-NIHDA-2064_f0ba08d0/conf_001.xyz,pyr_p,0.9310571551322937,0.9310571385136067,1.6618686982106112e-08,1.7849266489312506e-08
source_float64,inputs/SIG-NIHDA-2064_f0ba08d0/conf_002.xyz,pyr_p,0.931056022644043,0.9310560041041145,1.8539928481331458e-08,1.9912796222361556e-08
source_float64,inputs/SIG-NIHDA-2064_f0ba08d0/conf_003.xyz,pyr_p,0.9310547709465027,0.9310548101229634,3.917646074214076e-08,4.207750211501165e-08
source_float64,inputs/SIG-NIHDA-2064_f0ba08d0/conf_004.xyz,pyr_p,0.9203587770462036,0.9203587697814012,7.2648024262989e-09,7.893446191667623e-09
source_float64,inputs/SIG-NIHDA-2064_f0ba08d0/conf_005.xyz,pyr_p,0.9203543663024902,0.9203543392668894,2.7035600869140808e-08,2.937520878173518e-08
source_float64,inputs/SIG-NIHDA-2064_f0ba08d0/conf_006.xyz,pyr_p,0.9243069291114807,0.9243069016892631,2.742221760776431e-08,2.9667870658162857e-08
source_float64,inputs/SIG-NIHDA-2064_f0ba08d0/conf_007.xyz,pyr_p,0.9243060946464539,0.9243060999594491,5.312995265960296e-09,5.748090666277531e-09
source_float64,inputs/SIG-NIHDA-2064_f0ba08d0/conf_008.xyz,pyr_p,0.9243081212043762,0.9243081969263307,7.57219544844645e-08,8.192284211723777e-08
source_float64,inputs/SIG-NIHDA-2064_f0ba08d0/conf_009.xyz,pyr_p,0.9243054389953613,0.9243053742494997,6.474586167204421e-08,7.004812854692677e-08
source_float64,inputs/SIG-NIHDA-2064_f0ba08d0/conf_010.xyz,pyr_p,0.9363370537757874,0.9363370432271719,1.0548615425598484e-08,1.1265831574111079e-08
source_float64,inputs/SIG-NIHDA-2064_f0ba08d0/conf_011.xyz,pyr_p,0.9363361597061157,0.9363361642608387,4.554722932148536e-09,4.8644099266892245e-09
source_float64,inputs/SIG-NIHDA-2067_1f828bfa/conf_000.xyz,pyr_p,0.9381223320960999,0.9381223459957979,1.3899698059205434e-08,1.4816508868522032e-08
source_float64,inputs/SIG-NIHDA-2067_1f828bfa/conf_001.xyz,pyr_p,0.938122570514679,0.9381225667119284,3.802750558890011e-09,4.053575400300259e-09
source_float64,inputs/SIG-NIHDA-2067_1f828bfa/conf_002.xyz,pyr_p,0.9382885694503784,0.9382885648532422,4.597136227246779e-09,4.899490838371047e-09
source_float64,inputs/SIG-NIHDA-2067_1f828bfa/conf_003.xyz,pyr_p,0.9382725358009338,0.9382725422653436,6.4644097852450955e-09,6.88969301993808e-09
source_float64,inputs/SIG-NIHDA-2067_1f828bfa/conf_004.xyz,pyr_p,0.9376227855682373,0.9376228114569064,2.5888669097362538e-08,2.7610963365040095e-08
source_float64,inputs/SIG-NIHDA-2067_1f828bfa/conf_005.xyz,pyr_p,0.9315826296806335,0.9315826194248862,1.0255747362464263e-08,1.1008950949294934e-08
source_float64,inputs/SIG-NIHDA-2067_1f828bfa/conf_006.xyz,pyr_p,0.9349253177642822,0.9349252925218411,2.5242441137329763e-08,2.6999420530427103e-08
source_float64,inputs/SIG-NIHDA-2067_1f828bfa/conf_007.xyz,pyr_p,0.9338037371635437,0.9338037962534228,5.908987910085983e-08,6.327868802626239e-08
source_float64,inputs/SIG-NIHDA-2067_1f828bfa/conf_008.xyz,pyr_p,0.9405191540718079,0.9405191354779134,1.8593894424157043e-08,1.9769820435082143e-08
source_float64,inputs/SIG-NIHDA-2067_1f828bfa/conf_009.xyz,pyr_p,0.9431007504463196,0.9431007503732209,7.309863825355478e-11,7.750883267204152e-11
source_float64,inputs/SIG-NIHDA-2067_1f828bfa/conf_010.xyz,pyr_p,0.938606321811676,0.938606330523447,8.711770971281396e-09,9.281602614402749e-09
source_float64,inputs/SIG-NIHDA-401_9d42bff1/conf_000.xyz,pyr_p,0.9317666292190552,0.9317666550720564,2.585300118429501e-08,2.7746218480307947e-08
source_float64,inputs/SIG-NIHDA-401_9d42bff1/conf_001.xyz,pyr_p,0.9318070411682129,0.9318070024877315,3.8680481373454256e-08,4.15112585226183e-08
source_float64,inputs/SIG-NIHDA-401_9d42bff1/conf_002.xyz,pyr_p,0.9318071007728577,0.9318071225768029,2.1803945204901254e-08,2.3399633547128306e-08
source_float64,inputs/SIG-NIHDA-401_9d42bff1/conf_003.xyz,pyr_p,0.9266741275787354,0.9266741502265023,2.2647766995120833e-08,2.4439838954809685e-08
source_float64,inputs/SIG-NIHDA-401_9d42bff1/conf_004.xyz,pyr_p,0.9266758561134338,0.9266759146260626,5.8512628742235506e-08,6.314249439173872e-08
source_float64,inputs/SIG-NIHDA-401_9d42bff1/conf_005.xyz,pyr_p,0.9266763925552368,0.9266763410486958,5.1506541032253494e-08,5.558201796105517e-08
source_float64,inputs/SIG-NIHDA-498_7d70a0ce/conf_000.xyz,pyr_p,0.9400246143341064,0.9400246131737829,1.1603235039459037e-09,1.2343543857094664e-09
source_float64,inputs/SIG-NIHDA-498_7d70a0ce/conf_001.xyz,pyr_p,0.9400250315666199,0.9400250745560783,4.298945843750346e-08,4.5732246512472014e-08
source_float64,inputs/SIG-NIHDA-498_7d70a0ce/conf_002.xyz,pyr_p,0.9400237202644348,0.940023723258903,2.9944682289340108e-09,3.1855241041712188e-09
source_float64,inputs/SIG-NIHDA-498_7d70a0ce/conf_003.xyz,pyr_p,0.9400234818458557,0.9400234890751982,7.2293424580038845e-09,7.69059767337959e-09
source_float64,inputs/SIG-NIHDA-498_7d70a0ce/conf_004.xyz,pyr_p,0.9400233626365662,0.9400233820193016,1.9382735416684227e-08,2.0619418396856686e-08
source_float64,inputs/SIG-NIHDA-498_7d70a0ce/conf_005.xyz,pyr_p,0.9400225281715393,0.9400225408387994,1.2667260129717306e-08,1.3475485511670897e-08
source_float64,inputs/SIG-NIHDA-498_7d70a0ce/conf_006.xyz,pyr_p,0.9400235414505005,0.9400235628863137,2.143581323554855e-08,2.280348502087601e-08
source_float64,inputs/SIG-NIHDA-498_7d70a0ce/conf_007.xyz,pyr_p,0.9400245547294617,0.9400245266291514,2.8100310300871456e-08,2.989316715132615e-08
source_float64,inputs/SIG-NIHDA-498_7d70a0ce/conf_008.xyz,pyr_p,0.9400243759155273,0.9400244014839945,2.556846712131744e-08,2.719979085750657e-08
source_float64,inputs/SIG-NIHDA-723_1db84e66/conf_000.xyz,pyr_p,0.9476227164268494,0.9476227191753407,2.748491323423252e-09,2.9004067418466913e-09
source_float64,inputs/SIG-NIHDA-723_1db84e66/conf_001.xyz,pyr_p,0.9476240873336792,0.9476240815463635,5.7873157377485995e-09,6.107185170204488e-09
source_float64,inputs/SIG-NIHDA-724_0d5c5a07/conf_000.xyz,pyr_p,0.9434747099876404,0.9434746812863835,2.8701256926666474e-08,3.042080248251459e-08
source_float64,inputs/SIG-NIHDA-724_0d5c5a07/conf_001.xyz,pyr_p,0.943476140499115,0.9434761607094849,2.0210369933160166e-08,2.1421177105272236e-08
source_float64,inputs/SIG-NIHDA-785_fe24eb0f/conf_000.xyz,pyr_p,0.9352414011955261,0.9352413503933225,5.080220366604493e-08,5.431988613920856e-08
source_float64,inputs/SIG-NIHDA-785_fe24eb0f/conf_001.xyz,pyr_p,0.9352422952651978,0.9352422899533291,5.311868611634907e-09,5.6796711062969385e-09
source_float64,inputs/SIG-NIHDA-1057_be992081/conf_000.xyz,pyr_alpha,14.844343185424805,14.844343527012246,3.4158744099954674e-07,2.3011286445773788e-08
source_float64,inputs/SIG-NIHDA-1058_219b0b66/conf_000.xyz,pyr_alpha,14.989654541015625,14.989654615322312,7.430668702568255e-08,4.957198076447126e-09
source_float64,inputs/SIG-NIHDA-1058_219b0b66/conf_001.xyz,pyr_alpha,15.04920482635498,15.049205587145865,7.607908845130851e-07,5.0553557801277384e-08
source_float64,inputs/SIG-NIHDA-2062_d86f6436/conf_000.xyz,pyr_alpha,16.82419776916504,16.824201130936753,3.3617717143386017e-06,1.9981761322128357e-07
source_float64,inputs/SIG-NIHDA-2062_d86f6436/conf_001.xyz,pyr_alpha,16.94716453552246,16.947167398389873,2.862867411579373e-06,1.6892896283371638e-07
source_float64,inputs/SIG-NIHDA-2062_d86f6436/conf_002.xyz,pyr_alpha,17.346614837646484,17.346612172138546,2.665507938814926e-06,1.5366158604134595e-07
source_float64,inputs/SIG-NIHDA-2062_d86f6436/conf_003.xyz,pyr_alpha,17.70378303527832,17.70378621107606,3.1757977403401583e-06,1.7938522881355608e-07
source_float64,inputs/SIG-NIHDA-2063_9978c6ba/conf_000.xyz,pyr_alpha,17.70769691467285,17.707696514736366,3.999364857065757e-07,2.2585460812124722e-08
source_float64,inputs/SIG-NIHDA-2063_9978c6ba/conf_001.xyz,pyr_alpha,15.083725929260254,15.083731442661161,5.513400907375399e-06,3.65519694402799e-07
source_float64,inputs/SIG-NIHDA-2063_9978c6ba/conf_002.xyz,pyr_alpha,15.083807945251465,15.08380737651675,5.687347144345267e-07,3.770498391009436e-08
source_float64,inputs/SIG-NIHDA-2063_9978c6ba/conf_003.xyz,pyr_alpha,15.083747863769531,15.083748272534878,4.087653469042607e-07,2.7099719480771088e-08
source_float64,inputs/SIG-NIHDA-2063_9978c6ba/conf_004.xyz,pyr_alpha,15.30105972290039,15.30105855068163,1.1722187611695745e-06,7.66103049202014e-08
source_float64,inputs/SIG-NIHDA-2064_f0ba08d0/conf_000.xyz,pyr_alpha,17.122283935546875,17.122284165379213,2.298323380500733e-07,1.342299519329249e-08
source_float64,inputs/SIG-NIHDA-2064_f0ba08d0/conf_001.xyz,pyr_alpha,18.21673583984375,18.216740938976933,5.099133183250615e-06,2.799146784999505e-07
source_float64,inputs/SIG-NIHDA-2064_f0ba08d0/conf_002.xyz,pyr_alpha,18.216894149780273,18.216896316088363,2.1663080893574715e-06,1.1891751765882772e-07
source_float64,inputs/SIG-NIHDA-2064_f0ba08d0/conf_003.xyz,pyr_alpha,18.21706199645996,18.21706042484986,1.5716101025020635e-06,8.627133389524432e-08
source_float64,inputs/SIG-NIHDA-2064_f0ba08d0/conf_004.xyz,pyr_alpha,19.649866104125977,19.649866796337783,6.922118060970206e-07,3.522730272278643e-08
source_float64,inputs/SIG-NIHDA-2064_f0ba08d0/conf_005.xyz,pyr_alpha,19.650455474853516,19.650456614028325,1.1391748095945786e-06,5.797192563868107e-08
source_float64,inputs/SIG-NIHDA-2064_f0ba08d0/conf_006.xyz,pyr_alpha,19.135501861572266,19.135508511861467,6.650289201104442e-06,3.47536580853451e-07
source_float64,inputs/SIG-NIHDA-2064_f0ba08d0/conf_007.xyz,pyr_alpha,19.135623931884766,19.13562152971144,2.4021733260326528e-06,1.2553411564410665e-07
source_float64,inputs/SIG-NIHDA-2064_f0ba08d0/conf_008.xyz,pyr_alpha,19.13535499572754,19.135348868530485,6.127197053729105e-06,3.2020304912264965e-07
source_float64,inputs/SIG-NIHDA-2064_f0ba08d0/conf_009.xyz,pyr_alpha,19.135704040527344,19.13570853372652,4.493199174504525e-06,2.3480704498531115e-07
source_float64,inputs/SIG-NIHDA-2064_f0ba08d0/conf_010.xyz,pyr_alpha,17.371408462524414,17.371408473623976,1.1099562158278786e-08,6.389557976908954e-10
source_float64,inputs/SIG-NIHDA-2064_f0ba08d0/conf_011.xyz,pyr_alpha,17.37152099609375,17.371516779327575,4.21676617534672e-06,2.4274024133371874e-07
source_float64,inputs/SIG-NIHDA-2067_1f828bfa/conf_000.xyz,pyr_alpha,17.20460319519043,17.20460077405599,2.4211344396007917e-06,1.4072598785621274e-07
source_float64,inputs/SIG-NIHDA-2067_1f828bfa/conf_001.xyz,pyr_alpha,17.20456886291504,17.204568108335206,7.545798332841969e-07,4.385927205685685e-08
source_float64,inputs/SIG-NIHDA-2067_1f828bfa/conf_002.xyz,pyr_alpha,17.164438247680664,17.164438046047106,2.0163355785030035e-07,1.1747169194201244e-08
source_float64,inputs/SIG-NIHDA-2067_1f828bfa/conf_003.xyz,pyr_alpha,17.166770935058594,17.166772649246397,1.7141878032589375e-06,9.98549837108834e-08
source_float64,inputs/SIG-NIHDA-2067_1f828bfa/conf_004.xyz,pyr_alpha,17.25609588623047,17.256093516219742,2.3700107263380232e-06,1.3734340997343045e-07
source_float64,inputs/SIG-NIHDA-2067_1f828bfa/conf_005.xyz,pyr_alpha,18.120527267456055,18.120524026629543,3.2408265120409396e-06,1.7884838800899405e-07
source_float64,inputs/SIG-NIHDA-2067_1f828bfa/conf_006.xyz,pyr_alpha,17.662944793701172,17.662948764769546,3.971068373687103e-06,2.2482476887482016e-07
source_float64,inputs/SIG-NIHDA-2067_1f828bfa/conf_007.xyz,pyr_alpha,17.811681747436523,17.811678062174916,3.685261606989343e-06,2.0690142692481102e-07
source_float64,inputs/SIG-NIHDA-2067_1f828bfa/conf_008.xyz,pyr_alpha,16.84098243713379,16.84098421528625,1.7781524626059309e-06,1.0558483042766198e-07
source_float64,inputs/SIG-NIHDA-2067_1f828bfa/conf_009.xyz,pyr_alpha,16.396879196166992,16.396879009802312,1.863646801325558e-07,1.1365862980457688e-08
source_float64,inputs/SIG-NIHDA-2067_1f828bfa/conf_010.xyz,pyr_alpha,17.0878963470459,17.087894853992374,1.49305352437068e-06,8.737492459592508e-08
source_float64,inputs/SIG-NIHDA-401_9d42bff1/conf_000.xyz,pyr_alpha,17.104389190673828,17.104384326958503,4.86371532559815e-06,2.8435489010454285e-07
source_float64,inputs/SIG-NIHDA-401_9d42bff1/conf_001.xyz,pyr_alpha,17.09940528869629,17.099408314843824,3.0261475352233447e-06,1.769738156726965e-07
source_float64,inputs/SIG-NIHDA-401_9d42bff1/conf_002.xyz,pyr_alpha,17.09938621520996,17.099387643485965,1.428276004133977e-06,8.352790368361996e-08
source_float64,inputs/SIG-NIHDA-401_9d42bff1/conf_003.xyz,pyr_alpha,17.769479751586914,17.769475443501776,4.308085138404749e-06,2.4244301144973856e-07
source_float64,inputs/SIG-NIHDA-401_9d42bff1/conf_004.xyz,pyr_alpha,17.76937484741211,17.76937056187198,4.285540128989851e-06,2.411756856590859e-07
source_float64,inputs/SIG-NIHDA-401_9d42bff1/conf_005.xyz,pyr_alpha,17.769309997558594,17.769316273428828,6.275870234162539e-06,3.5318580285202644e-07
source_float64,inputs/SIG-NIHDA-498_7d70a0ce/conf_000.xyz,pyr_alpha,16.921497344970703,16.921498370320602,1.0253498992085497e-06,6.059450982230735e-08
source_float64,inputs/SIG-NIHDA-498_7d70a0ce/conf_001.xyz,pyr_alpha,16.921432495117188,16.921430702592442,1.7925247455252702e-06,1.059322215142628e-07
source_float64,inputs/SIG-NIHDA-498_7d70a0ce/conf_002.xyz,pyr_alpha,16.9216251373291,16.921628990558496,3.853229394223945e-06,2.2771031065471727e-07
source_float64,inputs/SIG-NIHDA-498_7d70a0ce/conf_003.xyz,pyr_alpha,16.92166519165039,16.921664960754836,2.3089555512001425e-07,1.3644966713116777e-08
source_float64,inputs/SIG-NIHDA-498_7d70a0ce/conf_004.xyz,pyr_alpha,16.921682357788086,16.921681068629074,1.2891590124297636e-06,7.618386182799072e-08
source_float64,inputs/SIG-NIHDA-498_7d70a0ce/conf_005.xyz,pyr_alpha,16.92180633544922,16.921805623109822,7.123393963581748e-07,4.209594485504224e-08
source_float64,inputs/SIG-NIHDA-498_7d70a0ce/conf_006.xyz,pyr_alpha,16.92165184020996,16.92165255733652,7.171265608008071e-07,4.2379227346202127e-08
source_float64,inputs/SIG-NIHDA-498_7d70a0ce/conf_007.xyz,pyr_alpha,16.9215087890625,16.92151086449955,2.075437048887352e-06,1.2265081206439498e-07
source_float64,inputs/SIG-NIHDA-498_7d70a0ce/conf_008.xyz,pyr_alpha,16.921533584594727,16.92152797223755,5.612357178108596e-06,3.3166964515950084e-07
source_float64,inputs/SIG-NIHDA-723_1db84e66/conf_000.xyz,pyr_alpha,14.872562408447266,14.872560369854188,2.0385930774580174e-06,1.3707075491790415e-07
source_float64,inputs/SIG-NIHDA-723_1db84e66/conf_001.xyz,pyr_alpha,14.872349739074707,14.872348994056235,7.450184718038599e-07,5.009420314851461e-08
source_float64,inputs/SIG-NIHDA-724_0d5c5a07/conf_000.xyz,pyr_alpha,15.42654037475586,15.426542725862266,2.3511064064507536e-06,1.5240656628196897e-07
source_float64,inputs/SIG-NIHDA-724_0d5c5a07/conf_001.xyz,pyr_alpha,15.426349639892578,15.426350435724839,7.958322605361445e-07,5.1589147015170264e-08
source_float64,inputs/SIG-NIHDA-785_fe24eb0f/conf_000.xyz,pyr_alpha,17.621997833251953,17.622001220048084,3.3867961306555117e-06,1.9219134582753537e-07
source_float64,inputs/SIG-NIHDA-785_fe24eb0f/conf_001.xyz,pyr_alpha,17.621862411499023,17.621866244044647,3.832545623083661e-06,2.1748806681465302e-07
source_float64,inputs/SIG-NIHDA-1057_be992081/conf_000.xyz,buried_volume,85.16978454589844,85.16979068540967,6.1395112282980335e-06,7.208555027422166e-08
source_float64,inputs/SIG-NIHDA-1058_219b0b66/conf_000.xyz,buried_volume,92.40034484863281,92.40034496968262,1.2104980839922064e-07,1.310057970443056e-09
source_float64,inputs/SIG-NIHDA-1058_219b0b66/conf_001.xyz,buried_volume,91.49506378173828,91.49506869443512,4.91269683777773e-06,5.3693569586625475e-08
source_float64,inputs/SIG-NIHDA-2062_d86f6436/conf_000.xyz,buried_volume,65.22262573242188,65.22263018274585,4.450323970672798e-06,6.823281977748419e-08
source_float64,inputs/SIG-NIHDA-2062_d86f6436/conf_001.xyz,buried_volume,53.50843048095703,53.508432887161256,2.4062042243144788e-06,4.4968691746003656e-08
source_float64,inputs/SIG-NIHDA-2062_d86f6436/conf_002.xyz,buried_volume,67.33235168457031,67.33235128772179,3.968485202676675e-07,5.893875866177181e-09
source_float64,inputs/SIG-NIHDA-2062_d86f6436/conf_003.xyz,buried_volume,70.2035903930664,70.20359234955829,1.956491885835021e-06,2.786882865043773e-08
source_float64,inputs/SIG-NIHDA-2063_9978c6ba/conf_000.xyz,buried_volume,47.60276794433594,47.602767915589574,2.8746363511800155e-08,6.038800845105043e-10
source_float64,inputs/SIG-NIHDA-2063_9978c6ba/conf_001.xyz,buried_volume,46.84901428222656,46.84901857053372,4.288307160038585e-06,9.153462102055153e-08
source_float64,inputs/SIG-NIHDA-2063_9978c6ba/conf_002.xyz,buried_volume,46.84901428222656,46.84901857053372,4.288307160038585e-06,9.153462102055153e-08
source_float64,inputs/SIG-NIHDA-2063_9978c6ba/conf_003.xyz,buried_volume,46.84124755859375,46.84124795872902,4.001352706950456e-07,8.542369986546849e-09
source_float64,inputs/SIG-NIHDA-2063_9978c6ba/conf_004.xyz,buried_volume,47.36964797973633,47.36964956144859,1.581712261611301e-06,3.33908373031023e-08
source_float64,inputs/SIG-NIHDA-2064_f0ba08d0/conf_000.xyz,buried_volume,48.908226013183594,48.90823069877911,4.685595513365115e-06,9.580382374130907e-08
source_float64,inputs/SIG-NIHDA-2064_f0ba08d0/conf_001.xyz,buried_volume,54.56523513793945,54.5652360926004,9.54660947627417e-07,1.7495772326675203e-08
source_float64,inputs/SIG-NIHDA-2064_f0ba08d0/conf_002.xyz,buried_volume,54.56523513793945,54.5652360926004,9.54660947627417e-07,1.7495772326675203e-08
source_float64,inputs/SIG-NIHDA-2064_f0ba08d0/conf_003.xyz,buried_volume,54.56135177612305,54.56135078669805,9.894249970443525e-07,1.8134173417230944e-08
source_float64,inputs/SIG-NIHDA-2064_f0ba08d0/conf_004.xyz,buried_volume,50.45458221435547,50.454582447914326,2.3355885758746808e-07,4.629091080648173e-09
source_float64,inputs/SIG-NIHDA-2064_f0ba08d0/conf_005.xyz,buried_volume,50.45458221435547,50.454582447914326,2.3355885758746808e-07,4.629091080648173e-09
source_float64,inputs/SIG-NIHDA-2064_f0ba08d0/conf_006.xyz,buried_volume,50.540061950683594,50.54005917776602,2.7729175755553115e-06,5.4865736618986695e-08
source_float64,inputs/SIG-NIHDA-2064_f0ba08d0/conf_007.xyz,buried_volume,50.540061950683594,50.54005917776602,2.7729175755553115e-06,5.4865736618986695e-08
source_float64,inputs/SIG-NIHDA-2064_f0ba08d0/conf_008.xyz,buried_volume,50.540061950683594,50.54005917776602,2.7729175755553115e-06,5.4865736618986695e-08
source_float64,inputs/SIG-NIHDA-2064_f0ba08d0/conf_009.xyz,buried_volume,50.540061950683594,50.54005917776602,2.7729175755553115e-06,5.4865736618986695e-08
source_float64,inputs/SIG-NIHDA-2064_f0ba08d0/conf_010.xyz,buried_volume,49.230712890625,49.230711088674134,1.8019508658539962e-06,3.660217019023614e-08
source_float64,inputs/SIG-NIHDA-2064_f0ba08d0/conf_011.xyz,buried_volume,49.234596252441406,49.23459639457649,1.4213508592320068e-07,2.8868945077583246e-09
source_float64,inputs/SIG-NIHDA-2067_1f828bfa/conf_000.xyz,buried_volume,76.62211608886719,76.62211770024014,1.6113729515154773e-06,2.10301281128703e-08
source_float64,inputs/SIG-NIHDA-2067_1f828bfa/conf_001.xyz,buried_volume,76.62211608886719,76.62211770024014,1.6113729515154773e-06,2.10301281128703e-08
source_float64,inputs/SIG-NIHDA-2067_1f828bfa/conf_002.xyz,buried_volume,75.13793182373047,75.1379308455425,9.781879697356999e-07,1.3018564109071818e-08
source_float64,inputs/SIG-NIHDA-2067_1f828bfa/conf_003.xyz,buried_volume,75.13015747070312,75.13016023373781,2.7630346863816158e-06,3.677663774156111e-08
source_float64,inputs/SIG-NIHDA-2067_1f828bfa/conf_004.xyz,buried_volume,71.16714477539062,71.16714821334102,3.4379503972559178e-06,4.830810962032392e-08
source_float64,inputs/SIG-NIHDA-2067_1f828bfa/conf_005.xyz,buried_volume,61.6598014831543,61.6598046702911,3.1871368051383797e-06,5.1689051273852065e-08
source_float64,inputs/SIG-NIHDA-2067_1f828bfa/conf_006.xyz,buried_volume,63.15952682495117,63.15953274859812,5.923646945404926e-06,9.378864420963288e-08
source_float64,inputs/SIG-NIHDA-2067_1f828bfa/conf_007.xyz,buried_volume,61.05369567871094,61.05369694952454,1.270813605458443e-06,2.081468721720609e-08
source_float64,inputs/SIG-NIHDA-2067_1f828bfa/conf_008.xyz,buried_volume,76.2491226196289,76.24912833361456,5.713985657962439e-06,7.493837349801438e-08
source_float64,inputs/SIG-NIHDA-2067_1f828bfa/conf_009.xyz,buried_volume,55.89789581298828,55.897896017106376,2.041180948708643e-07,3.651623932471416e-09
source_float64,inputs/SIG-NIHDA-2067_1f828bfa/conf_010.xyz,buried_volume,76.64154052734375,76.64154422975189,3.7024081365188977e-06,4.830810983426976e-08
source_float64,inputs/SIG-NIHDA-401_9d42bff1/conf_000.xyz,buried_volume,43.56204605102539,43.5620497771458,3.726120411329248e-06,8.553592933278597e-08
source_float64,inputs/SIG-NIHDA-401_9d42bff1/conf_001.xyz,buried_volume,43.558162689208984,43.55816447124345,1.7820344666574783e-06,4.0911606085558424e-08
source_float64,inputs/SIG-NIHDA-401_9d42bff1/conf_002.xyz,buried_volume,43.558162689208984,43.55816447124345,1.7820344666574783e-06,4.0911606085558424e-08
source_float64,inputs/SIG-NIHDA-401_9d42bff1/conf_003.xyz,buried_volume,45.62514877319336,45.625147211293545,1.5618998148170249e-06,3.423331014328014e-08
source_float64,inputs/SIG-NIHDA-401_9d42bff1/conf_004.xyz,buried_volume,45.62514877319336,45.625147211293545,1.5618998148170249e-06,3.423331014328014e-08
source_float64,inputs/SIG-NIHDA-401_9d42bff1/conf_005.xyz,buried_volume,45.62514877319336,45.625147211293545,1.5618998148170249e-06,3.423331014328014e-08
source_float64,inputs/SIG-NIHDA-498_7d70a0ce/conf_000.xyz,buried_volume,53.07716369628906,53.077163932000424,2.3571136154032502e-07,4.440918543468253e-09
source_float64,inputs/SIG-NIHDA-498_7d70a0ce/conf_001.xyz,buried_volume,53.07716369628906,53.077163932000424,2.3571136154032502e-07,4.440918543468253e-09
source_float64,inputs/SIG-NIHDA-498_7d70a0ce/conf_002.xyz,buried_volume,53.07716369628906,53.077163932000424,2.3571136154032502e-07,4.440918543468253e-09
source_float64,inputs/SIG-NIHDA-498_7d70a0ce/conf_003.xyz,buried_volume,53.07716369628906,53.077163932000424,2.3571136154032502e-07,4.440918543468253e-09
source_float64,inputs/SIG-NIHDA-498_7d70a0ce/conf_004.xyz,buried_volume,53.07716369628906,53.077163932000424,2.3571136154032502e-07,4.440918543468253e-09
source_float64,inputs/SIG-NIHDA-498_7d70a0ce/conf_005.xyz,buried_volume,53.07716369628906,53.077163932000424,2.3571136154032502e-07,4.440918543468253e-09
source_float64,inputs/SIG-NIHDA-498_7d70a0ce/conf_006.xyz,buried_volume,53.07716369628906,53.077163932000424,2.3571136154032502e-07,4.440918543468253e-09
source_float64,inputs/SIG-NIHDA-498_7d70a0ce/conf_007.xyz,buried_volume,53.07716369628906,53.077163932000424,2.3571136154032502e-07,4.440918543468253e-09
source_float64,inputs/SIG-NIHDA-498_7d70a0ce/conf_008.xyz,buried_volume,53.07716369628906,53.077163932000424,2.3571136154032502e-07,4.440918543468253e-09
source_float64,inputs/SIG-NIHDA-723_1db84e66/conf_000.xyz,buried_volume,80.52296447753906,80.52296482619931,3.486602508928627e-07,4.329948004838254e-09
source_float64,inputs/SIG-NIHDA-723_1db84e66/conf_001.xyz,buried_volume,80.53073120117188,80.53073543800402,4.236832140236402e-06,5.2611367786378845e-08
source_float64,inputs/SIG-NIHDA-724_0d5c5a07/conf_000.xyz,buried_volume,75.77123260498047,75.77123570762552,3.102645052877051e-06,4.094753139369489e-08
source_float64,inputs/SIG-NIHDA-724_0d5c5a07/conf_001.xyz,buried_volume,75.7751235961914,75.77512101352788,2.582663526595752e-06,3.408326495624702e-08
source_float64,inputs/SIG-NIHDA-785_fe24eb0f/conf_000.xyz,buried_volume,47.53671646118164,47.53671771524963,1.2540679890093998e-06,2.6381038685115163e-08
source_float64,inputs/SIG-NIHDA-785_fe24eb0f/conf_001.xyz,buried_volume,47.53671646118164,47.53671771524963,1.2540679890093998e-06,2.6381038685115163e-08
source_float64,inputs/SIG-NIHDA-1057_be992081/conf_000.xyz,percent_buried_volume,47.42341232299805,47.42341640706127,4.08406322094379e-06,8.6119127012867e-08
source_float64,inputs/SIG-NIHDA-1058_219b0b66/conf_000.xyz,percent_buried_volume,51.449466705322266,51.44946348217377,3.2231484965450363e-06,6.264688256004446e-08
source_float64,inputs/SIG-NIHDA-1058_219b0b66/conf_001.xyz,percent_buried_volume,50.945396423339844,50.94539633091034,9.242950227417168e-08,1.8142856652602287e-09
source_float64,inputs/SIG-NIHDA-2062_d86f6436/conf_000.xyz,percent_buried_volume,36.31663131713867,36.31663205261336,7.35474685598092e-07,2.025173161796998e-08
source_float64,inputs/SIG-NIHDA-2062_d86f6436/conf_001.xyz,percent_buried_volume,29.79404640197754,29.794046382831425,1.9146114027535077e-08,6.426154333493912e-10
source_float64,inputs/SIG-NIHDA-2062_d86f6436/conf_002.xyz,percent_buried_volume,37.49134826660156,37.491346486673585,1.7799279774521892e-06,4.7475701575158686e-08
source_float64,inputs/SIG-NIHDA-2062_d86f6436/conf_003.xyz,percent_buried_volume,39.09008026123047,39.09008307372793,2.812497463366981e-06,7.19491298614618e-08
source_float64,inputs/SIG-NIHDA-2063_9978c6ba/conf_000.xyz,percent_buried_volume,26.505712509155273,26.50571131879543,1.1903598426954431e-06,4.4909560372799676e-08
source_float64,inputs/SIG-NIHDA-2063_9978c6ba/conf_001.xyz,percent_buried_volume,26.086013793945312,26.086015922464522,2.128519209776414e-06,8.159617843150186e-08
source_float64,inputs/SIG-NIHDA-2063_9978c6ba/conf_002.xyz,percent_buried_volume,26.086013793945312,26.086015922464522,2.128519209776414e-06,8.159617843150186e-08
source_float64,inputs/SIG-NIHDA-2063_9978c6ba/conf_003.xyz,percent_buried_volume,26.081689834594727,26.08168916580132,6.687934082094671e-07,2.564225821257001e-08
source_float64,inputs/SIG-NIHDA-2063_9978c6ba/conf_004.xyz,percent_buried_volume,26.37590789794922,26.375908618899274,7.209500552107784e-07,2.7333657605038564e-08
source_float64,inputs/SIG-NIHDA-2064_f0ba08d0/conf_000.xyz,percent_buried_volume,27.23260498046875,27.232606438213917,1.4577451672437292e-06,5.352940309078021e-08
source_float64,inputs/SIG-NIHDA-2064_f0ba08d0/conf_001.xyz,percent_buried_volume,30.382484436035156,30.382485289027347,8.529921906585969e-07,2.8075128895615908e-08
source_float64,inputs/SIG-NIHDA-2064_f0ba08d0/conf_002.xyz,percent_buried_volume,30.382484436035156,30.382485289027347,8.529921906585969e-07,2.8075128895615908e-08
source_float64,inputs/SIG-NIHDA-2064_f0ba08d0/conf_003.xyz,percent_buried_volume,30.38032341003418,30.380321910695745,1.4993384347405936e-06,4.935228925973737e-08
source_float64,inputs/SIG-NIHDA-2064_f0ba08d0/conf_004.xyz,percent_buried_volume,28.0936336517334,28.09363101419176,2.637541637540153e-06,9.388397093304792e-08
source_float64,inputs/SIG-NIHDA-2064_f0ba08d0/conf_005.xyz,percent_buried_volume,28.0936336517334,28.09363101419176,2.637541637540153e-06,9.388397093304792e-08
source_float64,inputs/SIG-NIHDA-2064_f0ba08d0/conf_006.xyz,percent_buried_volume,28.14122772216797,28.14122533748702,2.384680950484608e-06,8.473976956888109e-08
source_float64,inputs/SIG-NIHDA-2064_f0ba08d0/conf_007.xyz,percent_buried_volume,28.14122772216797,28.14122533748702,2.384680950484608e-06,8.473976956888109e-08
source_float64,inputs/SIG-NIHDA-2064_f0ba08d0/conf_008.xyz,percent_buried_volume,28.14122772216797,28.14122533748702,2.384680950484608e-06,8.473976956888109e-08
source_float64,inputs/SIG-NIHDA-2064_f0ba08d0/conf_009.xyz,percent_buried_volume,28.14122772216797,28.14122533748702,2.384680950484608e-06,8.473976956888109e-08
source_float64,inputs/SIG-NIHDA-2064_f0ba08d0/conf_010.xyz,percent_buried_volume,27.412166595458984,27.41216683973693,2.442779454270294e-07,8.911296463908933e-09
source_float64,inputs/SIG-NIHDA-2064_f0ba08d0/conf_011.xyz,percent_buried_volume,27.414331436157227,27.41433021806854,1.2180886876933528e-06,4.443255326699616e-08
source_float64,inputs/SIG-NIHDA-2067_1f828bfa/conf_000.xyz,percent_buried_volume,42.66398620605469,42.66398407753548,2.1285192062237e-06,4.989030565817368e-08
source_float64,inputs/SIG-NIHDA-2067_1f828bfa/conf_001.xyz,percent_buried_volume,42.66398620605469,42.66398407753548,2.1285192062237e-06,4.989030565817368e-08
source_float64,inputs/SIG-NIHDA-2067_1f828bfa/conf_002.xyz,percent_buried_volume,41.83757781982422,41.837573554863276,4.264960942634843e-06,1.0194092487323697e-07
source_float64,inputs/SIG-NIHDA-2067_1f828bfa/conf_003.xyz,percent_buried_volume,41.83324432373047,41.83324679820007,2.4744696034417757e-06,5.9150790168843475e-08
source_float64,inputs/SIG-NIHDA-2067_1f828bfa/conf_004.xyz,percent_buried_volume,39.62660217285156,39.62660089996538,1.2728861804589542e-06,3.2122012778039366e-08
source_float64,inputs/SIG-NIHDA-2067_1f828bfa/conf_005.xyz,percent_buried_volume,34.33281326293945,34.332814122533755,8.595943015166085e-07,2.5037105855893956e-08
source_float64,inputs/SIG-NIHDA-2067_1f828bfa/conf_006.xyz,percent_buried_volume,35.167877197265625,35.16787815853237,9.612667426495136e-07,2.7333657672386266e-08
source_float64,inputs/SIG-NIHDA-2067_1f828bfa/conf_007.xyz,percent_buried_volume,33.99532699584961,33.99532710280374,1.0695413266148535e-07,3.146142184131665e-09
source_float64,inputs/SIG-NIHDA-2067_1f828bfa/conf_008.xyz,percent_buried_volume,42.456298828125,42.45629975770163,9.295766290051688e-07,2.1894904509113336e-08
source_float64,inputs/SIG-NIHDA-2067_1f828bfa/conf_009.xyz,percent_buried_volume,31.124523162841797,31.124524056767047,8.939252502671025e-07,2.872092915016789e-08
source_float64,inputs/SIG-NIHDA-2067_1f828bfa/conf_010.xyz,percent_buried_volume,42.674800872802734,42.67480096919349,9.639075670975217e-08,2.2587277391014825e-09
source_float64,inputs/SIG-NIHDA-401_9d42bff1/conf_000.xyz,percent_buried_volume,24.255796432495117,24.255797853928694,1.4214335770645903e-06,5.860180669482128e-08
source_float64,inputs/SIG-NIHDA-401_9d42bff1/conf_001.xyz,percent_buried_volume,24.253633499145508,24.253634475597092,9.764515844778998e-07,4.026001074026085e-08
source_float64,inputs/SIG-NIHDA-401_9d42bff1/conf_002.xyz,percent_buried_volume,24.253633499145508,24.253634475597092,9.764515844778998e-07,4.026001074026085e-08
source_float64,inputs/SIG-NIHDA-401_9d42bff1/conf_003.xyz,percent_buried_volume,25.40455436706543,25.404551748009695,2.6190557349536903e-06,1.0309395579707005e-07
source_float64,inputs/SIG-NIHDA-401_9d42bff1/conf_004.xyz,percent_buried_volume,25.40455436706543,25.404551748009695,2.6190557349536903e-06,1.0309395579707005e-07
source_float64,inputs/SIG-NIHDA-401_9d42bff1/conf_005.xyz,percent_buried_volume,25.40455436706543,25.404551748009695,2.6190557349536903e-06,1.0309395579707005e-07
source_float64,inputs/SIG-NIHDA-498_7d70a0ce/conf_000.xyz,percent_buried_volume,29.553911209106445,29.553911388023536,1.7891709092054953e-07,6.053922561094709e-09
source_float64,inputs/SIG-NIHDA-498_7d70a0ce/conf_001.xyz,percent_buried_volume,29.553911209106445,29.553911388023536,1.7891709092054953e-07,6.053922561094709e-09
source_float64,inputs/SIG-NIHDA-498_7d70a0ce/conf_002.xyz,percent_buried_volume,29.553911209106445,29.553911388023536,1.7891709092054953e-07,6.053922561094709e-09
source_float64,inputs/SIG-NIHDA-498_7d70a0ce/conf_003.xyz,percent_buried_volume,29.553911209106445,29.553911388023536,1.7891709092054953e-07,6.053922561094709e-09
source_float64,inputs/SIG-NIHDA-498_7d70a0ce/conf_004.xyz,percent_buried_volume,29.553911209106445,29.553911388023536,1.7891709092054953e-07,6.053922561094709e-09
source_float64,inputs/SIG-NIHDA-498_7d70a0ce/conf_005.xyz,percent_buried_volume,29.553911209106445,29.553911388023536,1.7891709092054953e-07,6.053922561094709e-09
source_float64,inputs/SIG-NIHDA-498_7d70a0ce/conf_006.xyz,percent_buried_volume,29.553911209106445,29.553911388023536,1.7891709092054953e-07,6.053922561094709e-09
source_float64,inputs/SIG-NIHDA-498_7d70a0ce/conf_007.xyz,percent_buried_volume,29.553911209106445,29.553911388023536,1.7891709092054953e-07,6.053922561094709e-09
source_float64,inputs/SIG-NIHDA-498_7d70a0ce/conf_008.xyz,percent_buried_volume,29.553911209106445,29.553911388023536,1.7891709092054953e-07,6.053922561094709e-09
source_float64,inputs/SIG-NIHDA-723_1db84e66/conf_000.xyz,percent_buried_volume,44.83601760864258,44.836015922464526,1.6861780522958725e-06,3.760766913839537e-08
source_float64,inputs/SIG-NIHDA-723_1db84e66/conf_001.xyz,percent_buried_volume,44.8403434753418,44.84034267912773,7.962140671224915e-07,1.7756645456974018e-08
source_float64,inputs/SIG-NIHDA-724_0d5c5a07/conf_000.xyz,percent_buried_volume,42.19020462036133,42.1902042229145,3.974468256728869e-07,9.42035794785331e-09
source_float64,inputs/SIG-NIHDA-724_0d5c5a07/conf_001.xyz,percent_buried_volume,42.1923713684082,42.192367601246104,3.7671620987111964e-06,8.928539242722984e-08
source_float64,inputs/SIG-NIHDA-785_fe24eb0f/conf_000.xyz,percent_buried_volume,26.46893310546875,26.468933887158187,7.816894367351779e-07,2.953233553220013e-08
source_float64,inputs/SIG-NIHDA-785_fe24eb0f/conf_001.xyz,percent_buried_volume,26.46893310546875,26.468933887158187,7.816894367351779e-07,2.953233553220013e-08
source_float64,inputs/SIG-NIHDA-1057_be992081/conf_000.xyz,qvbur_min,12.401896476745605,12.401896440300519,3.644508694833348e-08,2.938670478645793e-09
source_float64,inputs/SIG-NIHDA-1058_219b0b66/conf_000.xyz,qvbur_min,14.604864120483398,14.604864886932846,7.664494479087125e-07,5.24790509081987e-08
source_float64,inputs/SIG-NIHDA-1058_219b0b66/conf_001.xyz,qvbur_min,14.86129379272461,14.861295076487933,1.2837633232010148e-06,8.63830047511847e-08
source_float64,inputs/SIG-NIHDA-2062_d86f6436/conf_000.xyz,qvbur_min,9.802626609802246,9.80262679162851,1.8182626426721527e-07,1.8548728634909956e-08
source_float64,inputs/SIG-NIHDA-2062_d86f6436/conf_001.xyz,qvbur_min,9.744346618652344,9.744347203093264,5.844409205479906e-07,5.997743187583304e-08
source_float64,inputs/SIG-NIHDA-2062_d86f6436/conf_002.xyz,qvbur_min,10.746755599975586,10.746756125899507,5.259239213017963e-07,4.893792276855788e-08
source_float64,inputs/SIG-NIHDA-2062_d86f6436/conf_003.xyz,qvbur_min,10.29217529296875,10.292175335324583,4.2355832619023204e-08,4.115343087252938e-09
source_float64,inputs/SIG-NIHDA-2063_9978c6ba/conf_000.xyz,qvbur_min,9.359701156616211,9.359701918760635,7.621444240157871e-07,8.142827951477182e-08
source_float64,inputs/SIG-NIHDA-2063_9978c6ba/conf_001.xyz,qvbur_min,9.709379196166992,9.709379449972115,2.538051226963489e-07,2.614020020579975e-08
source_float64,inputs/SIG-NIHDA-2063_9978c6ba/conf_002.xyz,qvbur_min,9.709379196166992,9.709379449972115,2.538051226963489e-07,2.614020020579975e-08
source_float64,inputs/SIG-NIHDA-2063_9978c6ba/conf_003.xyz,qvbur_min,9.709379196166992,9.709379449972115,2.538051226963489e-07,2.614020020579975e-08
source_float64,inputs/SIG-NIHDA-2063_9978c6ba/conf_004.xyz,qvbur_min,9.756002426147461,9.756003120800314,6.946528525730855e-07,7.120260663837315e-08
source_float64,inputs/SIG-NIHDA-2064_f0ba08d0/conf_000.xyz,qvbur_min,9.278109550476074,9.27811049481129,9.443352162463725e-07,1.0178098404567228e-07
source_float64,inputs/SIG-NIHDA-2064_f0ba08d0/conf_001.xyz,qvbur_min,9.767659187316895,9.767659038507361,1.488095335844264e-07,1.523492302482813e-08
source_float64,inputs/SIG-NIHDA-2064_f0ba08d0/conf_002.xyz,qvbur_min,9.767659187316895,9.767659038507361,1.488095335844264e-07,1.523492302482813e-08
source_float64,inputs/SIG-NIHDA-2064_f0ba08d0/conf_003.xyz,qvbur_min,9.767659187316895,9.767659038507361,1.488095335844264e-07,1.523492302482813e-08
source_float64,inputs/SIG-NIHDA-2064_f0ba08d0/conf_004.xyz,qvbur_min,9.767659187316895,9.767659038507361,1.488095335844264e-07,1.523492302482813e-08
source_float64,inputs/SIG-NIHDA-2064_f0ba08d0/conf_005.xyz,qvbur_min,9.767659187316895,9.767659038507361,1.488095335844264e-07,1.523492302482813e-08
source_float64,inputs/SIG-NIHDA-2064_f0ba08d0/conf_006.xyz,qvbur_min,9.639443397521973,9.63944394372982,5.462078469520293e-07,5.6663833530285916e-08
source_float64,inputs/SIG-NIHDA-2064_f0ba08d0/conf_007.xyz,qvbur_min,9.639443397521973,9.63944394372982,5.462078469520293e-07,5.6663833530285916e-08
source_float64,inputs/SIG-NIHDA-2064_f0ba08d0/conf_008.xyz,qvbur_min,9.639443397521973,9.63944394372982,5.462078469520293e-07,5.6663833530285916e-08
source_float64,inputs/SIG-NIHDA-2064_f0ba08d0/conf_009.xyz,qvbur_min,9.639443397521973,9.63944394372982,5.462078469520293e-07,5.6663833530285916e-08
source_float64,inputs/SIG-NIHDA-2064_f0ba08d0/conf_010.xyz,qvbur_min,9.49957275390625,9.499572931245227,1.7733897728078318e-07,1.866809998347338e-08
source_float64,inputs/SIG-NIHDA-2064_f0ba08d0/conf_011.xyz,qvbur_min,9.49957275390625,9.499572931245227,1.7733897728078318e-07,1.866809998347338e-08
source_float64,inputs/SIG-NIHDA-2067_1f828bfa/conf_000.xyz,qvbur_min,10.128992080688477,10.128992487425892,4.067374153038372e-07,4.015576236321234e-08
source_float64,inputs/SIG-NIHDA-2067_1f828bfa/conf_001.xyz,qvbur_min,10.128992080688477,10.128992487425892,4.067374153038372e-07,4.015576236321234e-08
source_float64,inputs/SIG-NIHDA-2067_1f828bfa/conf_002.xyz,qvbur_min,9.686067581176758,9.686067614558016,3.338125864615904e-08,3.4463169135829178e-09
source_float64,inputs/SIG-NIHDA-2067_1f828bfa/conf_003.xyz,qvbur_min,9.686067581176758,9.686067614558016,3.338125864615904e-08,3.4463169135829178e-09
source_float64,inputs/SIG-NIHDA-2067_1f828bfa/conf_004.xyz,qvbur_min,9.790970802307129,9.790970873921461,7.161433224212033e-08,7.314323897425454e-09
source_float64,inputs/SIG-NIHDA-2067_1f828bfa/conf_005.xyz,qvbur_min,9.837594032287598,9.837594544749658,5.124620603425001e-07,5.2092211974318665e-08
source_float64,inputs/SIG-NIHDA-2067_1f828bfa/conf_006.xyz,qvbur_min,9.954153060913086,9.954153721820152,6.609070659635563e-07,6.63951034345396e-08
source_float64,inputs/SIG-NIHDA-2067_1f828bfa/conf_007.xyz,qvbur_min,9.802626609802246,9.80262679162851,1.8182626426721527e-07,1.8548728634909956e-08
source_float64,inputs/SIG-NIHDA-2067_1f828bfa/conf_008.xyz,qvbur_min,9.779314994812012,9.779314956214412,3.859759978297461e-08,3.94686130427236e-09
source_float64,inputs/SIG-NIHDA-2067_1f828bfa/conf_009.xyz,qvbur_min,9.977465629577637,9.97746555723425,7.234338639250382e-08,7.250677637273385e-09
source_float64,inputs/SIG-NIHDA-2067_1f828bfa/conf_010.xyz,qvbur_min,9.779314994812012,9.779314956214412,3.859759978297461e-08,3.94686130427236e-09
source_float64,inputs/SIG-NIHDA-401_9d42bff1/conf_000.xyz,qvbur_min,9.732691764831543,9.732691285386213,4.794453296597112e-07,4.926133128044509e-08
source_float64,inputs/SIG-NIHDA-401_9d42bff1/conf_001.xyz,qvbur_min,9.732691764831543,9.732691285386213,4.794453296597112e-07,4.926133128044509e-08
source_float64,inputs/SIG-NIHDA-401_9d42bff1/conf_002.xyz,qvbur_min,9.732691764831543,9.732691285386213,4.794453296597112e-07,4.926133128044509e-08
source_float64,inputs/SIG-NIHDA-401_9d42bff1/conf_003.xyz,qvbur_min,9.511228561401367,9.511228848952276,2.875509093058781e-07,3.0232782101290066e-08
source_float64,inputs/SIG-NIHDA-401_9d42bff1/conf_004.xyz,qvbur_min,9.511228561401367,9.511228848952276,2.875509093058781e-07,3.0232782101290066e-08
source_float64,inputs/SIG-NIHDA-401_9d42bff1/conf_005.xyz,qvbur_min,9.511228561401367,9.511228848952276,2.875509093058781e-07,3.0232782101290066e-08
source_float64,inputs/SIG-NIHDA-498_7d70a0ce/conf_000.xyz,qvbur_min,9.779314994812012,9.779314956214412,3.859759978297461e-08,3.94686130427236e-09
source_float64,inputs/SIG-NIHDA-498_7d70a0ce/conf_001.xyz,qvbur_min,9.779314994812012,9.779314956214412,3.859759978297461e-08,3.94686130427236e-09
source_float64,inputs/SIG-NIHDA-498_7d70a0ce/conf_002.xyz,qvbur_min,9.779314994812012,9.779314956214412,3.859759978297461e-08,3.94686130427236e-09
source_float64,inputs/SIG-NIHDA-498_7d70a0ce/conf_003.xyz,qvbur_min,9.779314994812012,9.779314956214412,3.859759978297461e-08,3.94686130427236e-09
source_float64,inputs/SIG-NIHDA-498_7d70a0ce/conf_004.xyz,qvbur_min,9.779314994812012,9.779314956214412,3.859759978297461e-08,3.94686130427236e-09
source_float64,inputs/SIG-NIHDA-498_7d70a0ce/conf_005.xyz,qvbur_min,9.779314994812012,9.779314956214412,3.859759978297461e-08,3.94686130427236e-09
source_float64,inputs/SIG-NIHDA-498_7d70a0ce/conf_006.xyz,qvbur_min,9.779314994812012,9.779314956214412,3.859759978297461e-08,3.94686130427236e-09
source_float64,inputs/SIG-NIHDA-498_7d70a0ce/conf_007.xyz,qvbur_min,9.779314994812012,9.779314956214412,3.859759978297461e-08,3.94686130427236e-09
source_float64,inputs/SIG-NIHDA-498_7d70a0ce/conf_008.xyz,qvbur_min,9.779314994812012,9.779314956214412,3.859759978297461e-08,3.94686130427236e-09
source_float64,inputs/SIG-NIHDA-723_1db84e66/conf_000.xyz,qvbur_min,10.070712089538574,10.070712898890646,8.093520715846125e-07,8.036690944429245e-08
source_float64,inputs/SIG-NIHDA-723_1db84e66/conf_001.xyz,qvbur_min,10.070712089538574,10.070712898890646,8.093520715846125e-07,8.036690944429245e-08
source_float64,inputs/SIG-NIHDA-724_0d5c5a07/conf_000.xyz,qvbur_min,9.581164360046387,9.581164355194572,4.851814949802247e-09,5.063909531174843e-10
source_float64,inputs/SIG-NIHDA-724_0d5c5a07/conf_001.xyz,qvbur_min,9.581164360046387,9.581164355194572,4.851814949802247e-09,5.063909531174843e-10
source_float64,inputs/SIG-NIHDA-785_fe24eb0f/conf_000.xyz,qvbur_min,9.359701156616211,9.359701918760635,7.621444240157871e-07,8.142827951477182e-08
source_float64,inputs/SIG-NIHDA-785_fe24eb0f/conf_001.xyz,qvbur_min,9.359701156616211,9.359701918760635,7.621444240157871e-07,8.142827951477182e-08
source_float64,inputs/SIG-NIHDA-1057_be992081/conf_000.xyz,qvbur_max,37.08913040161133,37.089130143831056,2.577802717951272e-07,6.950291656759256e-09
source_float64,inputs/SIG-NIHDA-1058_219b0b66/conf_000.xyz,qvbur_max,37.32224655151367,37.32224849797204,1.9464583687067716e-06,5.2152762682895036e-08
source_float64,inputs/SIG-NIHDA-1058_219b0b66/conf_001.xyz,qvbur_max,35.95850372314453,35.95850612624727,2.4031027408000227e-06,6.682988254192018e-08
source_float64,inputs/SIG-NIHDA-2062_d86f6436/conf_000.xyz,qvbur_max,23.89463233947754,23.894631299451184,1.0400263548149269e-06,4.352552428121435e-08
source_float64,inputs/SIG-NIHDA-2062_d86f6436/conf_001.xyz,qvbur_max,18.766027450561523,18.766027508349467,5.7787943319453916e-08,3.0793913785825284e-09
source_float64,inputs/SIG-NIHDA-2062_d86f6436/conf_002.xyz,qvbur_max,27.298158645629883,27.298159269909597,6.242797141453593e-07,2.286893075730182e-08
source_float64,inputs/SIG-NIHDA-2062_d86f6436/conf_003.xyz,qvbur_max,28.510374069213867,28.51037471144273,6.422288620910876e-07,2.252614595883677e-08
source_float64,inputs/SIG-NIHDA-2063_9978c6ba/conf_000.xyz,qvbur_max,15.409122467041016,15.409123208719253,7.416782370484043e-07,4.8132410066571835e-08
source_float64,inputs/SIG-NIHDA-2063_9978c6ba/conf_001.xyz,qvbur_max,13.847229957580566,13.847230235974637,2.7839407046315046e-07,2.0104675499645558e-08
source_float64,inputs/SIG-NIHDA-2063_9978c6ba/conf_002.xyz,qvbur_max,13.847229957580566,13.847230235974637,2.7839407046315046e-07,2.0104675499645558e-08
source_float64,inputs/SIG-NIHDA-2063_9978c6ba/conf_003.xyz,qvbur_max,13.847229957580566,13.847230235974637,2.7839407046315046e-07,2.0104675499645558e-08
source_float64,inputs/SIG-NIHDA-2063_9978c6ba/conf_004.xyz,qvbur_max,14.208562850952148,14.20856368489317,8.339410211277709e-07,5.869284465497619e-08
source_float64,inputs/SIG-NIHDA-2064_f0ba08d0/conf_000.xyz,qvbur_max,16.00357437133789,16.003575011778768,6.404408772198167e-07,4.001861313790492e-08
source_float64,inputs/SIG-NIHDA-2064_f0ba08d0/conf_001.xyz,qvbur_max,20.700908660888672,20.70090984771966,1.1868309890417095e-06,5.733231040433938e-08
source_float64,inputs/SIG-NIHDA-2064_f0ba08d0/conf_002.xyz,qvbur_max,20.700908660888672,20.70090984771966,1.1868309890417095e-06,5.733231040433938e-08
source_float64,inputs/SIG-NIHDA-2064_f0ba08d0/conf_003.xyz,qvbur_max,20.700908660888672,20.70090984771966,1.1868309890417095e-06,5.733231040433938e-08
source_float64,inputs/SIG-NIHDA-2064_f0ba08d0/conf_004.xyz,qvbur_max,16.166757583618164,16.16675785967746,2.760592963113595e-07,1.707573644063146e-08
source_float64,inputs/SIG-NIHDA-2064_f0ba08d0/conf_005.xyz,qvbur_max,16.166757583618164,16.16675785967746,2.760592963113595e-07,1.707573644063146e-08
source_float64,inputs/SIG-NIHDA-2064_f0ba08d0/conf_006.xyz,qvbur_max,16.866111755371094,16.86611292210042,1.1667293264849832e-06,6.91759465784298e-08
source_float64,inputs/SIG-NIHDA-2064_f0ba08d0/conf_007.xyz,qvbur_max,16.866111755371094,16.86611292210042,1.1667293264849832e-06,6.91759465784298e-08
source_float64,inputs/SIG-NIHDA-2064_f0ba08d0/conf_008.xyz,qvbur_max,16.866111755371094,16.86611292210042,1.1667293264849832e-06,6.91759465784298e-08
source_float64,inputs/SIG-NIHDA-2064_f0ba08d0/conf_009.xyz,qvbur_max,16.866111755371094,16.86611292210042,1.1667293264849832e-06,6.91759465784298e-08
source_float64,inputs/SIG-NIHDA-2064_f0ba08d0/conf_010.xyz,qvbur_max,15.304219245910645,15.304219949355806,7.034451616760862e-07,4.596413041657154e-08
source_float64,inputs/SIG-NIHDA-2064_f0ba08d0/conf_011.xyz,qvbur_max,15.315875053405762,15.315875867062855,8.136570937011811e-07,5.3125077583774984e-08
source_float64,inputs/SIG-NIHDA-2067_1f828bfa/conf_000.xyz,qvbur_max,36.36646270751953,36.366463245994,5.384744667935593e-07,1.4806896759554304e-08
source_float64,inputs/SIG-NIHDA-2067_1f828bfa/conf_001.xyz,qvbur_max,36.36646270751953,36.366463245994,5.384744667935593e-07,1.4806896759554304e-08
source_float64,inputs/SIG-NIHDA-2067_1f828bfa/conf_002.xyz,qvbur_max,33.90706253051758,33.90706460980658,2.079289004086604e-06,6.132317934372983e-08
source_float64,inputs/SIG-NIHDA-2067_1f828bfa/conf_003.xyz,qvbur_max,33.90706253051758,33.90706460980658,2.079289004086604e-06,6.132317934372983e-08
source_float64,inputs/SIG-NIHDA-2067_1f828bfa/conf_004.xyz,qvbur_max,33.76719284057617,33.76719359732199,7.567458197854648e-07,2.2410681468224853e-08
source_float64,inputs/SIG-NIHDA-2067_1f828bfa/conf_005.xyz,qvbur_max,24.83875846862793,24.838760633722185,2.165094254991118e-06,8.716595352393274e-08
source_float64,inputs/SIG-NIHDA-2067_1f828bfa/conf_006.xyz,qvbur_max,25.67798614501953,25.677986708629735,5.636102038408808e-07,2.194915864067588e-08
source_float64,inputs/SIG-NIHDA-2067_1f828bfa/conf_007.xyz,qvbur_max,23.078718185424805,23.07871705995773,1.1254670759797136e-06,4.876644889123551e-08
source_float64,inputs/SIG-NIHDA-2067_1f828bfa/conf_008.xyz,qvbur_max,29.477815628051758,29.477815881127828,2.5307607032232227e-07,8.585306026161376e-09
source_float64,inputs/SIG-NIHDA-2067_1f828bfa/conf_009.xyz,qvbur_max,17.612091064453125,17.61209165535158,5.908984554992003e-07,3.3550725664072437e-08
source_float64,inputs/SIG-NIHDA-2067_1f828bfa/conf_010.xyz,qvbur_max,36.23824691772461,36.23824815121645,1.2334918437773013e-06,3.403839607892014e-08
source_float64,inputs/SIG-NIHDA-401_9d42bff1/conf_000.xyz,qvbur_max,13.532520294189453,13.532520457884305,1.6369485145162344e-07,1.2096405245502636e-08
source_float64,inputs/SIG-NIHDA-401_9d42bff1/conf_001.xyz,qvbur_max,13.532520294189453,13.532520457884305,1.6369485145162344e-07,1.2096405245502636e-08
source_float64,inputs/SIG-NIHDA-401_9d42bff1/conf_002.xyz,qvbur_max,13.532520294189453,13.532520457884305,1.6369485145162344e-07,1.2096405245502636e-08
source_float64,inputs/SIG-NIHDA-401_9d42bff1/conf_003.xyz,qvbur_max,15.85204792022705,15.852048081587128,1.6136007729983248e-07,1.0179131205592262e-08
source_float64,inputs/SIG-NIHDA-401_9d42bff1/conf_004.xyz,qvbur_max,15.85204792022705,15.852048081587128,1.6136007729983248e-07,1.0179131205592262e-08
source_float64,inputs/SIG-NIHDA-401_9d42bff1/conf_005.xyz,qvbur_max,15.85204792022705,15.852048081587128,1.6136007729983248e-07,1.0179131205592262e-08
source_float64,inputs/SIG-NIHDA-498_7d70a0ce/conf_000.xyz,qvbur_max,18.532909393310547,18.53290915420848,2.3910206792265853e-07,1.2901485996242685e-08
source_float64,inputs/SIG-NIHDA-498_7d70a0ce/conf_001.xyz,qvbur_max,18.532909393310547,18.53290915420848,2.3910206792265853e-07,1.2901485996242685e-08
source_float64,inputs/SIG-NIHDA-498_7d70a0ce/conf_002.xyz,qvbur_max,18.532909393310547,18.53290915420848,2.3910206792265853e-07,1.2901485996242685e-08
source_float64,inputs/SIG-NIHDA-498_7d70a0ce/conf_003.xyz,qvbur_max,18.532909393310547,18.53290915420848,2.3910206792265853e-07,1.2901485996242685e-08
source_float64,inputs/SIG-NIHDA-498_7d70a0ce/conf_004.xyz,qvbur_max,18.532909393310547,18.53290915420848,2.3910206792265853e-07,1.2901485996242685e-08
source_float64,inputs/SIG-NIHDA-498_7d70a0ce/conf_005.xyz,qvbur_max,18.532909393310547,18.53290915420848,2.3910206792265853e-07,1.2901485996242685e-08
source_float64,inputs/SIG-NIHDA-498_7d70a0ce/conf_006.xyz,qvbur_max,18.532909393310547,18.53290915420848,2.3910206792265853e-07,1.2901485996242685e-08
source_float64,inputs/SIG-NIHDA-498_7d70a0ce/conf_007.xyz,qvbur_max,18.532909393310547,18.53290915420848,2.3910206792265853e-07,1.2901485996242685e-08
source_float64,inputs/SIG-NIHDA-498_7d70a0ce/conf_008.xyz,qvbur_max,18.532909393310547,18.53290915420848,2.3910206792265853e-07,1.2901485996242685e-08
source_float64,inputs/SIG-NIHDA-723_1db84e66/conf_000.xyz,qvbur_max,36.611236572265625,36.611237517842035,9.455764100607666e-07,2.5827491070192632e-08
source_float64,inputs/SIG-NIHDA-723_1db84e66/conf_001.xyz,qvbur_max,36.611236572265625,36.611237517842035,9.455764100607666e-07,2.5827491070192632e-08
source_float64,inputs/SIG-NIHDA-724_0d5c5a07/conf_000.xyz,qvbur_max,33.219364166259766,33.219365465090675,1.298830909490789e-06,3.909860683087686e-08
source_float64,inputs/SIG-NIHDA-724_0d5c5a07/conf_001.xyz,qvbur_max,33.219364166259766,33.219365465090675,1.298830909490789e-06,3.909860683087686e-08
source_float64,inputs/SIG-NIHDA-785_fe24eb0f/conf_000.xyz,qvbur_max,15.43243408203125,15.432435044133351,9.621021010985942e-07,6.234285764671582e-08
source_float64,inputs/SIG-NIHDA-785_fe24eb0f/conf_001.xyz,qvbur_max,15.43243408203125,15.432435044133351,9.621021010985942e-07,6.234285764671582e-08
source_float64,inputs/SIG-NIHDA-1057_be992081/conf_000.xyz,max_delta_qvbur,21.808223724365234,21.80822202988935,1.6944758840509166e-06,7.769894683429698e-08
source_float64,inputs/SIG-NIHDA-1058_219b0b66/conf_000.xyz,max_delta_qvbur,18.20654296875,18.206543458411094,4.896610938942558e-07,2.6894786207650046e-08
source_float64,inputs/SIG-NIHDA-1058_219b0b66/conf_001.xyz,max_delta_qvbur,16.283315658569336,16.283317036747956,1.3781786201150226e-06,8.463746158137e-08
source_float64,inputs/SIG-NIHDA-2062_d86f6436/conf_000.xyz,max_delta_qvbur,8.963401794433594,8.963400716720956,1.0777126373540113e-06,1.2023479384822889e-07
source_float64,inputs/SIG-NIHDA-2062_d86f6436/conf_001.xyz,max_delta_qvbur,9.02168083190918,9.021680305256202,5.266529772285367e-07,5.837637329286636e-08
source_float64,inputs/SIG-NIHDA-2062_d86f6436/conf_002.xyz,max_delta_qvbur,15.665553092956543,15.665553398274337,3.053177941580998e-07,1.948975477570633e-08
source_float64,inputs/SIG-NIHDA-2062_d86f6436/conf_003.xyz,max_delta_qvbur,16.120134353637695,16.120134188849264,1.6478843178902025e-07,1.0222522335019326e-08
source_float64,inputs/SIG-NIHDA-2063_9978c6ba/conf_000.xyz,max_delta_qvbur,6.049421310424805,6.049421289958618,2.0466186967382782e-08,3.383164436134483e-09
source_float64,inputs/SIG-NIHDA-2063_9978c6ba/conf_001.xyz,max_delta_qvbur,4.102883338928223,4.102883032881373,3.060468500848401e-07,7.459312089379978e-08
source_float64,inputs/SIG-NIHDA-2063_9978c6ba/conf_002.xyz,max_delta_qvbur,4.102883338928223,4.102883032881373,3.060468500848401e-07,7.459312089379978e-08
source_float64,inputs/SIG-NIHDA-2063_9978c6ba/conf_003.xyz,max_delta_qvbur,4.102883338928223,4.102883032881373,3.060468500848401e-07,7.459312089379978e-08
source_float64,inputs/SIG-NIHDA-2063_9978c6ba/conf_004.xyz,max_delta_qvbur,4.4525604248046875,4.452560564092856,1.392881685546854e-07,3.128271172276874e-08
source_float64,inputs/SIG-NIHDA-2064_f0ba08d0/conf_000.xyz,max_delta_qvbur,6.725464820861816,6.725464516967477,3.038943390265558e-07,4.518562818372912e-08
source_float64,inputs/SIG-NIHDA-2064_f0ba08d0/conf_001.xyz,max_delta_qvbur,10.933249473571777,10.9332508092123,1.3356405226261359e-06,1.2216316500310522e-07
source_float64,inputs/SIG-NIHDA-2064_f0ba08d0/conf_002.xyz,max_delta_qvbur,10.933249473571777,10.9332508092123,1.3356405226261359e-06,1.2216316500310522e-07
source_float64,inputs/SIG-NIHDA-2064_f0ba08d0/conf_003.xyz,max_delta_qvbur,10.933249473571777,10.9332508092123,1.3356405226261359e-06,1.2216316500310522e-07
source_float64,inputs/SIG-NIHDA-2064_f0ba08d0/conf_004.xyz,max_delta_qvbur,6.3990983963012695,6.399098821170099,4.248688298957859e-07,6.639510371213442e-08
source_float64,inputs/SIG-NIHDA-2064_f0ba08d0/conf_005.xyz,max_delta_qvbur,6.3990983963012695,6.399098821170099,4.248688298957859e-07,6.639510371213442e-08
source_float64,inputs/SIG-NIHDA-2064_f0ba08d0/conf_006.xyz,max_delta_qvbur,7.226668357849121,7.226668978370601,6.205214795329539e-07,8.586549091845398e-08
source_float64,inputs/SIG-NIHDA-2064_f0ba08d0/conf_007.xyz,max_delta_qvbur,7.226668357849121,7.226668978370601,6.205214795329539e-07,8.586549091845398e-08
source_float64,inputs/SIG-NIHDA-2064_f0ba08d0/conf_008.xyz,max_delta_qvbur,7.226668357849121,7.226668978370601,6.205214795329539e-07,8.586549091845398e-08
source_float64,inputs/SIG-NIHDA-2064_f0ba08d0/conf_009.xyz,max_delta_qvbur,7.226668357849121,7.226668978370601,6.205214795329539e-07,8.586549091845398e-08
source_float64,inputs/SIG-NIHDA-2064_f0ba08d0/conf_010.xyz,max_delta_qvbur,5.245162010192871,5.24516296817221,9.579793385228186e-07,1.8264052887124063e-07
source_float64,inputs/SIG-NIHDA-2064_f0ba08d0/conf_011.xyz,max_delta_qvbur,5.256817817687988,5.256818885879259,1.0681912705479135e-06,2.0320107915782743e-07
source_float64,inputs/SIG-NIHDA-2067_1f828bfa/conf_000.xyz,max_delta_qvbur,23.13699722290039,23.13699664849298,5.744074123015253e-07,2.4826360180976172e-08
source_float64,inputs/SIG-NIHDA-2067_1f828bfa/conf_001.xyz,max_delta_qvbur,23.13699722290039,23.13699664849298,5.744074123015253e-07,2.4826360180976172e-08
source_float64,inputs/SIG-NIHDA-2067_1f828bfa/conf_002.xyz,max_delta_qvbur,24.22099494934082,24.220996995248566,2.045907745440445e-06,8.446835387667117e-08
source_float64,inputs/SIG-NIHDA-2067_1f828bfa/conf_003.xyz,max_delta_qvbur,24.22099494934082,24.220996995248566,2.045907745440445e-06,8.446835387667117e-08
source_float64,inputs/SIG-NIHDA-2067_1f828bfa/conf_004.xyz,max_delta_qvbur,22.61248016357422,22.612480351675757,1.8810153790127515e-07,8.3184831993601e-09
source_float64,inputs/SIG-NIHDA-2067_1f828bfa/conf_005.xyz,max_delta_qvbur,13.695701599121094,13.695703305782997,1.7066619033556663e-06,1.246129435817312e-07
source_float64,inputs/SIG-NIHDA-2067_1f828bfa/conf_006.xyz,max_delta_qvbur,15.362499237060547,15.362499537891052,3.0083050539531087e-07,1.9582132754720235e-08
source_float64,inputs/SIG-NIHDA-2067_1f828bfa/conf_007.xyz,max_delta_qvbur,13.276091575622559,13.276090268329218,1.3072933402469289e-06,9.84697538073798e-08
source_float64,inputs/SIG-NIHDA-2067_1f828bfa/conf_008.xyz,max_delta_qvbur,17.693681716918945,17.693683079300925,1.3623819796748649e-06,7.699821306671061e-08
source_float64,inputs/SIG-NIHDA-2067_1f828bfa/conf_009.xyz,max_delta_qvbur,7.622969627380371,7.622970180410281,5.530299098666092e-07,7.254782542476693e-08
source_float64,inputs/SIG-NIHDA-2067_1f828bfa/conf_010.xyz,max_delta_qvbur,26.45893096923828,26.45893319500204,2.225763758190169e-06,8.412144744409441e-08
source_float64,inputs/SIG-NIHDA-401_9d42bff1/conf_000.xyz,max_delta_qvbur,3.79982852935791,3.7998291724980913,6.431401811113346e-07,1.6925502487484723e-07
source_float64,inputs/SIG-NIHDA-401_9d42bff1/conf_001.xyz,max_delta_qvbur,3.79982852935791,3.7998291724980913,6.431401811113346e-07,1.6925502487484723e-07
source_float64,inputs/SIG-NIHDA-401_9d42bff1/conf_002.xyz,max_delta_qvbur,3.79982852935791,3.7998291724980913,6.431401811113346e-07,1.6925502487484723e-07
source_float64,inputs/SIG-NIHDA-401_9d42bff1/conf_003.xyz,max_delta_qvbur,6.340819358825684,6.340819232634852,1.2619083200604564e-07,1.9901345137954444e-08
source_float64,inputs/SIG-NIHDA-401_9d42bff1/conf_004.xyz,max_delta_qvbur,6.340819358825684,6.340819232634852,1.2619083200604564e-07,1.9901345137954444e-08
source_float64,inputs/SIG-NIHDA-401_9d42bff1/conf_005.xyz,max_delta_qvbur,6.340819358825684,6.340819232634852,1.2619083200604564e-07,1.9901345137954444e-08
source_float64,inputs/SIG-NIHDA-498_7d70a0ce/conf_000.xyz,max_delta_qvbur,8.648691177368164,8.648690938630622,2.387375417356452e-07,2.7603893286241694e-08
source_float64,inputs/SIG-NIHDA-498_7d70a0ce/conf_001.xyz,max_delta_qvbur,8.648691177368164,8.648690938630622,2.387375417356452e-07,2.7603893286241694e-08
source_float64,inputs/SIG-NIHDA-498_7d70a0ce/conf_002.xyz,max_delta_qvbur,8.648691177368164,8.648690938630622,2.387375417356452e-07,2.7603893286241694e-08
source_float64,inputs/SIG-NIHDA-498_7d70a0ce/conf_003.xyz,max_delta_qvbur,8.648691177368164,8.648690938630622,2.387375417356452e-07,2.7603893286241694e-08
source_float64,inputs/SIG-NIHDA-498_7d70a0ce/conf_004.xyz,max_delta_qvbur,8.648691177368164,8.648690938630622,2.387375417356452e-07,2.7603893286241694e-08
source_float64,inputs/SIG-NIHDA-498_7d70a0ce/conf_005.xyz,max_delta_qvbur,8.648691177368164,8.648690938630622,2.387375417356452e-07,2.7603893286241694e-08
source_float64,inputs/SIG-NIHDA-498_7d70a0ce/conf_006.xyz,max_delta_qvbur,8.648691177368164,8.648690938630622,2.387375417356452e-07,2.7603893286241694e-08
source_float64,inputs/SIG-NIHDA-498_7d70a0ce/conf_007.xyz,max_delta_qvbur,8.648691177368164,8.648690938630622,2.387375417356452e-07,2.7603893286241694e-08
source_float64,inputs/SIG-NIHDA-498_7d70a0ce/conf_008.xyz,max_delta_qvbur,8.648691177368164,8.648690938630622,2.387375417356452e-07,2.7603893286241694e-08
source_float64,inputs/SIG-NIHDA-723_1db84e66/conf_000.xyz,max_delta_qvbur,25.514802932739258,25.514803860731046,9.279917883020516e-07,3.637072004814788e-08
source_float64,inputs/SIG-NIHDA-723_1db84e66/conf_001.xyz,max_delta_qvbur,25.50314712524414,25.503147943023997,8.177798562769567e-07,3.206583979765714e-08
source_float64,inputs/SIG-NIHDA-724_0d5c5a07/conf_000.xyz,max_delta_qvbur,23.638198852539062,23.6382011098961,2.2573570390704845e-06,9.549614323762754e-08
source_float64,inputs/SIG-NIHDA-724_0d5c5a07/conf_001.xyz,max_delta_qvbur,23.638198852539062,23.6382011098961,2.2573570390704845e-06,9.549614323762754e-08
source_float64,inputs/SIG-NIHDA-785_fe24eb0f/conf_000.xyz,max_delta_qvbur,6.072732925415039,6.072733125372716,1.999576770828071e-07,3.2927130660057554e-08
source_float64,inputs/SIG-NIHDA-785_fe24eb0f/conf_001.xyz,max_delta_qvbur,6.072732925415039,6.072733125372716,1.999576770828071e-07,3.2927130660057554e-08
source_float64,inputs/SIG-NIHDA-1057_be992081/conf_000.xyz,ovbur_min,0.0,0.0,0.0,
source_float64,inputs/SIG-NIHDA-1058_219b0b66/conf_000.xyz,ovbur_min,0.0,0.0,0.0,
source_float64,inputs/SIG-NIHDA-1058_219b0b66/conf_001.xyz,ovbur_min,0.0,0.0,0.0,
source_float64,inputs/SIG-NIHDA-2062_d86f6436/conf_000.xyz,ovbur_min,0.0,0.0,0.0,
source_float64,inputs/SIG-NIHDA-2062_d86f6436/conf_001.xyz,ovbur_min,0.0,0.0,0.0,
source_float64,inputs/SIG-NIHDA-2062_d86f6436/conf_002.xyz,ovbur_min,0.0,0.0,0.0,
source_float64,inputs/SIG-NIHDA-2062_d86f6436/conf_003.xyz,ovbur_min,0.0,0.0,0.0,
source_float64,inputs/SIG-NIHDA-2063_9978c6ba/conf_000.xyz,ovbur_min,0.0,0.0,0.0,
source_float64,inputs/SIG-NIHDA-2063_9978c6ba/conf_001.xyz,ovbur_min,0.0,0.0,0.0,
source_float64,inputs/SIG-NIHDA-2063_9978c6ba/conf_002.xyz,ovbur_min,0.0,0.0,0.0,
source_float64,inputs/SIG-NIHDA-2063_9978c6ba/conf_003.xyz,ovbur_min,0.0,0.0,0.0,
source_float64,inputs/SIG-NIHDA-2063_9978c6ba/conf_004.xyz,ovbur_min,0.0,0.0,0.0,
source_float64,inputs/SIG-NIHDA-2064_f0ba08d0/conf_000.xyz,ovbur_min,0.0,0.0,0.0,
source_float64,inputs/SIG-NIHDA-2064_f0ba08d0/conf_001.xyz,ovbur_min,0.0,0.0,0.0,
source_float64,inputs/SIG-NIHDA-2064_f0ba08d0/conf_002.xyz,ovbur_min,0.0,0.0,0.0,
source_float64,inputs/SIG-NIHDA-2064_f0ba08d0/conf_003.xyz,ovbur_min,0.0,0.0,0.0,
source_float64,inputs/SIG-NIHDA-2064_f0ba08d0/conf_004.xyz,ovbur_min,0.0,0.0,0.0,
source_float64,inputs/SIG-NIHDA-2064_f0ba08d0/conf_005.xyz,ovbur_min,0.0,0.0,0.0,
source_float64,inputs/SIG-NIHDA-2064_f0ba08d0/conf_006.xyz,ovbur_min,0.0,0.0,0.0,
source_float64,inputs/SIG-NIHDA-2064_f0ba08d0/conf_007.xyz,ovbur_min,0.0,0.0,0.0,
source_float64,inputs/SIG-NIHDA-2064_f0ba08d0/conf_008.xyz,ovbur_min,0.0,0.0,0.0,
source_float64,inputs/SIG-NIHDA-2064_f0ba08d0/conf_009.xyz,ovbur_min,0.0,0.0,0.0,
source_float64,inputs/SIG-NIHDA-2064_f0ba08d0/conf_010.xyz,ovbur_min,0.0,0.0,0.0,
source_float64,inputs/SIG-NIHDA-2064_f0ba08d0/conf_011.xyz,ovbur_min,0.0,0.0,0.0,
source_float64,inputs/SIG-NIHDA-2067_1f828bfa/conf_000.xyz,ovbur_min,0.0,0.0,0.0,
source_float64,inputs/SIG-NIHDA-2067_1f828bfa/conf_001.xyz,ovbur_min,0.0,0.0,0.0,
source_float64,inputs/SIG-NIHDA-2067_1f828bfa/conf_002.xyz,ovbur_min,0.0,0.0,0.0,
source_float64,inputs/SIG-NIHDA-2067_1f828bfa/conf_003.xyz,ovbur_min,0.0,0.0,0.0,
source_float64,inputs/SIG-NIHDA-2067_1f828bfa/conf_004.xyz,ovbur_min,0.0,0.0,0.0,
source_float64,inputs/SIG-NIHDA-2067_1f828bfa/conf_005.xyz,ovbur_min,0.0,0.0,0.0,
source_float64,inputs/SIG-NIHDA-2067_1f828bfa/conf_006.xyz,ovbur_min,0.0,0.0,0.0,
source_float64,inputs/SIG-NIHDA-2067_1f828bfa/conf_007.xyz,ovbur_min,0.0,0.0,0.0,
source_float64,inputs/SIG-NIHDA-2067_1f828bfa/conf_008.xyz,ovbur_min,0.0,0.0,0.0,
source_float64,inputs/SIG-NIHDA-2067_1f828bfa/conf_009.xyz,ovbur_min,0.0,0.0,0.0,
source_float64,inputs/SIG-NIHDA-2067_1f828bfa/conf_010.xyz,ovbur_min,0.0,0.0,0.0,
source_float64,inputs/SIG-NIHDA-401_9d42bff1/conf_000.xyz,ovbur_min,0.0,0.0,0.0,
source_float64,inputs/SIG-NIHDA-401_9d42bff1/conf_001.xyz,ovbur_min,0.0,0.0,0.0,
source_float64,inputs/SIG-NIHDA-401_9d42bff1/conf_002.xyz,ovbur_min,0.0,0.0,0.0,
source_float64,inputs/SIG-NIHDA-401_9d42bff1/conf_003.xyz,ovbur_min,0.0,0.0,0.0,
source_float64,inputs/SIG-NIHDA-401_9d42bff1/conf_004.xyz,ovbur_min,0.0,0.0,0.0,
source_float64,inputs/SIG-NIHDA-401_9d42bff1/conf_005.xyz,ovbur_min,0.0,0.0,0.0,
source_float64,inputs/SIG-NIHDA-498_7d70a0ce/conf_000.xyz,ovbur_min,0.0,0.0,0.0,
source_float64,inputs/SIG-NIHDA-498_7d70a0ce/conf_001.xyz,ovbur_min,0.0,0.0,0.0,
source_float64,inputs/SIG-NIHDA-498_7d70a0ce/conf_002.xyz,ovbur_min,0.0,0.0,0.0,
source_float64,inputs/SIG-NIHDA-498_7d70a0ce/conf_003.xyz,ovbur_min,0.0,0.0,0.0,
source_float64,inputs/SIG-NIHDA-498_7d70a0ce/conf_004.xyz,ovbur_min,0.0,0.0,0.0,
source_float64,inputs/SIG-NIHDA-498_7d70a0ce/conf_005.xyz,ovbur_min,0.0,0.0,0.0,
source_float64,inputs/SIG-NIHDA-498_7d70a0ce/conf_006.xyz,ovbur_min,0.0,0.0,0.0,
source_float64,inputs/SIG-NIHDA-498_7d70a0ce/conf_007.xyz,ovbur_min,0.0,0.0,0.0,
source_float64,inputs/SIG-NIHDA-498_7d70a0ce/conf_008.xyz,ovbur_min,0.0,0.0,0.0,
source_float64,inputs/SIG-NIHDA-723_1db84e66/conf_000.xyz,ovbur_min,0.0,0.0,0.0,
source_float64,inputs/SIG-NIHDA-723_1db84e66/conf_001.xyz,ovbur_min,0.0,0.0,0.0,
source_float64,inputs/SIG-NIHDA-724_0d5c5a07/conf_000.xyz,ovbur_min,0.0,0.0,0.0,
source_float64,inputs/SIG-NIHDA-724_0d5c5a07/conf_001.xyz,ovbur_min,0.0,0.0,0.0,
source_float64,inputs/SIG-NIHDA-785_fe24eb0f/conf_000.xyz,ovbur_min,0.0,0.0,0.0,
source_float64,inputs/SIG-NIHDA-785_fe24eb0f/conf_001.xyz,ovbur_min,0.0,0.0,0.0,
source_float64,inputs/SIG-NIHDA-1057_be992081/conf_000.xyz,ovbur_max,20.84078025817871,20.84078086020425,6.020255405303487e-07,2.8886899419393855e-08
source_float64,inputs/SIG-NIHDA-1058_219b0b66/conf_000.xyz,ovbur_max,21.050586700439453,21.05058737893114,6.784916877222713e-07,3.2231484827893776e-08
source_float64,inputs/SIG-NIHDA-1058_219b0b66/conf_001.xyz,ovbur_max,20.549381256103516,20.549382917528018,1.6614245019752616e-06,8.085033544039493e-08
source_float64,inputs/SIG-NIHDA-2062_d86f6436/conf_000.xyz,ovbur_max,19.756778717041016,19.756780513448664,1.7964076484133784e-06,9.092613278719898e-08
source_float64,inputs/SIG-NIHDA-2062_d86f6436/conf_001.xyz,ovbur_max,18.591188430786133,18.591188742743725,3.1195759220281616e-07,1.677986257466056e-08
source_float64,inputs/SIG-NIHDA-2062_d86f6436/conf_002.xyz,ovbur_max,21.563447952270508,21.563447758041313,1.9422919450562404e-07,9.007334851320019e-09
source_float64,inputs/SIG-NIHDA-2062_d86f6436/conf_003.xyz,ovbur_max,21.866500854492188,21.866501618424596,7.63932408887058e-07,3.493619702949523e-08
source_float64,inputs/SIG-NIHDA-2063_9978c6ba/conf_000.xyz,ovbur_max,15.409122467041016,15.409123208719253,7.416782370484043e-07,4.8132410066571835e-08
source_float64,inputs/SIG-NIHDA-2063_9978c6ba/conf_001.xyz,ovbur_max,13.847229957580566,13.847230235974637,2.7839407046315046e-07,2.0104675499645558e-08
source_float64,inputs/SIG-NIHDA-2063_9978c6ba/conf_002.xyz,ovbur_max,13.847229957580566,13.847230235974637,2.7839407046315046e-07,2.0104675499645558e-08
source_float64,inputs/SIG-NIHDA-2063_9978c6ba/conf_003.xyz,ovbur_max,13.847229957580566,13.847230235974637,2.7839407046315046e-07,2.0104675499645558e-08
source_float64,inputs/SIG-NIHDA-2063_9978c6ba/conf_004.xyz,ovbur_max,14.208562850952148,14.20856368489317,8.339410211277709e-07,5.869284465497619e-08
source_float64,inputs/SIG-NIHDA-2064_f0ba08d0/conf_000.xyz,ovbur_max,16.00357437133789,16.003575011778768,6.404408772198167e-07,4.001861313790492e-08
source_float64,inputs/SIG-NIHDA-2064_f0ba08d0/conf_001.xyz,ovbur_max,19.057424545288086,19.0574254510257,9.057376146870411e-07,4.752675627747466e-08
source_float64,inputs/SIG-NIHDA-2064_f0ba08d0/conf_002.xyz,ovbur_max,19.057424545288086,19.0574254510257,9.057376146870411e-07,4.752675627747466e-08
source_float64,inputs/SIG-NIHDA-2064_f0ba08d0/conf_003.xyz,ovbur_max,19.057424545288086,19.0574254510257,9.057376146870411e-07,4.752675627747466e-08
source_float64,inputs/SIG-NIHDA-2064_f0ba08d0/conf_004.xyz,ovbur_max,16.166757583618164,16.16675785967746,2.760592963113595e-07,1.707573644063146e-08
source_float64,inputs/SIG-NIHDA-2064_f0ba08d0/conf_005.xyz,ovbur_max,16.166757583618164,16.16675785967746,2.760592963113595e-07,1.707573644063146e-08
source_float64,inputs/SIG-NIHDA-2064_f0ba08d0/conf_006.xyz,ovbur_max,16.866111755371094,16.86611292210042,1.1667293264849832e-06,6.91759465784298e-08
source_float64,inputs/SIG-NIHDA-2064_f0ba08d0/conf_007.xyz,ovbur_max,16.866111755371094,16.86611292210042,1.1667293264849832e-06,6.91759465784298e-08
source_float64,inputs/SIG-NIHDA-2064_f0ba08d0/conf_008.xyz,ovbur_max,16.866111755371094,16.86611292210042,1.1667293264849832e-06,6.91759465784298e-08
source_float64,inputs/SIG-NIHDA-2064_f0ba08d0/conf_009.xyz,ovbur_max,16.866111755371094,16.86611292210042,1.1667293264849832e-06,6.91759465784298e-08
source_float64,inputs/SIG-NIHDA-2064_f0ba08d0/conf_010.xyz,ovbur_max,15.304219245910645,15.304219949355806,7.034451616760862e-07,4.596413041657154e-08
source_float64,inputs/SIG-NIHDA-2064_f0ba08d0/conf_011.xyz,ovbur_max,15.315875053405762,15.315875867062855,8.136570937011811e-07,5.3125077583774984e-08
source_float64,inputs/SIG-NIHDA-2067_1f828bfa/conf_000.xyz,ovbur_max,21.470199584960938,21.47020041638492,8.314239821061165e-07,3.872455617468842e-08
source_float64,inputs/SIG-NIHDA-2067_1f828bfa/conf_001.xyz,ovbur_max,21.470199584960938,21.47020041638492,8.314239821061165e-07,3.872455617468842e-08
source_float64,inputs/SIG-NIHDA-2067_1f828bfa/conf_002.xyz,ovbur_max,21.714975357055664,21.714974688232957,6.688227074391762e-07,3.080006848000619e-08
source_float64,inputs/SIG-NIHDA-2067_1f828bfa/conf_003.xyz,ovbur_max,21.714975357055664,21.714974688232957,6.688227074391762e-07,3.080006848000619e-08
source_float64,inputs/SIG-NIHDA-2067_1f828bfa/conf_004.xyz,ovbur_max,21.645038604736328,21.645039181990658,5.772543296700405e-07,2.6669128423215515e-08
source_float64,inputs/SIG-NIHDA-2067_1f828bfa/conf_005.xyz,ovbur_max,20.88740348815918,20.887404531032452,1.0428732721834422e-06,4.992833219819359e-08
source_float64,inputs/SIG-NIHDA-2067_1f828bfa/conf_006.xyz,ovbur_max,21.63338279724121,21.63338326428361,4.670423976449456e-07,2.1588967011739935e-08
source_float64,inputs/SIG-NIHDA-2067_1f828bfa/conf_007.xyz,ovbur_max,19.93161964416504,19.931619279054402,3.651106368351975e-07,1.8318162298980013e-08
source_float64,inputs/SIG-NIHDA-2067_1f828bfa/conf_008.xyz,ovbur_max,22.052995681762695,22.052996301737384,6.199746884760771e-07,2.811294574185523e-08
source_float64,inputs/SIG-NIHDA-2067_1f828bfa/conf_009.xyz,ovbur_max,17.55381202697754,17.553812066816334,3.983879537372559e-08,2.2695238630836607e-09
source_float64,inputs/SIG-NIHDA-2067_1f828bfa/conf_010.xyz,ovbur_max,20.98065185546875,20.980651872688846,1.7220095571701677e-08,8.20760750247117e-10
source_float64,inputs/SIG-NIHDA-401_9d42bff1/conf_000.xyz,ovbur_max,13.532520294189453,13.532520457884305,1.6369485145162344e-07,1.2096405245502636e-08
source_float64,inputs/SIG-NIHDA-401_9d42bff1/conf_001.xyz,ovbur_max,13.532520294189453,13.532520457884305,1.6369485145162344e-07,1.2096405245502636e-08
source_float64,inputs/SIG-NIHDA-401_9d42bff1/conf_002.xyz,ovbur_max,13.532520294189453,13.532520457884305,1.6369485145162344e-07,1.2096405245502636e-08
source_float64,inputs/SIG-NIHDA-401_9d42bff1/conf_003.xyz,ovbur_max,15.85204792022705,15.852048081587128,1.6136007729983248e-07,1.0179131205592262e-08
source_float64,inputs/SIG-NIHDA-401_9d42bff1/conf_004.xyz,ovbur_max,15.85204792022705,15.852048081587128,1.6136007729983248e-07,1.0179131205592262e-08
source_float64,inputs/SIG-NIHDA-401_9d42bff1/conf_005.xyz,ovbur_max,15.85204792022705,15.852048081587128,1.6136007729983248e-07,1.0179131205592262e-08
source_float64,inputs/SIG-NIHDA-498_7d70a0ce/conf_000.xyz,ovbur_max,17.833553314208984,17.83355409178552,7.775765347162178e-07,4.3601882760676665e-08
source_float64,inputs/SIG-NIHDA-498_7d70a0ce/conf_001.xyz,ovbur_max,17.833553314208984,17.83355409178552,7.775765347162178e-07,4.3601882760676665e-08
source_float64,inputs/SIG-NIHDA-498_7d70a0ce/conf_002.xyz,ovbur_max,17.833553314208984,17.83355409178552,7.775765347162178e-07,4.3601882760676665e-08
source_float64,inputs/SIG-NIHDA-498_7d70a0ce/conf_003.xyz,ovbur_max,17.833553314208984,17.83355409178552,7.775765347162178e-07,4.3601882760676665e-08
source_float64,inputs/SIG-NIHDA-498_7d70a0ce/conf_004.xyz,ovbur_max,17.833553314208984,17.83355409178552,7.775765347162178e-07,4.3601882760676665e-08
source_float64,inputs/SIG-NIHDA-498_7d70a0ce/conf_005.xyz,ovbur_max,17.833553314208984,17.83355409178552,7.775765347162178e-07,4.3601882760676665e-08
source_float64,inputs/SIG-NIHDA-498_7d70a0ce/conf_006.xyz,ovbur_max,17.833553314208984,17.83355409178552,7.775765347162178e-07,4.3601882760676665e-08
source_float64,inputs/SIG-NIHDA-498_7d70a0ce/conf_007.xyz,ovbur_max,17.833553314208984,17.83355409178552,7.775765347162178e-07,4.3601882760676665e-08
source_float64,inputs/SIG-NIHDA-498_7d70a0ce/conf_008.xyz,ovbur_max,17.833553314208984,17.83355409178552,7.775765347162178e-07,4.3601882760676665e-08
source_float64,inputs/SIG-NIHDA-723_1db84e66/conf_000.xyz,ovbur_max,20.700908660888672,20.70090984771966,1.1868309890417095e-06,5.733231040433938e-08
source_float64,inputs/SIG-NIHDA-723_1db84e66/conf_001.xyz,ovbur_max,20.700908660888672,20.70090984771966,1.1868309890417095e-06,5.733231040433938e-08
source_float64,inputs/SIG-NIHDA-724_0d5c5a07/conf_000.xyz,ovbur_max,20.327919006347656,20.327920481094083,1.4747464263109578e-06,7.254782542476693e-08
source_float64,inputs/SIG-NIHDA-724_0d5c5a07/conf_001.xyz,ovbur_max,20.327919006347656,20.327920481094083,1.4747464263109578e-06,7.254782542476693e-08
source_float64,inputs/SIG-NIHDA-785_fe24eb0f/conf_000.xyz,ovbur_max,15.43243408203125,15.432435044133351,9.621021010985942e-07,6.234285764671582e-08
source_float64,inputs/SIG-NIHDA-785_fe24eb0f/conf_001.xyz,ovbur_max,15.43243408203125,15.432435044133351,9.621021010985942e-07,6.234285764671582e-08
source_float64,inputs/SIG-NIHDA-1057_be992081/conf_000.xyz,near_vbur,65.43631744384766,65.4363220073751,4.563527440382131e-06,6.973997468665479e-08
source_float64,inputs/SIG-NIHDA-1058_219b0b66/conf_000.xyz,near_vbur,71.1010971069336,71.10109801300108,9.060674841521177e-07,1.2743368379296199e-08
source_float64,inputs/SIG-NIHDA-1058_219b0b66/conf_001.xyz,near_vbur,72.48814392089844,72.48815222013995,8.299241514464484e-06,1.1449100660285062e-07
source_float64,inputs/SIG-NIHDA-2062_d86f6436/conf_000.xyz,near_vbur,61.15470886230469,61.15471490298563,6.040680943897314e-06,9.877702730656345e-08
source_float64,inputs/SIG-NIHDA-2062_d86f6436/conf_001.xyz,near_vbur,53.33747863769531,53.33747942745786,7.897625451391832e-07,1.4806896644100087e-08
source_float64,inputs/SIG-NIHDA-2062_d86f6436/conf_002.xyz,near_vbur,61.395599365234375,61.39560386893132,4.503696942492752e-06,7.335536518392006e-08
source_float64,inputs/SIG-NIHDA-2062_d86f6436/conf_003.xyz,near_vbur,61.22076416015625,61.22076510332558,9.431693328565416e-07,1.5406036354898603e-08
source_float64,inputs/SIG-NIHDA-2063_9978c6ba/conf_000.xyz,near_vbur,47.60276794433594,47.602767915589574,2.8746363511800155e-08,6.038800845105043e-10
source_float64,inputs/SIG-NIHDA-2063_9978c6ba/conf_001.xyz,near_vbur,46.84901809692383,46.84901857053372,4.736098944135847e-07,1.0109281023689738e-08
source_float64,inputs/SIG-NIHDA-2063_9978c6ba/conf_002.xyz,near_vbur,46.84901809692383,46.84901857053372,4.736098944135847e-07,1.0109281023689738e-08
source_float64,inputs/SIG-NIHDA-2063_9978c6ba/conf_003.xyz,near_vbur,46.84124755859375,46.84124795872902,4.001352706950456e-07,8.542369986546849e-09
source_float64,inputs/SIG-NIHDA-2063_9978c6ba/conf_004.xyz,near_vbur,47.36964797973633,47.3696495614486,1.5817122687167284e-06,3.3390837453101874e-08
source_float64,inputs/SIG-NIHDA-2064_f0ba08d0/conf_000.xyz,near_vbur,48.908226013183594,48.90823069877911,4.685595513365115e-06,9.580382374130907e-08
source_float64,inputs/SIG-NIHDA-2064_f0ba08d0/conf_001.xyz,near_vbur,52.91009521484375,52.910095778199384,5.633556341422263e-07,1.0647412858669337e-08
source_float64,inputs/SIG-NIHDA-2064_f0ba08d0/conf_002.xyz,near_vbur,52.91009521484375,52.910095778199384,5.633556341422263e-07,1.0647412858669337e-08
source_float64,inputs/SIG-NIHDA-2064_f0ba08d0/conf_003.xyz,near_vbur,52.91009521484375,52.910095778199384,5.633556341422263e-07,1.0647412858669337e-08
source_float64,inputs/SIG-NIHDA-2064_f0ba08d0/conf_004.xyz,near_vbur,50.45458221435547,50.454582447914326,2.3355885758746808e-07,4.629091080648173e-09
source_float64,inputs/SIG-NIHDA-2064_f0ba08d0/conf_005.xyz,near_vbur,50.45458221435547,50.454582447914326,2.3355885758746808e-07,4.629091080648173e-09
source_float64,inputs/SIG-NIHDA-2064_f0ba08d0/conf_006.xyz,near_vbur,50.54005432128906,50.54005917776601,4.856476948589261e-06,9.60916355777787e-08
source_float64,inputs/SIG-NIHDA-2064_f0ba08d0/conf_007.xyz,near_vbur,50.54005432128906,50.54005917776601,4.856476948589261e-06,9.60916355777787e-08
source_float64,inputs/SIG-NIHDA-2064_f0ba08d0/conf_008.xyz,near_vbur,50.54005432128906,50.54005917776601,4.856476948589261e-06,9.60916355777787e-08
source_float64,inputs/SIG-NIHDA-2064_f0ba08d0/conf_009.xyz,near_vbur,50.540061950683594,50.54005917776601,2.772917582660739e-06,5.486573675957671e-08
source_float64,inputs/SIG-NIHDA-2064_f0ba08d0/conf_010.xyz,near_vbur,49.230712890625,49.230711088674134,1.8019508658539962e-06,3.660217019023614e-08
source_float64,inputs/SIG-NIHDA-2064_f0ba08d0/conf_011.xyz,near_vbur,49.234596252441406,49.23459639457649,1.4213508592320068e-07,2.8868945077583246e-09
source_float64,inputs/SIG-NIHDA-2067_1f828bfa/conf_000.xyz,near_vbur,60.10179138183594,60.101797003448844,5.621612906736573e-06,9.353485564523113e-08
source_float64,inputs/SIG-NIHDA-2067_1f828bfa/conf_001.xyz,near_vbur,60.10179138183594,60.101797003448844,5.621612906736573e-06,9.353485564523113e-08
source_float64,inputs/SIG-NIHDA-2067_1f828bfa/conf_002.xyz,near_vbur,60.29217529296875,60.292176992663975,1.699695225454434e-06,2.819097452164057e-08
source_float64,inputs/SIG-NIHDA-2067_1f828bfa/conf_003.xyz,near_vbur,60.288291931152344,60.288291686761625,2.4439071921733557e-07,4.053701181103461e-09
source_float64,inputs/SIG-NIHDA-2067_1f828bfa/conf_004.xyz,near_vbur,58.6253776550293,58.62538076055591,3.105526616309362e-06,5.297239141172128e-08
source_float64,inputs/SIG-NIHDA-2067_1f828bfa/conf_005.xyz,near_vbur,57.755069732666016,57.75507223842957,2.5057635539837975e-06,4.338603445320411e-08
source_float64,inputs/SIG-NIHDA-2067_1f828bfa/conf_006.xyz,near_vbur,58.88957977294922,58.88958156191571,1.7889664931658444e-06,3.0378318977949424e-08
source_float64,inputs/SIG-NIHDA-2067_1f828bfa/conf_007.xyz,near_vbur,57.929908752441406,57.92991100403531,2.2515939051004352e-06,3.886755332566612e-08
source_float64,inputs/SIG-NIHDA-2067_1f828bfa/conf_008.xyz,near_vbur,66.15510559082031,66.15510359930981,1.9915105013978973e-06,3.010365630231852e-08
source_float64,inputs/SIG-NIHDA-2067_1f828bfa/conf_009.xyz,near_vbur,55.84349822998047,55.84350173447348,3.5044930086769455e-06,6.27556098709609e-08
source_float64,inputs/SIG-NIHDA-2067_1f828bfa/conf_010.xyz,near_vbur,59.61613464355469,59.61613376565512,8.778995663760725e-07,1.4725872191360232e-08
source_float64,inputs/SIG-NIHDA-401_9d42bff1/conf_000.xyz,near_vbur,43.562049865722656,43.5620497771458,8.857685429575213e-08,2.033349090524723e-09
source_float64,inputs/SIG-NIHDA-401_9d42bff1/conf_001.xyz,near_vbur,43.558162689208984,43.55816447124346,1.7820344737629057e-06,4.0911606248683456e-08
source_float64,inputs/SIG-NIHDA-401_9d42bff1/conf_002.xyz,near_vbur,43.558162689208984,43.55816447124346,1.7820344737629057e-06,4.0911606248683456e-08
source_float64,inputs/SIG-NIHDA-401_9d42bff1/conf_003.xyz,near_vbur,45.625144958496094,45.62514721129353,2.2527974365971204e-06,4.937622285719417e-08
source_float64,inputs/SIG-NIHDA-401_9d42bff1/conf_004.xyz,near_vbur,45.625144958496094,45.62514721129353,2.2527974365971204e-06,4.937622285719417e-08
source_float64,inputs/SIG-NIHDA-401_9d42bff1/conf_005.xyz,near_vbur,45.625144958496094,45.62514721129353,2.2527974365971204e-06,4.937622285719417e-08
source_float64,inputs/SIG-NIHDA-498_7d70a0ce/conf_000.xyz,near_vbur,52.393348693847656,52.39335009318686,1.3993392045108521e-06,2.6708336115594558e-08
source_float64,inputs/SIG-NIHDA-498_7d70a0ce/conf_001.xyz,near_vbur,52.393348693847656,52.39335009318686,1.3993392045108521e-06,2.6708336115594558e-08
source_float64,inputs/SIG-NIHDA-498_7d70a0ce/conf_002.xyz,near_vbur,52.393348693847656,52.39335009318686,1.3993392045108521e-06,2.6708336115594558e-08
source_float64,inputs/SIG-NIHDA-498_7d70a0ce/conf_003.xyz,near_vbur,52.393348693847656,52.39335009318686,1.3993392045108521e-06,2.6708336115594558e-08
source_float64,inputs/SIG-NIHDA-498_7d70a0ce/conf_004.xyz,near_vbur,52.393348693847656,52.39335009318686,1.3993392045108521e-06,2.6708336115594558e-08
source_float64,inputs/SIG-NIHDA-498_7d70a0ce/conf_005.xyz,near_vbur,52.393348693847656,52.39335009318686,1.3993392045108521e-06,2.6708336115594558e-08
source_float64,inputs/SIG-NIHDA-498_7d70a0ce/conf_006.xyz,near_vbur,52.393348693847656,52.39335009318686,1.3993392045108521e-06,2.6708336115594558e-08
source_float64,inputs/SIG-NIHDA-498_7d70a0ce/conf_007.xyz,near_vbur,52.393348693847656,52.39335009318686,1.3993392045108521e-06,2.6708336115594558e-08
source_float64,inputs/SIG-NIHDA-498_7d70a0ce/conf_008.xyz,near_vbur,52.393348693847656,52.39335009318686,1.3993392045108521e-06,2.6708336115594558e-08
source_float64,inputs/SIG-NIHDA-723_1db84e66/conf_000.xyz,near_vbur,61.25961685180664,61.25961816234908,1.3105424372383823e-06,2.1393251811743383e-08
source_float64,inputs/SIG-NIHDA-723_1db84e66/conf_001.xyz,near_vbur,61.26350402832031,61.26350346825143,5.600688837148482e-07,9.141966293277572e-09
source_float64,inputs/SIG-NIHDA-724_0d5c5a07/conf_000.xyz,near_vbur,60.439815521240234,60.43981861695327,3.0957130334741123e-06,5.121976048759634e-08
source_float64,inputs/SIG-NIHDA-724_0d5c5a07/conf_001.xyz,near_vbur,60.4398193359375,60.43981861695327,7.189842321508877e-07,1.1895870116810937e-08
source_float64,inputs/SIG-NIHDA-785_fe24eb0f/conf_000.xyz,near_vbur,47.53671646118164,47.53671771524964,1.2540679961148271e-06,2.638103883458756e-08
source_float64,inputs/SIG-NIHDA-785_fe24eb0f/conf_001.xyz,near_vbur,47.53671646118164,47.53671771524964,1.2540679961148271e-06,2.638103883458756e-08
source_float64,inputs/SIG-NIHDA-1057_be992081/conf_000.xyz,far_vbur,19.73346710205078,19.733468678034566,1.5759837843631885e-06,7.986349536802037e-08
source_float64,inputs/SIG-NIHDA-1058_219b0b66/conf_000.xyz,far_vbur,21.299245834350586,21.299246956681525,1.1223309392960346e-06,5.269345632634969e-08
source_float64,inputs/SIG-NIHDA-1058_219b0b66/conf_001.xyz,far_vbur,19.006916046142578,19.006916474295153,4.2815257472739177e-07,2.252614595883677e-08
source_float64,inputs/SIG-NIHDA-2062_d86f6436/conf_000.xyz,far_vbur,4.067914962768555,4.067915279760226,3.169916711343035e-07,7.792484585691467e-08
source_float64,inputs/SIG-NIHDA-2062_d86f6436/conf_001.xyz,far_vbur,0.17095345258712769,0.1709534597033906,7.1162629122767385e-09,4.16269019920607e-08
source_float64,inputs/SIG-NIHDA-2062_d86f6436/conf_002.xyz,far_vbur,5.936747074127197,5.936747418790472,3.4466327480942027e-07,5.805591016362298e-08
source_float64,inputs/SIG-NIHDA-2062_d86f6436/conf_003.xyz,far_vbur,8.982827186584473,8.982827246232706,5.964823301951583e-08,6.640251602804853e-09
source_float64,inputs/SIG-NIHDA-2063_9978c6ba/conf_000.xyz,far_vbur,0.0,0.0,0.0,
source_float64,inputs/SIG-NIHDA-2063_9978c6ba/conf_001.xyz,far_vbur,0.0,0.0,0.0,
source_float64,inputs/SIG-NIHDA-2063_9978c6ba/conf_002.xyz,far_vbur,0.0,0.0,0.0,
source_float64,inputs/SIG-NIHDA-2063_9978c6ba/conf_003.xyz,far_vbur,0.0,0.0,0.0,
source_float64,inputs/SIG-NIHDA-2063_9978c6ba/conf_004.xyz,far_vbur,0.0,0.0,0.0,
source_float64,inputs/SIG-NIHDA-2064_f0ba08d0/conf_000.xyz,far_vbur,0.0,0.0,0.0,
source_float64,inputs/SIG-NIHDA-2064_f0ba08d0/conf_001.xyz,far_vbur,1.6551401615142822,1.6551403144010088,1.5288672661206704e-07,9.237085537814137e-08
source_float64,inputs/SIG-NIHDA-2064_f0ba08d0/conf_002.xyz,far_vbur,1.6551401615142822,1.6551403144010088,1.5288672661206704e-07,9.237085537814137e-08
source_float64,inputs/SIG-NIHDA-2064_f0ba08d0/conf_003.xyz,far_vbur,1.6512548923492432,1.6512550084986592,1.1614941608506513e-07,7.034008404956758e-08
source_float64,inputs/SIG-NIHDA-2064_f0ba08d0/conf_004.xyz,far_vbur,0.0,0.0,0.0,
source_float64,inputs/SIG-NIHDA-2064_f0ba08d0/conf_005.xyz,far_vbur,0.0,0.0,0.0,
source_float64,inputs/SIG-NIHDA-2064_f0ba08d0/conf_006.xyz,far_vbur,0.0,0.0,0.0,
source_float64,inputs/SIG-NIHDA-2064_f0ba08d0/conf_007.xyz,far_vbur,0.0,0.0,0.0,
source_float64,inputs/SIG-NIHDA-2064_f0ba08d0/conf_008.xyz,far_vbur,0.0,0.0,0.0,
source_float64,inputs/SIG-NIHDA-2064_f0ba08d0/conf_009.xyz,far_vbur,0.0,0.0,0.0,
source_float64,inputs/SIG-NIHDA-2064_f0ba08d0/conf_010.xyz,far_vbur,0.0,0.0,0.0,
source_float64,inputs/SIG-NIHDA-2064_f0ba08d0/conf_011.xyz,far_vbur,0.0,0.0,0.0,
source_float64,inputs/SIG-NIHDA-2067_1f828bfa/conf_000.xyz,far_vbur,16.520320892333984,16.520320696791288,1.955426967015228e-07,1.1836495204327523e-08
source_float64,inputs/SIG-NIHDA-2067_1f828bfa/conf_001.xyz,far_vbur,16.520320892333984,16.520320696791288,1.955426967015228e-07,1.1836495204327523e-08
source_float64,inputs/SIG-NIHDA-2067_1f828bfa/conf_002.xyz,far_vbur,14.845752716064453,14.845753852878532,1.1368140793166503e-06,7.657503219994629e-08
source_float64,inputs/SIG-NIHDA-2067_1f828bfa/conf_003.xyz,far_vbur,14.841867446899414,14.841868546976182,1.1000767674573808e-06,7.411982958719208e-08
source_float64,inputs/SIG-NIHDA-2067_1f828bfa/conf_004.xyz,far_vbur,12.541767120361328,12.541767452785109,3.324237809465558e-07,2.650533764064773e-08
source_float64,inputs/SIG-NIHDA-2067_1f828bfa/conf_005.xyz,far_vbur,3.9047322273254395,3.9047324318615346,2.045360951719033e-07,5.238159047799164e-08
source_float64,inputs/SIG-NIHDA-2067_1f828bfa/conf_006.xyz,far_vbur,4.269950866699219,4.269951186682415,3.199831963840438e-07,7.49383733898509e-08
source_float64,inputs/SIG-NIHDA-2067_1f828bfa/conf_007.xyz,far_vbur,3.123785972595215,3.123785945489228,2.7105986788455994e-08,8.677286876073329e-09
source_float64,inputs/SIG-NIHDA-2067_1f828bfa/conf_008.xyz,far_vbur,10.094023704528809,10.094024734304744,1.0297759356348024e-06,1.0201836856364027e-07
source_float64,inputs/SIG-NIHDA-2067_1f828bfa/conf_009.xyz,far_vbur,0.05439428240060806,0.05439428263289701,2.322889450234733e-10,4.2704661920293026e-09
source_float64,inputs/SIG-NIHDA-2067_1f828bfa/conf_010.xyz,far_vbur,17.025409698486328,17.025410464096762,7.656104337172565e-07,4.49686916701232e-08
source_float64,inputs/SIG-NIHDA-401_9d42bff1/conf_000.xyz,far_vbur,0.0,0.0,0.0,
source_float64,inputs/SIG-NIHDA-401_9d42bff1/conf_001.xyz,far_vbur,0.0,0.0,0.0,
source_float64,inputs/SIG-NIHDA-401_9d42bff1/conf_002.xyz,far_vbur,0.0,0.0,0.0,
source_float64,inputs/SIG-NIHDA-401_9d42bff1/conf_003.xyz,far_vbur,0.0,0.0,0.0,
source_float64,inputs/SIG-NIHDA-401_9d42bff1/conf_004.xyz,far_vbur,0.0,0.0,0.0,
source_float64,inputs/SIG-NIHDA-401_9d42bff1/conf_005.xyz,far_vbur,0.0,0.0,0.0,
source_float64,inputs/SIG-NIHDA-498_7d70a0ce/conf_000.xyz,far_vbur,0.6838138699531555,0.6838138388135624,3.113959312628367e-08,4.553811484761964e-08
source_float64,inputs/SIG-NIHDA-498_7d70a0ce/conf_001.xyz,far_vbur,0.6838138699531555,0.6838138388135624,3.113959312628367e-08,4.553811484761964e-08
source_float64,inputs/SIG-NIHDA-498_7d70a0ce/conf_002.xyz,far_vbur,0.6838138699531555,0.6838138388135624,3.113959312628367e-08,4.553811484761964e-08
source_float64,inputs/SIG-NIHDA-498_7d70a0ce/conf_003.xyz,far_vbur,0.6838138699531555,0.6838138388135624,3.113959312628367e-08,4.553811484761964e-08
source_float64,inputs/SIG-NIHDA-498_7d70a0ce/conf_004.xyz,far_vbur,0.6838138699531555,0.6838138388135624,3.113959312628367e-08,4.553811484761964e-08
source_float64,inputs/SIG-NIHDA-498_7d70a0ce/conf_005.xyz,far_vbur,0.6838138699531555,0.6838138388135624,3.113959312628367e-08,4.553811484761964e-08
source_float64,inputs/SIG-NIHDA-498_7d70a0ce/conf_006.xyz,far_vbur,0.6838138699531555,0.6838138388135624,3.113959312628367e-08,4.553811484761964e-08
source_float64,inputs/SIG-NIHDA-498_7d70a0ce/conf_007.xyz,far_vbur,0.6838138699531555,0.6838138388135624,3.113959312628367e-08,4.553811484761964e-08
source_float64,inputs/SIG-NIHDA-498_7d70a0ce/conf_008.xyz,far_vbur,0.6838138699531555,0.6838138388135624,3.113959312628367e-08,4.553811484761964e-08
source_float64,inputs/SIG-NIHDA-723_1db84e66/conf_000.xyz,far_vbur,19.263347625732422,19.26334666385024,9.61882182792806e-07,4.9933285195862786e-08
source_float64,inputs/SIG-NIHDA-723_1db84e66/conf_001.xyz,far_vbur,19.26723289489746,19.26723196975259,9.251448709335364e-07,4.8016491024030377e-08
source_float64,inputs/SIG-NIHDA-724_0d5c5a07/conf_000.xyz,far_vbur,15.331417083740234,15.331417090672256,6.932021179295589e-09,4.521448433826173e-10
source_float64,inputs/SIG-NIHDA-724_0d5c5a07/conf_001.xyz,far_vbur,15.335302352905273,15.335302396574606,4.366933303856513e-08,2.8476342956444992e-09
source_float64,inputs/SIG-NIHDA-785_fe24eb0f/conf_000.xyz,far_vbur,0.0,0.0,0.0,
source_float64,inputs/SIG-NIHDA-785_fe24eb0f/conf_001.xyz,far_vbur,0.0,0.0,0.0,
controlled_f32_inputs,inputs/SIG-NIHDA-1057_be992081/conf_000.xyz,sterimol_l,7.7556939125061035,7.755693621287523,2.9121858080571883e-07,3.754900528901677e-08
controlled_f32_inputs,inputs/SIG-NIHDA-1058_219b0b66/conf_000.xyz,sterimol_l,7.77274751663208,7.772747195424199,3.2120788073797257e-07,4.132488458225774e-08
controlled_f32_inputs,inputs/SIG-NIHDA-1058_219b0b66/conf_001.xyz,sterimol_l,7.694704532623291,7.694704673228326,1.4060503517043799e-07,1.8272960580233277e-08
controlled_f32_inputs,inputs/SIG-NIHDA-2062_d86f6436/conf_000.xyz,sterimol_l,11.45744514465332,11.45744549086774,3.462144189114724e-07,3.0217417939053325e-08
controlled_f32_inputs,inputs/SIG-NIHDA-2062_d86f6436/conf_001.xyz,sterimol_l,11.738725662231445,11.738726085139707,4.2290826129942616e-07,3.602675948242752e-08
controlled_f32_inputs,inputs/SIG-NIHDA-2062_d86f6436/conf_002.xyz,sterimol_l,8.712657928466797,8.712657870322362,5.8144435044482634e-08,6.673558850800064e-09
controlled_f32_inputs,inputs/SIG-NIHDA-2062_d86f6436/conf_003.xyz,sterimol_l,11.557687759399414,11.557687963512535,2.0411312107171398e-07,1.7660376514411564e-08
controlled_f32_inputs,inputs/SIG-NIHDA-2063_9978c6ba/conf_000.xyz,sterimol_l,11.001583099365234,11.001583606092883,5.067276482861871e-07,4.605951892285324e-08
controlled_f32_inputs,inputs/SIG-NIHDA-2063_9978c6ba/conf_001.xyz,sterimol_l,11.713179588317871,11.713180345240223,7.569223523518076e-07,6.462142048887611e-08
controlled_f32_inputs,inputs/SIG-NIHDA-2063_9978c6ba/conf_002.xyz,sterimol_l,11.713068962097168,11.713069729310535,7.672133666147829e-07,6.550062317950046e-08
controlled_f32_inputs,inputs/SIG-NIHDA-2063_9978c6ba/conf_003.xyz,sterimol_l,11.713212966918945,11.713213447570729,4.806517832633972e-07,4.103500592854665e-08
controlled_f32_inputs,inputs/SIG-NIHDA-2063_9978c6ba/conf_004.xyz,sterimol_l,11.615283966064453,11.615285039790667,1.0737262137183734e-06,9.244079762486176e-08
controlled_f32_inputs,inputs/SIG-NIHDA-2064_f0ba08d0/conf_000.xyz,sterimol_l,11.8062162399292,11.806217174289452,9.343602531686201e-07,7.914137436023016e-08
controlled_f32_inputs,inputs/SIG-NIHDA-2064_f0ba08d0/conf_001.xyz,sterimol_l,11.407125473022461,11.407125678385329,2.0536286804428983e-07,1.8003033703171998e-08
controlled_f32_inputs,inputs/SIG-NIHDA-2064_f0ba08d0/conf_002.xyz,sterimol_l,11.407112121582031,11.40711312539615,1.0038141180501725e-06,8.799896231548171e-08
controlled_f32_inputs,inputs/SIG-NIHDA-2064_f0ba08d0/conf_003.xyz,sterimol_l,11.407353401184082,11.407354242512616,8.413285339514687e-07,7.375316975920924e-08
controlled_f32_inputs,inputs/SIG-NIHDA-2064_f0ba08d0/conf_004.xyz,sterimol_l,11.187699317932129,11.18770038440219,1.0664700607065924e-06,9.532522538710968e-08
controlled_f32_inputs,inputs/SIG-NIHDA-2064_f0ba08d0/conf_005.xyz,sterimol_l,11.187640190124512,11.187641023175264,8.330507519360708e-07,7.446169842332278e-08
controlled_f32_inputs,inputs/SIG-NIHDA-2064_f0ba08d0/conf_006.xyz,sterimol_l,11.354656219482422,11.354657183734954,9.642525320430195e-07,8.492132491893008e-08
controlled_f32_inputs,inputs/SIG-NIHDA-2064_f0ba08d0/conf_007.xyz,sterimol_l,11.354776382446289,11.35477675712964,3.7468335101209505e-07,3.2997861519103156e-08
controlled_f32_inputs,inputs/SIG-NIHDA-2064_f0ba08d0/conf_008.xyz,sterimol_l,11.354710578918457,11.354710775817697,1.9689924002364023e-07,1.7340753446840724e-08
controlled_f32_inputs,inputs/SIG-NIHDA-2064_f0ba08d0/conf_009.xyz,sterimol_l,11.354485511779785,11.35448595599409,4.4421430445140686e-07,3.9122361520637924e-08
controlled_f32_inputs,inputs/SIG-NIHDA-2064_f0ba08d0/conf_010.xyz,sterimol_l,10.795769691467285,10.795770052408026,3.6094074040704527e-07,3.343353356498516e-08
controlled_f32_inputs,inputs/SIG-NIHDA-2064_f0ba08d0/conf_011.xyz,sterimol_l,10.795425415039062,10.79542636952147,9.544824077778458e-07,8.841544327258982e-08
controlled_f32_inputs,inputs/SIG-NIHDA-2067_1f828bfa/conf_000.xyz,sterimol_l,10.343182563781738,10.343182870433603,3.0665186478984197e-07,2.964772726453657e-08
controlled_f32_inputs,inputs/SIG-NIHDA-2067_1f828bfa/conf_001.xyz,sterimol_l,10.343094825744629,10.343095861307368,1.0355627395597367e-06,1.0012115844673622e-07
controlled_f32_inputs,inputs/SIG-NIHDA-2067_1f828bfa/conf_002.xyz,sterimol_l,10.018524169921875,10.018525256959968,1.0870380933170054e-06,1.0850280509717029e-07
controlled_f32_inputs,inputs/SIG-NIHDA-2067_1f828bfa/conf_003.xyz,sterimol_l,10.020400047302246,10.020400686569891,6.392676450417412e-07,6.379661502943058e-08
controlled_f32_inputs,inputs/SIG-NIHDA-2067_1f828bfa/conf_004.xyz,sterimol_l,11.541112899780273,11.541113155424487,2.5564421335388943e-07,2.215074143292088e-08
controlled_f32_inputs,inputs/SIG-NIHDA-2067_1f828bfa/conf_005.xyz,sterimol_l,11.348904609680176,11.348904844421872,2.3474169630333108e-07,2.0684083576461525e-08
controlled_f32_inputs,inputs/SIG-NIHDA-2067_1f828bfa/conf_006.xyz,sterimol_l,11.571478843688965,11.57147937429862,5.306096557688988e-07,4.585495411653538e-08
controlled_f32_inputs,inputs/SIG-NIHDA-2067_1f828bfa/conf_007.xyz,sterimol_l,11.439079284667969,11.439079960939605,6.762716360242393e-07,5.911940805846858e-08
controlled_f32_inputs,inputs/SIG-NIHDA-2067_1f828bfa/conf_008.xyz,sterimol_l,8.495448112487793,8.49544860320359,4.907157968858655e-07,5.776219947947412e-08
controlled_f32_inputs,inputs/SIG-NIHDA-2067_1f828bfa/conf_009.xyz,sterimol_l,11.03502082824707,11.035021648447849,8.202007784063881e-07,7.432706564030664e-08
controlled_f32_inputs,inputs/SIG-NIHDA-2067_1f828bfa/conf_010.xyz,sterimol_l,11.259902954101562,11.259903296295578,3.421940153458536e-07,3.0390493269905154e-08
controlled_f32_inputs,inputs/SIG-NIHDA-401_9d42bff1/conf_000.xyz,sterimol_l,12.795559883117676,12.795560663924464,7.808067881143188e-07,6.10216940564167e-08
controlled_f32_inputs,inputs/SIG-NIHDA-401_9d42bff1/conf_001.xyz,sterimol_l,12.73031234741211,12.730313319480695,9.72068585625152e-07,7.635857509788341e-08
controlled_f32_inputs,inputs/SIG-NIHDA-401_9d42bff1/conf_002.xyz,sterimol_l,12.730334281921387,12.730335330443456,1.0485220691691666e-06,8.236405734432776e-08
controlled_f32_inputs,inputs/SIG-NIHDA-401_9d42bff1/conf_003.xyz,sterimol_l,10.371916770935059,10.37191779806251,1.0271274515361029e-06,9.902965599360726e-08
controlled_f32_inputs,inputs/SIG-NIHDA-401_9d42bff1/conf_004.xyz,sterimol_l,10.085586547851562,10.085587637036836,1.0891852735284147e-06,1.0799423025473003e-07
controlled_f32_inputs,inputs/SIG-NIHDA-401_9d42bff1/conf_005.xyz,sterimol_l,10.085550308227539,10.085550742914362,4.346868234250678e-07,4.3099958991377687e-08
controlled_f32_inputs,inputs/SIG-NIHDA-498_7d70a0ce/conf_000.xyz,sterimol_l,9.882072448730469,9.88207325923189,8.105014206449823e-07,8.201734589326256e-08
controlled_f32_inputs,inputs/SIG-NIHDA-498_7d70a0ce/conf_001.xyz,sterimol_l,9.882079124450684,9.88208007829995,9.538492662386489e-07,9.652312657668151e-08
controlled_f32_inputs,inputs/SIG-NIHDA-498_7d70a0ce/conf_002.xyz,sterimol_l,9.882070541381836,9.882070944723585,4.033417493332081e-07,4.081550836756213e-08
controlled_f32_inputs,inputs/SIG-NIHDA-498_7d70a0ce/conf_003.xyz,sterimol_l,9.88206672668457,9.882067723763118,9.970785477264599e-07,1.0089776508299113e-07
controlled_f32_inputs,inputs/SIG-NIHDA-498_7d70a0ce/conf_004.xyz,sterimol_l,9.882070541381836,9.88207139820711,8.568252738427873e-07,8.670502765222278e-08
controlled_f32_inputs,inputs/SIG-NIHDA-498_7d70a0ce/conf_005.xyz,sterimol_l,9.88206958770752,9.88206984425523,2.5654771107497254e-07,2.5960928744509135e-08
controlled_f32_inputs,inputs/SIG-NIHDA-498_7d70a0ce/conf_006.xyz,sterimol_l,9.88208293914795,9.88208321724982,2.7810187042121015e-07,2.814202879163831e-08
controlled_f32_inputs,inputs/SIG-NIHDA-498_7d70a0ce/conf_007.xyz,sterimol_l,9.882075309753418,9.882075890706908,5.809534897593949e-07,5.87886084042041e-08
controlled_f32_inputs,inputs/SIG-NIHDA-498_7d70a0ce/conf_008.xyz,sterimol_l,9.882062911987305,9.88206351225769,6.002703845098267e-07,6.07434250716212e-08
controlled_f32_inputs,inputs/SIG-NIHDA-723_1db84e66/conf_000.xyz,sterimol_l,7.771545886993408,7.771545646205212,2.407881964927583e-07,3.098330852760717e-08
controlled_f32_inputs,inputs/SIG-NIHDA-723_1db84e66/conf_001.xyz,sterimol_l,7.77163553237915,7.771635552321371,1.994222031953541e-08,2.5660261839708516e-09
controlled_f32_inputs,inputs/SIG-NIHDA-724_0d5c5a07/conf_000.xyz,sterimol_l,7.709126949310303,7.7091269511855085,1.875205768442356e-09,2.4324489404782564e-10
controlled_f32_inputs,inputs/SIG-NIHDA-724_0d5c5a07/conf_001.xyz,sterimol_l,7.70919942855835,7.709199532546046,1.039876966757447e-07,1.3488780026608242e-08
controlled_f32_inputs,inputs/SIG-NIHDA-785_fe24eb0f/conf_000.xyz,sterimol_l,10.979031562805176,10.979032398830897,8.360257215400679e-07,7.614748651521351e-08
controlled_f32_inputs,inputs/SIG-NIHDA-785_fe24eb0f/conf_001.xyz,sterimol_l,10.978879928588867,10.978880847027368,9.184385003635498e-07,8.365502032133133e-08
controlled_f32_inputs,inputs/SIG-NIHDA-1057_be992081/conf_000.xyz,sterimol_b1,3.632925033569336,3.6184135260322043,0.014511507537131596,0.00401046133415389
controlled_f32_inputs,inputs/SIG-NIHDA-1058_219b0b66/conf_000.xyz,sterimol_b1,4.0650315284729,4.060773210219485,0.004258318253415716,0.001048647149931713
controlled_f32_inputs,inputs/SIG-NIHDA-1058_219b0b66/conf_001.xyz,sterimol_b1,4.108599662780762,4.109751806100652,0.0011521433198904418,0.00028034377116889687
controlled_f32_inputs,inputs/SIG-NIHDA-2062_d86f6436/conf_000.xyz,sterimol_b1,4.294355392456055,4.288769396666332,0.005585995789722631,0.0013024705394663176
controlled_f32_inputs,inputs/SIG-NIHDA-2062_d86f6436/conf_001.xyz,sterimol_b1,4.292616844177246,4.284250297948001,0.008366546229245486,0.0019528612119727824
controlled_f32_inputs,inputs/SIG-NIHDA-2062_d86f6436/conf_002.xyz,sterimol_b1,5.672011375427246,5.65774744173161,0.014263933695636055,0.0025211329849093504
controlled_f32_inputs,inputs/SIG-NIHDA-2062_d86f6436/conf_003.xyz,sterimol_b1,5.135127544403076,5.117063724911409,0.018063819491667132,0.0035301142340141306
controlled_f32_inputs,inputs/SIG-NIHDA-2063_9978c6ba/conf_000.xyz,sterimol_b1,3.667086124420166,3.6651336095591462,0.0019525148610197718,0.0005327267895302257
controlled_f32_inputs,inputs/SIG-NIHDA-2063_9978c6ba/conf_001.xyz,sterimol_b1,3.865555763244629,3.848806068686956,0.016749694557673056,0.004351919597598047
controlled_f32_inputs,inputs/SIG-NIHDA-2063_9978c6ba/conf_002.xyz,sterimol_b1,3.8468785285949707,3.847306469450283,0.00042794085531250303,0.00011123128835994412
controlled_f32_inputs,inputs/SIG-NIHDA-2063_9978c6ba/conf_003.xyz,sterimol_b1,3.857642412185669,3.8479440947781773,0.009698317407491608,0.0025203893738094153
controlled_f32_inputs,inputs/SIG-NIHDA-2063_9978c6ba/conf_004.xyz,sterimol_b1,3.829638957977295,3.822564390124946,0.007074567852348945,0.0018507387006024255
controlled_f32_inputs,inputs/SIG-NIHDA-2064_f0ba08d0/conf_000.xyz,sterimol_b1,3.706277847290039,3.706012712080655,0.00026513520938387103,7.154190500199795e-05
controlled_f32_inputs,inputs/SIG-NIHDA-2064_f0ba08d0/conf_001.xyz,sterimol_b1,3.7948238849639893,3.791505512100905,0.003318372863084118,0.000875212459138792
controlled_f32_inputs,inputs/SIG-NIHDA-2064_f0ba08d0/conf_002.xyz,sterimol_b1,3.805974245071411,3.790968729666615,0.01500551540479611,0.003958227164304709
controlled_f32_inputs,inputs/SIG-NIHDA-2064_f0ba08d0/conf_003.xyz,sterimol_b1,3.8048651218414307,3.7919496241130974,0.012915497728333225,0.003406030936224276
controlled_f32_inputs,inputs/SIG-NIHDA-2064_f0ba08d0/conf_004.xyz,sterimol_b1,3.5731279850006104,3.5553089638413193,0.017819021159291015,0.005011947299240774
controlled_f32_inputs,inputs/SIG-NIHDA-2064_f0ba08d0/conf_005.xyz,sterimol_b1,3.5597145557403564,3.5542387998996743,0.005475755840682162,0.001540626882143295
controlled_f32_inputs,inputs/SIG-NIHDA-2064_f0ba08d0/conf_006.xyz,sterimol_b1,3.166247844696045,3.164634535974635,0.0016133087214100783,0.0005097930592207281
controlled_f32_inputs,inputs/SIG-NIHDA-2064_f0ba08d0/conf_007.xyz,sterimol_b1,3.1689157485961914,3.1645808906699484,0.0043348579262429965,0.0013698047469803492
controlled_f32_inputs,inputs/SIG-NIHDA-2064_f0ba08d0/conf_008.xyz,sterimol_b1,3.175814628601074,3.1637660801813436,0.012048548419730576,0.0038082930641446053
controlled_f32_inputs,inputs/SIG-NIHDA-2064_f0ba08d0/conf_009.xyz,sterimol_b1,3.1634361743927,3.1633342450558666,0.00010192933683361716,3.2222120375969633e-05
controlled_f32_inputs,inputs/SIG-NIHDA-2064_f0ba08d0/conf_010.xyz,sterimol_b1,4.197675704956055,4.182630263149424,0.015045441806631032,0.0035971245030159953
controlled_f32_inputs,inputs/SIG-NIHDA-2064_f0ba08d0/conf_011.xyz,sterimol_b1,4.185005187988281,4.18330473447089,0.0017004535173912316,0.00040648569141504517
controlled_f32_inputs,inputs/SIG-NIHDA-2067_1f828bfa/conf_000.xyz,sterimol_b1,4.154528617858887,4.152352281446154,0.002176336412732738,0.0005241213329748548
controlled_f32_inputs,inputs/SIG-NIHDA-2067_1f828bfa/conf_001.xyz,sterimol_b1,4.161717414855957,4.151610598908579,0.010106815947377612,0.0024344325428869947
controlled_f32_inputs,inputs/SIG-NIHDA-2067_1f828bfa/conf_002.xyz,sterimol_b1,4.311798095703125,4.298462224577738,0.01333587112538659,0.0031024748918659266
controlled_f32_inputs,inputs/SIG-NIHDA-2067_1f828bfa/conf_003.xyz,sterimol_b1,4.300880432128906,4.299179814132819,0.0017006179960876722,0.0003955680082273324
controlled_f32_inputs,inputs/SIG-NIHDA-2067_1f828bfa/conf_004.xyz,sterimol_b1,4.252811431884766,4.249841817776217,0.0029696141085482353,0.0006987587387669226
controlled_f32_inputs,inputs/SIG-NIHDA-2067_1f828bfa/conf_005.xyz,sterimol_b1,5.095617771148682,5.083506277560197,0.012111493588484734,0.002382507845411294
controlled_f32_inputs,inputs/SIG-NIHDA-2067_1f828bfa/conf_006.xyz,sterimol_b1,4.872966766357422,4.858404745348629,0.01456202100879267,0.0029972844528307675
controlled_f32_inputs,inputs/SIG-NIHDA-2067_1f828bfa/conf_007.xyz,sterimol_b1,4.911969184875488,4.906349301037222,0.005619883838265949,0.0011454308475505163
controlled_f32_inputs,inputs/SIG-NIHDA-2067_1f828bfa/conf_008.xyz,sterimol_b1,4.590956211090088,4.588613964086763,0.002342247003324971,0.0005104476039293776
controlled_f32_inputs,inputs/SIG-NIHDA-2067_1f828bfa/conf_009.xyz,sterimol_b1,4.43907356262207,4.423831092462991,0.015242470159079424,0.003445536197132043
controlled_f32_inputs,inputs/SIG-NIHDA-2067_1f828bfa/conf_010.xyz,sterimol_b1,4.2660417556762695,4.262397984789997,0.003643770886272435,0.0008548640693043962
controlled_f32_inputs,inputs/SIG-NIHDA-401_9d42bff1/conf_000.xyz,sterimol_b1,3.2668983936309814,3.2650259466880764,0.001872446942905004,0.0005734860835652305
controlled_f32_inputs,inputs/SIG-NIHDA-401_9d42bff1/conf_001.xyz,sterimol_b1,3.265108108520508,3.2649830474171204,0.00012506110338739163,3.830375275189426e-05
controlled_f32_inputs,inputs/SIG-NIHDA-401_9d42bff1/conf_002.xyz,sterimol_b1,3.268868923187256,3.264932204464717,0.003936718722538757,0.0012057581830199682
controlled_f32_inputs,inputs/SIG-NIHDA-401_9d42bff1/conf_003.xyz,sterimol_b1,3.1932570934295654,3.192733812942297,0.0005232804872683516,0.00016389731118427223
controlled_f32_inputs,inputs/SIG-NIHDA-401_9d42bff1/conf_004.xyz,sterimol_b1,3.19978928565979,3.1921664309101128,0.007622854749677277,0.0023879878805391544
controlled_f32_inputs,inputs/SIG-NIHDA-401_9d42bff1/conf_005.xyz,sterimol_b1,3.199592113494873,3.1921201649542796,0.007471948540593409,0.0023407478899530806
controlled_f32_inputs,inputs/SIG-NIHDA-498_7d70a0ce/conf_000.xyz,sterimol_b1,3.5897743701934814,3.5906502343831903,0.0008758641897088637,0.00024392913052956314
controlled_f32_inputs,inputs/SIG-NIHDA-498_7d70a0ce/conf_001.xyz,sterimol_b1,3.596698760986328,3.5899283282873773,0.0067704326989508345,0.001885952052469181
controlled_f32_inputs,inputs/SIG-NIHDA-498_7d70a0ce/conf_002.xyz,sterimol_b1,3.5918242931365967,3.590433424135042,0.0013908690015544956,0.00038738192225067216
controlled_f32_inputs,inputs/SIG-NIHDA-498_7d70a0ce/conf_003.xyz,sterimol_b1,3.598867893218994,3.590027823855882,0.008840069363112324,0.002462395779879393
controlled_f32_inputs,inputs/SIG-NIHDA-498_7d70a0ce/conf_004.xyz,sterimol_b1,3.601461172103882,3.590316618645907,0.011144553457974826,0.0031040586783062075
controlled_f32_inputs,inputs/SIG-NIHDA-498_7d70a0ce/conf_005.xyz,sterimol_b1,3.594985246658325,3.590227228164855,0.004758018493470129,0.0013252694581958786
controlled_f32_inputs,inputs/SIG-NIHDA-498_7d70a0ce/conf_006.xyz,sterimol_b1,3.6016652584075928,3.589870984271301,0.011794274136291971,0.0032854312001650006
controlled_f32_inputs,inputs/SIG-NIHDA-498_7d70a0ce/conf_007.xyz,sterimol_b1,3.5917727947235107,3.590568596725733,0.0012041979977777117,0.00033537807880229027
controlled_f32_inputs,inputs/SIG-NIHDA-498_7d70a0ce/conf_008.xyz,sterimol_b1,3.6000211238861084,3.5898490922979702,0.010172031588138175,0.0028335540928342345
controlled_f32_inputs,inputs/SIG-NIHDA-723_1db84e66/conf_000.xyz,sterimol_b1,3.2688417434692383,3.268590768967156,0.0002509745020824461,7.678370277039964e-05
controlled_f32_inputs,inputs/SIG-NIHDA-723_1db84e66/conf_001.xyz,sterimol_b1,3.2689247131347656,3.26907783601427,0.00015312287950441927,4.68397778167038e-05
controlled_f32_inputs,inputs/SIG-NIHDA-724_0d5c5a07/conf_000.xyz,sterimol_b1,3.261533260345459,3.2609973692611676,0.0005358910842914177,0.0001643334917540374
controlled_f32_inputs,inputs/SIG-NIHDA-724_0d5c5a07/conf_001.xyz,sterimol_b1,3.2614965438842773,3.261065041733278,0.0004315021509992967,0.00013231939427063694
controlled_f32_inputs,inputs/SIG-NIHDA-785_fe24eb0f/conf_000.xyz,sterimol_b1,2.989257574081421,2.9741993581880193,0.015058215893401616,0.005062947731444465
controlled_f32_inputs,inputs/SIG-NIHDA-785_fe24eb0f/conf_001.xyz,sterimol_b1,2.9893670082092285,2.9734188237660257,0.015948184443202784,0.005363584946638424
controlled_f32_inputs,inputs/SIG-NIHDA-1057_be992081/conf_000.xyz,sterimol_b5,7.855380535125732,7.855378892838087,1.642287645431395e-06,2.0906536372531986e-07
controlled_f32_inputs,inputs/SIG-NIHDA-1058_219b0b66/conf_000.xyz,sterimol_b5,7.855285167694092,7.8552831459390156,2.0217550762424708e-06,2.5737520070013864e-07
controlled_f32_inputs,inputs/SIG-NIHDA-1058_219b0b66/conf_001.xyz,sterimol_b5,7.84199333190918,7.841993123750654,2.0815852597166895e-07,2.654408422537755e-08
controlled_f32_inputs,inputs/SIG-NIHDA-2062_d86f6436/conf_000.xyz,sterimol_b5,10.269245147705078,10.26924294892249,2.1987825888913903e-06,2.1411340639497675e-07
controlled_f32_inputs,inputs/SIG-NIHDA-2062_d86f6436/conf_001.xyz,sterimol_b5,10.261292457580566,10.261291381310755,1.0762698110511337e-06,1.0488639012935362e-07
controlled_f32_inputs,inputs/SIG-NIHDA-2062_d86f6436/conf_002.xyz,sterimol_b5,10.00451374053955,10.004514042367074,3.018275229749179e-07,3.0169133822666446e-08
controlled_f32_inputs,inputs/SIG-NIHDA-2062_d86f6436/conf_003.xyz,sterimol_b5,9.498126983642578,9.498127165318024,1.8167544624247967e-07,1.912750198858773e-08
controlled_f32_inputs,inputs/SIG-NIHDA-2063_9978c6ba/conf_000.xyz,sterimol_b5,9.46917724609375,9.46917722699395,1.9099800852018234e-08,2.0170496754005296e-09
controlled_f32_inputs,inputs/SIG-NIHDA-2063_9978c6ba/conf_001.xyz,sterimol_b5,9.449735641479492,9.449734356863095,1.2846163972568547e-06,1.3594206447971434e-07
controlled_f32_inputs,inputs/SIG-NIHDA-2063_9978c6ba/conf_002.xyz,sterimol_b5,9.449753761291504,9.449754132118635,3.7082713078007146e-07,3.92419872089235e-08
controlled_f32_inputs,inputs/SIG-NIHDA-2063_9978c6ba/conf_003.xyz,sterimol_b5,9.449705123901367,9.449704870384426,2.5351694077357934e-07,2.6828027356505784e-08
controlled_f32_inputs,inputs/SIG-NIHDA-2063_9978c6ba/conf_004.xyz,sterimol_b5,9.46900463104248,9.469002811516606,1.8195258739694964e-06,1.921560179237154e-07
controlled_f32_inputs,inputs/SIG-NIHDA-2064_f0ba08d0/conf_000.xyz,sterimol_b5,9.44001579284668,9.440015655358927,1.374877527382523e-07,1.4564356433053476e-08
controlled_f32_inputs,inputs/SIG-NIHDA-2064_f0ba08d0/conf_001.xyz,sterimol_b5,9.495329856872559,9.49532934477015,5.121024084786541e-07,5.393203225338471e-08
controlled_f32_inputs,inputs/SIG-NIHDA-2064_f0ba08d0/conf_002.xyz,sterimol_b5,9.495342254638672,9.495341145428373,1.1092102987220187e-06,1.1681626618081638e-07
controlled_f32_inputs,inputs/SIG-NIHDA-2064_f0ba08d0/conf_003.xyz,sterimol_b5,9.49532413482666,9.495324443683485,3.088568245601664e-07,3.252725342793582e-08
controlled_f32_inputs,inputs/SIG-NIHDA-2064_f0ba08d0/conf_004.xyz,sterimol_b5,9.478620529174805,9.478620283000062,2.461747428128547e-07,2.5971579772466454e-08
controlled_f32_inputs,inputs/SIG-NIHDA-2064_f0ba08d0/conf_005.xyz,sterimol_b5,9.478606224060059,9.478605769328846,4.5473121268457817e-07,4.797448314139311e-08
controlled_f32_inputs,inputs/SIG-NIHDA-2064_f0ba08d0/conf_006.xyz,sterimol_b5,9.492225646972656,9.492225428830126,2.1814252981755544e-07,2.298117880291856e-08
controlled_f32_inputs,inputs/SIG-NIHDA-2064_f0ba08d0/conf_007.xyz,sterimol_b5,9.492229461669922,9.49222933280707,1.288628510565104e-07,1.3575615015024368e-08
controlled_f32_inputs,inputs/SIG-NIHDA-2064_f0ba08d0/conf_008.xyz,sterimol_b5,9.492218971252441,9.492216273598888,2.6976535529854573e-06,2.8419638525183606e-07
controlled_f32_inputs,inputs/SIG-NIHDA-2064_f0ba08d0/conf_009.xyz,sterimol_b5,9.492209434509277,9.492208646957724,7.875515528610322e-07,8.296820920739498e-08
controlled_f32_inputs,inputs/SIG-NIHDA-2064_f0ba08d0/conf_010.xyz,sterimol_b5,9.442136764526367,9.442136453908056,3.10618311516464e-07,3.289703691878977e-08
controlled_f32_inputs,inputs/SIG-NIHDA-2064_f0ba08d0/conf_011.xyz,sterimol_b5,9.442097663879395,9.4420975676892,9.619019536444284e-08,1.0187375704907469e-08
controlled_f32_inputs,inputs/SIG-NIHDA-2067_1f828bfa/conf_000.xyz,sterimol_b5,9.347943305969238,9.347940735577241,2.5703919970254674e-06,2.749687947039326e-07
controlled_f32_inputs,inputs/SIG-NIHDA-2067_1f828bfa/conf_001.xyz,sterimol_b5,9.347935676574707,9.347935107852239,5.687224682304759e-07,6.08393684454175e-08
controlled_f32_inputs,inputs/SIG-NIHDA-2067_1f828bfa/conf_002.xyz,sterimol_b5,9.265027046203613,9.26502561481654,1.4313870728699385e-06,1.5449359045277522e-07
controlled_f32_inputs,inputs/SIG-NIHDA-2067_1f828bfa/conf_003.xyz,sterimol_b5,9.265595436096191,9.265594429900725,1.0061954665019357e-06,1.0859480998379037e-07
controlled_f32_inputs,inputs/SIG-NIHDA-2067_1f828bfa/conf_004.xyz,sterimol_b5,9.495078086853027,9.49507815908592,7.223289344437944e-08,7.6074037763722e-09
controlled_f32_inputs,inputs/SIG-NIHDA-2067_1f828bfa/conf_005.xyz,sterimol_b5,9.492630004882812,9.492628210481534,1.7944012782322716e-06,1.8903102896739772e-07
controlled_f32_inputs,inputs/SIG-NIHDA-2067_1f828bfa/conf_006.xyz,sterimol_b5,9.49464225769043,9.494640943997352,1.313693077875655e-06,1.3836153316636903e-07
controlled_f32_inputs,inputs/SIG-NIHDA-2067_1f828bfa/conf_007.xyz,sterimol_b5,9.506027221679688,9.506026673664746,5.480149418701785e-07,5.7649211461649394e-08
controlled_f32_inputs,inputs/SIG-NIHDA-2067_1f828bfa/conf_008.xyz,sterimol_b5,8.758225440979004,8.758225161372835,2.7960616932887206e-07,3.1924980709795355e-08
controlled_f32_inputs,inputs/SIG-NIHDA-2067_1f828bfa/conf_009.xyz,sterimol_b5,9.475122451782227,9.475122113156344,3.386258828896871e-07,3.573841886633843e-08
controlled_f32_inputs,inputs/SIG-NIHDA-2067_1f828bfa/conf_010.xyz,sterimol_b5,9.48397445678711,9.483974240758247,2.1602886235427832e-07,2.277830547302359e-08
controlled_f32_inputs,inputs/SIG-NIHDA-401_9d42bff1/conf_000.xyz,sterimol_b5,6.595738887786865,6.5957381715185655,7.162682997829961e-07,1.0859562359160272e-07
controlled_f32_inputs,inputs/SIG-NIHDA-401_9d42bff1/conf_001.xyz,sterimol_b5,6.595636367797852,6.595634829672068,1.538125783184796e-06,2.332035994875221e-07
controlled_f32_inputs,inputs/SIG-NIHDA-401_9d42bff1/conf_002.xyz,sterimol_b5,6.595628261566162,6.595627491032018,7.705341440455982e-07,1.1682499430013029e-07
controlled_f32_inputs,inputs/SIG-NIHDA-401_9d42bff1/conf_003.xyz,sterimol_b5,8.87193775177002,8.871937522486494,2.2928352549911324e-07,2.5843681261052554e-08
controlled_f32_inputs,inputs/SIG-NIHDA-401_9d42bff1/conf_004.xyz,sterimol_b5,8.811678886413574,8.811677937343607,9.490699675041014e-07,1.0770593004562429e-07
controlled_f32_inputs,inputs/SIG-NIHDA-401_9d42bff1/conf_005.xyz,sterimol_b5,8.811671257019043,8.811668810533876,2.446485167340029e-06,2.7764152511217714e-07
controlled_f32_inputs,inputs/SIG-NIHDA-498_7d70a0ce/conf_000.xyz,sterimol_b5,7.186157703399658,7.186156718834164,9.845654940221493e-07,1.3700863097540112e-07
controlled_f32_inputs,inputs/SIG-NIHDA-498_7d70a0ce/conf_001.xyz,sterimol_b5,7.18615198135376,7.186152014495194,3.314143448562845e-08,4.6118471219059705e-09
controlled_f32_inputs,inputs/SIG-NIHDA-498_7d70a0ce/conf_002.xyz,sterimol_b5,7.186168670654297,7.1861669220860405,1.7485682564100102e-06,2.43324191515221e-07
controlled_f32_inputs,inputs/SIG-NIHDA-498_7d70a0ce/conf_003.xyz,sterimol_b5,7.186168670654297,7.186167687871193,9.82783103786744e-07,1.3676039113942253e-07
controlled_f32_inputs,inputs/SIG-NIHDA-498_7d70a0ce/conf_004.xyz,sterimol_b5,7.186148166656494,7.186145774437067,2.392219426994302e-06,3.328932507191866e-07
controlled_f32_inputs,inputs/SIG-NIHDA-498_7d70a0ce/conf_005.xyz,sterimol_b5,7.186168670654297,7.186166642615783,2.0280385140125645e-06,2.822142339402184e-07
controlled_f32_inputs,inputs/SIG-NIHDA-498_7d70a0ce/conf_006.xyz,sterimol_b5,7.186163425445557,7.186162684578054,7.408675024578315e-07,1.0309639998100496e-07
controlled_f32_inputs,inputs/SIG-NIHDA-498_7d70a0ce/conf_007.xyz,sterimol_b5,7.186176300048828,7.18617623729009,6.275873776218077e-08,8.733258925173134e-09
controlled_f32_inputs,inputs/SIG-NIHDA-498_7d70a0ce/conf_008.xyz,sterimol_b5,7.18616247177124,7.186161765420595,7.063506455295965e-07,9.829317354481442e-08
controlled_f32_inputs,inputs/SIG-NIHDA-723_1db84e66/conf_000.xyz,sterimol_b5,7.8502092361450195,7.850209096677069,1.3946795096586584e-07,1.7766144729176897e-08
controlled_f32_inputs,inputs/SIG-NIHDA-723_1db84e66/conf_001.xyz,sterimol_b5,7.8502116203308105,7.8502105718733235,1.048457487051735e-06,1.3355788070300614e-07
controlled_f32_inputs,inputs/SIG-NIHDA-724_0d5c5a07/conf_000.xyz,sterimol_b5,8.849546432495117,8.849546854730267,4.222351499549859e-07,4.771262945845554e-08
controlled_f32_inputs,inputs/SIG-NIHDA-724_0d5c5a07/conf_001.xyz,sterimol_b5,8.849446296691895,8.849446563591238,2.6689934351509237e-07,3.016000397281122e-08
controlled_f32_inputs,inputs/SIG-NIHDA-785_fe24eb0f/conf_000.xyz,sterimol_b5,9.465792655944824,9.465791190144614,1.4658002100986778e-06,1.5485237109654475e-07
controlled_f32_inputs,inputs/SIG-NIHDA-785_fe24eb0f/conf_001.xyz,sterimol_b5,9.465731620788574,9.465729372256655,2.2485319188803032e-06,2.3754449662068113e-07
controlled_f32_inputs,inputs/SIG-NIHDA-1057_be992081/conf_000.xyz,pyr_p,0.9479392170906067,0.9479392320849367,1.4994329999851175e-08,1.581781773803372e-08
controlled_f32_inputs,inputs/SIG-NIHDA-1058_219b0b66/conf_000.xyz,pyr_p,0.9470087289810181,0.9470087260024461,2.9785719446451253e-09,3.145242343455906e-09
controlled_f32_inputs,inputs/SIG-NIHDA-1058_219b0b66/conf_001.xyz,pyr_p,0.9466845989227295,0.9466846040827673,5.160037841456244e-09,5.450640920114836e-09
controlled_f32_inputs,inputs/SIG-NIHDA-2062_d86f6436/conf_000.xyz,pyr_p,0.9405514001846313,0.9405513840768023,1.6107829070577395e-08,1.7125942657974e-08
controlled_f32_inputs,inputs/SIG-NIHDA-2062_d86f6436/conf_001.xyz,pyr_p,0.9397690892219543,0.9397690932906129,4.068658521205748e-09,4.329423632095934e-09
controlled_f32_inputs,inputs/SIG-NIHDA-2062_d86f6436/conf_002.xyz,pyr_p,0.9371498823165894,0.9371498960333068,1.3716717428557956e-08,1.463663122262189e-08
controlled_f32_inputs,inputs/SIG-NIHDA-2062_d86f6436/conf_003.xyz,pyr_p,0.9346572160720825,0.9346571993601724,1.6711910078015535e-08,1.788025608689027e-08
controlled_f32_inputs,inputs/SIG-NIHDA-2063_9978c6ba/conf_000.xyz,pyr_p,0.9346532821655273,0.9346532905261208,8.360593439782349e-09,8.945128128823182e-09
controlled_f32_inputs,inputs/SIG-NIHDA-2063_9978c6ba/conf_001.xyz,pyr_p,0.9518364667892456,0.9518364959834993,2.9194253681197324e-08,3.067150062472854e-08
controlled_f32_inputs,inputs/SIG-NIHDA-2063_9978c6ba/conf_002.xyz,pyr_p,0.9518359899520874,0.9518360149991636,2.5047076190887196e-08,2.6314486735311445e-08
controlled_f32_inputs,inputs/SIG-NIHDA-2063_9978c6ba/conf_003.xyz,pyr_p,0.951836347579956,0.9518363361586072,1.1421348866669234e-08,1.1999278061565893e-08
controlled_f32_inputs,inputs/SIG-NIHDA-2063_9978c6ba/conf_004.xyz,pyr_p,0.9505084156990051,0.950508426128221,1.0429215824281357e-08,1.097224973245475e-08
controlled_f32_inputs,inputs/SIG-NIHDA-2064_f0ba08d0/conf_000.xyz,pyr_p,0.9384198784828186,0.9384198546227792,2.3860039388701182e-08,2.5425761476767035e-08
controlled_f32_inputs,inputs/SIG-NIHDA-2064_f0ba08d0/conf_001.xyz,pyr_p,0.9310571551322937,0.9310571702441394,1.5111845663717816e-08,1.6230846124900393e-08
controlled_f32_inputs,inputs/SIG-NIHDA-2064_f0ba08d0/conf_002.xyz,pyr_p,0.931056022644043,0.9310560128986274,9.745415585626915e-09,1.0467056171289651e-08
controlled_f32_inputs,inputs/SIG-NIHDA-2064_f0ba08d0/conf_003.xyz,pyr_p,0.9310547709465027,0.9310548005792227,2.963272005551687e-08,3.182704179934621e-08
controlled_f32_inputs,inputs/SIG-NIHDA-2064_f0ba08d0/conf_004.xyz,pyr_p,0.9203587770462036,0.9203587693552424,7.690961201234359e-09,8.35648168661691e-09
controlled_f32_inputs,inputs/SIG-NIHDA-2064_f0ba08d0/conf_005.xyz,pyr_p,0.9203543663024902,0.9203543536278613,1.2674628901976348e-08,1.377146623147419e-08
controlled_f32_inputs,inputs/SIG-NIHDA-2064_f0ba08d0/conf_006.xyz,pyr_p,0.9243069291114807,0.9243069546340962,2.5522615465511933e-08,2.7612705213946516e-08
controlled_f32_inputs,inputs/SIG-NIHDA-2064_f0ba08d0/conf_007.xyz,pyr_p,0.9243060946464539,0.9243060802557098,1.4390744040859715e-08,1.55692409130085e-08
controlled_f32_inputs,inputs/SIG-NIHDA-2064_f0ba08d0/conf_008.xyz,pyr_p,0.9243081212043762,0.9243081481835363,2.697916012817103e-08,2.918849106890474e-08
controlled_f32_inputs,inputs/SIG-NIHDA-2064_f0ba08d0/conf_009.xyz,pyr_p,0.9243054389953613,0.9243054135865468,2.5408814496863386e-08,2.7489630725271357e-08
controlled_f32_inputs,inputs/SIG-NIHDA-2064_f0ba08d0/conf_010.xyz,pyr_p,0.9363370537757874,0.9363370426559333,1.1119854037566768e-08,1.1875909561395909e-08
controlled_f32_inputs,inputs/SIG-NIHDA-2064_f0ba08d0/conf_011.xyz,pyr_p,0.9363361597061157,0.936336136725197,2.298091872354746e-08,2.4543449539310127e-08
controlled_f32_inputs,inputs/SIG-NIHDA-2067_1f828bfa/conf_000.xyz,pyr_p,0.9381223320960999,0.9381223352306718,3.1345719353481627e-09,3.3413253449268035e-09
controlled_f32_inputs,inputs/SIG-NIHDA-2067_1f828bfa/conf_001.xyz,pyr_p,0.938122570514679,0.9381225668062243,3.7084546544718933e-09,3.953059851333797e-09
controlled_f32_inputs,inputs/SIG-NIHDA-2067_1f828bfa/conf_002.xyz,pyr_p,0.9382885694503784,0.9382885693566468,9.3731578054701e-11,9.989632306718776e-11
controlled_f32_inputs,inputs/SIG-NIHDA-2067_1f828bfa/conf_003.xyz,pyr_p,0.9382725358009338,0.9382725603461237,2.4545189880598173e-08,2.6159978366567157e-08
controlled_f32_inputs,inputs/SIG-NIHDA-2067_1f828bfa/conf_004.xyz,pyr_p,0.9376227855682373,0.9376227975680264,1.1999789051309051e-08,1.2798098640981949e-08
controlled_f32_inputs,inputs/SIG-NIHDA-2067_1f828bfa/conf_005.xyz,pyr_p,0.9315826296806335,0.9315826029457068,2.6734926716898144e-08,2.8698396290743388e-08
controlled_f32_inputs,inputs/SIG-NIHDA-2067_1f828bfa/conf_006.xyz,pyr_p,0.9349253177642822,0.934925326293124,8.528841743959958e-09,9.122484442448338e-09
controlled_f32_inputs,inputs/SIG-NIHDA-2067_1f828bfa/conf_007.xyz,pyr_p,0.9338037371635437,0.9338037664787011,2.9315157412668214e-08,3.1393273902945704e-08
controlled_f32_inputs,inputs/SIG-NIHDA-2067_1f828bfa/conf_008.xyz,pyr_p,0.9405191540718079,0.9405191517610687,2.3107391555754475e-09,2.4568762382442927e-09
controlled_f32_inputs,inputs/SIG-NIHDA-2067_1f828bfa/conf_009.xyz,pyr_p,0.9431007504463196,0.9431007473252541,3.1210655171420854e-09,3.309365967521284e-09
controlled_f32_inputs,inputs/SIG-NIHDA-2067_1f828bfa/conf_010.xyz,pyr_p,0.938606321811676,0.9386063235254666,1.7137905539144072e-09,1.8258885658017923e-09
controlled_f32_inputs,inputs/SIG-NIHDA-401_9d42bff1/conf_000.xyz,pyr_p,0.9317666292190552,0.931766621807942,7.411113167599126e-09,7.953829847670506e-09
controlled_f32_inputs,inputs/SIG-NIHDA-401_9d42bff1/conf_001.xyz,pyr_p,0.9318070411682129,0.9318070245297254,1.6638487476683395e-08,1.78561515836186e-08
controlled_f32_inputs,inputs/SIG-NIHDA-401_9d42bff1/conf_002.xyz,pyr_p,0.9318071007728577,0.9318071295784808,2.8805623109029455e-08,3.091371829496538e-08
controlled_f32_inputs,inputs/SIG-NIHDA-401_9d42bff1/conf_003.xyz,pyr_p,0.9266741275787354,0.9266741242252367,3.353498700953139e-09,3.6188543666921692e-09
controlled_f32_inputs,inputs/SIG-NIHDA-401_9d42bff1/conf_004.xyz,pyr_p,0.9266758561134338,0.9266758813622197,2.524878583987089e-08,2.7246620256000412e-08
controlled_f32_inputs,inputs/SIG-NIHDA-401_9d42bff1/conf_005.xyz,pyr_p,0.9266763925552368,0.9266763871071045,5.448132278651485e-09,5.8792177662575906e-09
controlled_f32_inputs,inputs/SIG-NIHDA-498_7d70a0ce/conf_000.xyz,pyr_p,0.9400246143341064,0.9400246145083371,1.742306299234997e-10,1.8534688053315272e-10
controlled_f32_inputs,inputs/SIG-NIHDA-498_7d70a0ce/conf_001.xyz,pyr_p,0.9400250315666199,0.9400250611343826,2.956776268270289e-08,3.145422808943175e-08
controlled_f32_inputs,inputs/SIG-NIHDA-498_7d70a0ce/conf_002.xyz,pyr_p,0.9400237202644348,0.9400237451887002,2.492426542932691e-08,2.6514506209971978e-08
controlled_f32_inputs,inputs/SIG-NIHDA-498_7d70a0ce/conf_003.xyz,pyr_p,0.9400234818458557,0.940023484775124,2.9292682723891517e-09,3.1161649893139664e-09
controlled_f32_inputs,inputs/SIG-NIHDA-498_7d70a0ce/conf_004.xyz,pyr_p,0.9400233626365662,0.9400233750978556,1.24612894447651e-08,1.3256361251088986e-08
controlled_f32_inputs,inputs/SIG-NIHDA-498_7d70a0ce/conf_005.xyz,pyr_p,0.9400225281715393,0.9400225371548317,8.983292443254243e-09,9.556464965663475e-09
controlled_f32_inputs,inputs/SIG-NIHDA-498_7d70a0ce/conf_006.xyz,pyr_p,0.9400235414505005,0.9400235639382324,2.2487731898834795e-08,2.392251935113451e-08
controlled_f32_inputs,inputs/SIG-NIHDA-498_7d70a0ce/conf_007.xyz,pyr_p,0.9400245547294617,0.9400245362039448,1.8525516898293404e-08,1.9707482288817794e-08
controlled_f32_inputs,inputs/SIG-NIHDA-498_7d70a0ce/conf_008.xyz,pyr_p,0.9400243759155273,0.9400243620928517,1.382267567073825e-08,1.4704593017104064e-08
controlled_f32_inputs,inputs/SIG-NIHDA-723_1db84e66/conf_000.xyz,pyr_p,0.9476227164268494,0.9476227026811826,1.3745666715969662e-08,1.4505421490090917e-08
controlled_f32_inputs,inputs/SIG-NIHDA-723_1db84e66/conf_001.xyz,pyr_p,0.9476240873336792,0.9476240731108437,1.4222835464927641e-08,1.5008942753255693e-08
controlled_f32_inputs,inputs/SIG-NIHDA-724_0d5c5a07/conf_000.xyz,pyr_p,0.9434747099876404,0.9434746968788065,1.3108833907260475e-08,1.3894208239634818e-08
controlled_f32_inputs,inputs/SIG-NIHDA-724_0d5c5a07/conf_001.xyz,pyr_p,0.943476140499115,0.943476164542992,2.4043877000501368e-08,2.5484350219009422e-08
controlled_f32_inputs,inputs/SIG-NIHDA-785_fe24eb0f/conf_000.xyz,pyr_p,0.9352414011955261,0.9352413802145375,2.0980988613139573e-08,2.2433768497632865e-08
controlled_f32_inputs,inputs/SIG-NIHDA-785_fe24eb0f/conf_001.xyz,pyr_p,0.9352422952651978,0.9352423214294128,2.6164215016777348e-08,2.797586723490901e-08
controlled_f32_inputs,inputs/SIG-NIHDA-1057_be992081/conf_000.xyz,pyr_alpha,14.844343185424805,14.844343655764273,4.7033946870556065e-07,3.168476017617128e-08
controlled_f32_inputs,inputs/SIG-NIHDA-1058_219b0b66/conf_000.xyz,pyr_alpha,14.989654541015625,14.98965418336993,3.5764569439322713e-07,2.385950269553332e-08
controlled_f32_inputs,inputs/SIG-NIHDA-1058_219b0b66/conf_001.xyz,pyr_alpha,15.04920482635498,15.049205261735723,4.353807430135248e-07,2.8930480742430214e-08
controlled_f32_inputs,inputs/SIG-NIHDA-2062_d86f6436/conf_000.xyz,pyr_alpha,16.82419776916504,16.82419849024184,7.210768018239833e-07,4.285950396045393e-08
controlled_f32_inputs,inputs/SIG-NIHDA-2062_d86f6436/conf_001.xyz,pyr_alpha,16.94716453552246,16.947164733873322,1.9835086106922972e-07,1.1704073465030636e-08
controlled_f32_inputs,inputs/SIG-NIHDA-2062_d86f6436/conf_002.xyz,pyr_alpha,17.346614837646484,17.346614135558244,7.02088239989962e-07,4.0474079523725306e-08
controlled_f32_inputs,inputs/SIG-NIHDA-2062_d86f6436/conf_003.xyz,pyr_alpha,17.70378303527832,17.703783712313687,6.770353664364848e-07,3.824241063030948e-08
controlled_f32_inputs,inputs/SIG-NIHDA-2063_9978c6ba/conf_000.xyz,pyr_alpha,17.70769691467285,17.707696390889758,5.237830933424448e-07,2.957940331594573e-08
controlled_f32_inputs,inputs/SIG-NIHDA-2063_9978c6ba/conf_001.xyz,pyr_alpha,15.083725929260254,15.083725588964773,3.402954806830394e-07,2.2560439639129934e-08
controlled_f32_inputs,inputs/SIG-NIHDA-2063_9978c6ba/conf_002.xyz,pyr_alpha,15.083807945251465,15.08380760008781,3.4516365410297567e-07,2.2883058658277123e-08
controlled_f32_inputs,inputs/SIG-NIHDA-2063_9978c6ba/conf_003.xyz,pyr_alpha,15.083747863769531,15.083747976041574,1.1227204232966415e-07,7.443245704449093e-09
controlled_f32_inputs,inputs/SIG-NIHDA-2063_9978c6ba/conf_004.xyz,pyr_alpha,15.30105972290039,15.301059364977037,3.579233531780801e-07,2.3392063558510168e-08
controlled_f32_inputs,inputs/SIG-NIHDA-2064_f0ba08d0/conf_000.xyz,pyr_alpha,17.122283935546875,17.1222831957073,7.398395744928621e-07,4.320916585927898e-08
controlled_f32_inputs,inputs/SIG-NIHDA-2064_f0ba08d0/conf_001.xyz,pyr_alpha,18.21673583984375,18.21673650671962,6.66875870081185e-07,3.660786715750069e-08
controlled_f32_inputs,inputs/SIG-NIHDA-2064_f0ba08d0/conf_002.xyz,pyr_alpha,18.216894149780273,18.216895082088463,9.323081897605334e-07,5.1178215912173416e-08
controlled_f32_inputs,inputs/SIG-NIHDA-2064_f0ba08d0/conf_003.xyz,pyr_alpha,18.21706199645996,18.217061760903626,2.3555633532623688e-07,1.2930533936695206e-08
controlled_f32_inputs,inputs/SIG-NIHDA-2064_f0ba08d0/conf_004.xyz,pyr_alpha,19.649866104125977,19.649866847690085,7.435641080633104e-07,3.784066903998991e-08
controlled_f32_inputs,inputs/SIG-NIHDA-2064_f0ba08d0/conf_005.xyz,pyr_alpha,19.650455474853516,19.650454733835026,7.410184892364668e-07,3.770999191996042e-08
controlled_f32_inputs,inputs/SIG-NIHDA-2064_f0ba08d0/conf_006.xyz,pyr_alpha,19.135501861572266,19.13550141963742,4.41934844275238e-07,2.3095022941061337e-08
controlled_f32_inputs,inputs/SIG-NIHDA-2064_f0ba08d0/conf_007.xyz,pyr_alpha,19.135623931884766,19.13562419605041,2.6416564580244994e-07,1.3804913970717175e-08
controlled_f32_inputs,inputs/SIG-NIHDA-2064_f0ba08d0/conf_008.xyz,pyr_alpha,19.13535499572754,19.135355429908884,4.341813450992049e-07,2.2690006814327167e-08
controlled_f32_inputs,inputs/SIG-NIHDA-2064_f0ba08d0/conf_009.xyz,pyr_alpha,19.135704040527344,19.13570324822344,7.923039042623259e-07,4.140448323141108e-08
controlled_f32_inputs,inputs/SIG-NIHDA-2064_f0ba08d0/conf_010.xyz,pyr_alpha,17.371408462524414,17.371408564313747,1.0178933251836497e-07,5.859590035057479e-09
controlled_f32_inputs,inputs/SIG-NIHDA-2064_f0ba08d0/conf_011.xyz,pyr_alpha,17.37152099609375,17.371520657821964,3.382717856936779e-07,1.9472779174422044e-08
controlled_f32_inputs,inputs/SIG-NIHDA-2067_1f828bfa/conf_000.xyz,pyr_alpha,17.20460319519043,17.204602342432274,8.527581556450059e-07,4.956569984426903e-08
controlled_f32_inputs,inputs/SIG-NIHDA-2067_1f828bfa/conf_001.xyz,pyr_alpha,17.20456886291504,17.204568095151473,7.677635665004345e-07,4.46255646903919e-08
controlled_f32_inputs,inputs/SIG-NIHDA-2067_1f828bfa/conf_002.xyz,pyr_alpha,17.164438247680664,17.16443737964938,8.680312824083103e-07,5.057149635661647e-08
controlled_f32_inputs,inputs/SIG-NIHDA-2067_1f828bfa/conf_003.xyz,pyr_alpha,17.166770935058594,17.166770016871983,9.18186611187366e-07,5.348627670114684e-08
controlled_f32_inputs,inputs/SIG-NIHDA-2067_1f828bfa/conf_004.xyz,pyr_alpha,17.25609588623047,17.25609554950607,3.3672439769816265e-07,1.951335959702662e-08
controlled_f32_inputs,inputs/SIG-NIHDA-2067_1f828bfa/conf_005.xyz,pyr_alpha,18.120527267456055,18.120526335205795,9.322502592112869e-07,5.1447195405138284e-08
controlled_f32_inputs,inputs/SIG-NIHDA-2067_1f828bfa/conf_006.xyz,pyr_alpha,17.662944793701172,17.662943906711988,8.869891843232836e-07,5.0217516910429874e-08
controlled_f32_inputs,inputs/SIG-NIHDA-2067_1f828bfa/conf_007.xyz,pyr_alpha,17.811681747436523,17.811682344509947,5.970734235916098e-07,3.3521450250635326e-08
controlled_f32_inputs,inputs/SIG-NIHDA-2067_1f828bfa/conf_008.xyz,pyr_alpha,16.84098243713379,16.84098175450048,6.826333098786108e-07,4.053405673313482e-08
controlled_f32_inputs,inputs/SIG-NIHDA-2067_1f828bfa/conf_009.xyz,pyr_alpha,16.396879196166992,16.396879321651767,1.2548477457130502e-07,7.652966891425783e-09
controlled_f32_inputs,inputs/SIG-NIHDA-2067_1f828bfa/conf_010.xyz,pyr_alpha,17.0878963470459,17.08789586375987,4.83286029862029e-07,2.828236043309378e-08
controlled_f32_inputs,inputs/SIG-NIHDA-401_9d42bff1/conf_000.xyz,pyr_alpha,17.104389190673828,17.104389086660685,1.0401314298746911e-07,6.081079099667263e-09
controlled_f32_inputs,inputs/SIG-NIHDA-401_9d42bff1/conf_001.xyz,pyr_alpha,17.09940528869629,17.099405074456815,2.1423947416110423e-07,1.2529060118070209e-08
controlled_f32_inputs,inputs/SIG-NIHDA-401_9d42bff1/conf_002.xyz,pyr_alpha,17.09938621520996,17.09938677526991,5.60059948639946e-07,3.2753218346399185e-08
controlled_f32_inputs,inputs/SIG-NIHDA-401_9d42bff1/conf_003.xyz,pyr_alpha,17.769479751586914,17.769479297336062,4.542508520444244e-07,2.556354322169272e-08
controlled_f32_inputs,inputs/SIG-NIHDA-401_9d42bff1/conf_004.xyz,pyr_alpha,17.76937484741211,17.769375176965525,3.295534156677604e-07,1.8546145398233314e-08
controlled_f32_inputs,inputs/SIG-NIHDA-401_9d42bff1/conf_005.xyz,pyr_alpha,17.769309997558594,17.769310336242132,3.386835381036235e-07,1.9060027187034237e-08
controlled_f32_inputs,inputs/SIG-NIHDA-498_7d70a0ce/conf_000.xyz,pyr_alpha,16.921497344970703,16.921498164793313,8.198226097988481e-07,4.844858308731565e-08
controlled_f32_inputs,inputs/SIG-NIHDA-498_7d70a0ce/conf_001.xyz,pyr_alpha,16.921432495117188,16.921432691665427,1.965482390176021e-07,1.16153426603417e-08
controlled_f32_inputs,inputs/SIG-NIHDA-498_7d70a0ce/conf_002.xyz,pyr_alpha,16.9216251373291,16.921625715989173,5.78660070971182e-07,3.4196482104222916e-08
controlled_f32_inputs,inputs/SIG-NIHDA-498_7d70a0ce/conf_003.xyz,pyr_alpha,16.92166519165039,16.921665619960798,4.2831040758528616e-07,2.5311362203023984e-08
controlled_f32_inputs,inputs/SIG-NIHDA-498_7d70a0ce/conf_004.xyz,pyr_alpha,16.921682357788086,16.92168208136903,2.764190547566159e-07,1.6335199623030175e-08
controlled_f32_inputs,inputs/SIG-NIHDA-498_7d70a0ce/conf_005.xyz,pyr_alpha,16.92180633544922,16.921806192007512,1.434417065127036e-07,8.476737346185528e-09
controlled_f32_inputs,inputs/SIG-NIHDA-498_7d70a0ce/conf_006.xyz,pyr_alpha,16.92165184020996,16.92165239260735,5.523973882759492e-07,3.2644411754804625e-08
controlled_f32_inputs,inputs/SIG-NIHDA-498_7d70a0ce/conf_007.xyz,pyr_alpha,16.9215087890625,16.921509387217167,5.981546671307569e-07,3.5348777313128724e-08
controlled_f32_inputs,inputs/SIG-NIHDA-498_7d70a0ce/conf_008.xyz,pyr_alpha,16.921533584594727,16.921533881423326,2.968285990334607e-07,1.7541471187746338e-08
controlled_f32_inputs,inputs/SIG-NIHDA-723_1db84e66/conf_000.xyz,pyr_alpha,14.872562408447266,14.872562537672405,1.292251390339061e-07,8.688828082354809e-09
controlled_f32_inputs,inputs/SIG-NIHDA-723_1db84e66/conf_001.xyz,pyr_alpha,14.872349739074707,14.872350187133852,4.4805914534151725e-07,3.012698999846948e-08
controlled_f32_inputs,inputs/SIG-NIHDA-724_0d5c5a07/conf_000.xyz,pyr_alpha,15.42654037475586,15.426540274974453,9.978140624866683e-08,6.468164894401902e-09
controlled_f32_inputs,inputs/SIG-NIHDA-724_0d5c5a07/conf_001.xyz,pyr_alpha,15.426349639892578,15.426349981313038,3.4142045990392944e-07,2.2132290549450436e-08
controlled_f32_inputs,inputs/SIG-NIHDA-785_fe24eb0f/conf_000.xyz,pyr_alpha,17.621997833251953,17.62199691680486,9.164470924361012e-07,5.200585931110622e-08
controlled_f32_inputs,inputs/SIG-NIHDA-785_fe24eb0f/conf_001.xyz,pyr_alpha,17.621862411499023,17.62186169722904,7.142699836037991e-07,4.053317384258639e-08
controlled_f32_inputs,inputs/SIG-NIHDA-1057_be992081/conf_000.xyz,buried_volume,85.16978454589844,85.16979068540967,6.1395112282980335e-06,7.208555027422166e-08
controlled_f32_inputs,inputs/SIG-NIHDA-1058_219b0b66/conf_000.xyz,buried_volume,92.40034484863281,92.40034496968262,1.2104980839922064e-07,1.310057970443056e-09
controlled_f32_inputs,inputs/SIG-NIHDA-1058_219b0b66/conf_001.xyz,buried_volume,91.49506378173828,91.49506869443512,4.91269683777773e-06,5.3693569586625475e-08
controlled_f32_inputs,inputs/SIG-NIHDA-2062_d86f6436/conf_000.xyz,buried_volume,65.22262573242188,65.22263018274585,4.450323970672798e-06,6.823281977748419e-08
controlled_f32_inputs,inputs/SIG-NIHDA-2062_d86f6436/conf_001.xyz,buried_volume,53.50843048095703,53.508432887161256,2.4062042243144788e-06,4.4968691746003656e-08
controlled_f32_inputs,inputs/SIG-NIHDA-2062_d86f6436/conf_002.xyz,buried_volume,67.33235168457031,67.33235128772179,3.968485202676675e-07,5.893875866177181e-09
controlled_f32_inputs,inputs/SIG-NIHDA-2062_d86f6436/conf_003.xyz,buried_volume,70.2035903930664,70.20359234955829,1.956491885835021e-06,2.786882865043773e-08
controlled_f32_inputs,inputs/SIG-NIHDA-2063_9978c6ba/conf_000.xyz,buried_volume,47.60276794433594,47.602767915589574,2.8746363511800155e-08,6.038800845105043e-10
controlled_f32_inputs,inputs/SIG-NIHDA-2063_9978c6ba/conf_001.xyz,buried_volume,46.84901428222656,46.84901857053372,4.288307160038585e-06,9.153462102055153e-08
controlled_f32_inputs,inputs/SIG-NIHDA-2063_9978c6ba/conf_002.xyz,buried_volume,46.84901428222656,46.84901857053372,4.288307160038585e-06,9.153462102055153e-08
controlled_f32_inputs,inputs/SIG-NIHDA-2063_9978c6ba/conf_003.xyz,buried_volume,46.84124755859375,46.84124795872902,4.001352706950456e-07,8.542369986546849e-09
controlled_f32_inputs,inputs/SIG-NIHDA-2063_9978c6ba/conf_004.xyz,buried_volume,47.36964797973633,47.36964956144859,1.581712261611301e-06,3.33908373031023e-08
controlled_f32_inputs,inputs/SIG-NIHDA-2064_f0ba08d0/conf_000.xyz,buried_volume,48.908226013183594,48.90823069877911,4.685595513365115e-06,9.580382374130907e-08
controlled_f32_inputs,inputs/SIG-NIHDA-2064_f0ba08d0/conf_001.xyz,buried_volume,54.56523513793945,54.5652360926004,9.54660947627417e-07,1.7495772326675203e-08
controlled_f32_inputs,inputs/SIG-NIHDA-2064_f0ba08d0/conf_002.xyz,buried_volume,54.56523513793945,54.5652360926004,9.54660947627417e-07,1.7495772326675203e-08
controlled_f32_inputs,inputs/SIG-NIHDA-2064_f0ba08d0/conf_003.xyz,buried_volume,54.56135177612305,54.56135078669805,9.894249970443525e-07,1.8134173417230944e-08
controlled_f32_inputs,inputs/SIG-NIHDA-2064_f0ba08d0/conf_004.xyz,buried_volume,50.45458221435547,50.454582447914326,2.3355885758746808e-07,4.629091080648173e-09
controlled_f32_inputs,inputs/SIG-NIHDA-2064_f0ba08d0/conf_005.xyz,buried_volume,50.45458221435547,50.454582447914326,2.3355885758746808e-07,4.629091080648173e-09
controlled_f32_inputs,inputs/SIG-NIHDA-2064_f0ba08d0/conf_006.xyz,buried_volume,50.540061950683594,50.54005917776602,2.7729175755553115e-06,5.4865736618986695e-08
controlled_f32_inputs,inputs/SIG-NIHDA-2064_f0ba08d0/conf_007.xyz,buried_volume,50.540061950683594,50.54005917776602,2.7729175755553115e-06,5.4865736618986695e-08
controlled_f32_inputs,inputs/SIG-NIHDA-2064_f0ba08d0/conf_008.xyz,buried_volume,50.540061950683594,50.54005917776602,2.7729175755553115e-06,5.4865736618986695e-08
controlled_f32_inputs,inputs/SIG-NIHDA-2064_f0ba08d0/conf_009.xyz,buried_volume,50.540061950683594,50.54005917776602,2.7729175755553115e-06,5.4865736618986695e-08
controlled_f32_inputs,inputs/SIG-NIHDA-2064_f0ba08d0/conf_010.xyz,buried_volume,49.230712890625,49.230711088674134,1.8019508658539962e-06,3.660217019023614e-08
controlled_f32_inputs,inputs/SIG-NIHDA-2064_f0ba08d0/conf_011.xyz,buried_volume,49.234596252441406,49.23459639457649,1.4213508592320068e-07,2.8868945077583246e-09
controlled_f32_inputs,inputs/SIG-NIHDA-2067_1f828bfa/conf_000.xyz,buried_volume,76.62211608886719,76.62211770024014,1.6113729515154773e-06,2.10301281128703e-08
controlled_f32_inputs,inputs/SIG-NIHDA-2067_1f828bfa/conf_001.xyz,buried_volume,76.62211608886719,76.62211770024014,1.6113729515154773e-06,2.10301281128703e-08
controlled_f32_inputs,inputs/SIG-NIHDA-2067_1f828bfa/conf_002.xyz,buried_volume,75.13793182373047,75.1379308455425,9.781879697356999e-07,1.3018564109071818e-08
controlled_f32_inputs,inputs/SIG-NIHDA-2067_1f828bfa/conf_003.xyz,buried_volume,75.13015747070312,75.13016023373781,2.7630346863816158e-06,3.677663774156111e-08
controlled_f32_inputs,inputs/SIG-NIHDA-2067_1f828bfa/conf_004.xyz,buried_volume,71.16714477539062,71.16714821334102,3.4379503972559178e-06,4.830810962032392e-08
controlled_f32_inputs,inputs/SIG-NIHDA-2067_1f828bfa/conf_005.xyz,buried_volume,61.6598014831543,61.6598046702911,3.1871368051383797e-06,5.1689051273852065e-08
controlled_f32_inputs,inputs/SIG-NIHDA-2067_1f828bfa/conf_006.xyz,buried_volume,63.15952682495117,63.15953274859812,5.923646945404926e-06,9.378864420963288e-08
controlled_f32_inputs,inputs/SIG-NIHDA-2067_1f828bfa/conf_007.xyz,buried_volume,61.05369567871094,61.05369694952454,1.270813605458443e-06,2.081468721720609e-08
controlled_f32_inputs,inputs/SIG-NIHDA-2067_1f828bfa/conf_008.xyz,buried_volume,76.2491226196289,76.24912833361456,5.713985657962439e-06,7.493837349801438e-08
controlled_f32_inputs,inputs/SIG-NIHDA-2067_1f828bfa/conf_009.xyz,buried_volume,55.89789581298828,55.897896017106376,2.041180948708643e-07,3.651623932471416e-09
controlled_f32_inputs,inputs/SIG-NIHDA-2067_1f828bfa/conf_010.xyz,buried_volume,76.64154052734375,76.64154422975189,3.7024081365188977e-06,4.830810983426976e-08
controlled_f32_inputs,inputs/SIG-NIHDA-401_9d42bff1/conf_000.xyz,buried_volume,43.56204605102539,43.5620497771458,3.726120411329248e-06,8.553592933278597e-08
controlled_f32_inputs,inputs/SIG-NIHDA-401_9d42bff1/conf_001.xyz,buried_volume,43.558162689208984,43.55816447124345,1.7820344666574783e-06,4.0911606085558424e-08
controlled_f32_inputs,inputs/SIG-NIHDA-401_9d42bff1/conf_002.xyz,buried_volume,43.558162689208984,43.55816447124345,1.7820344666574783e-06,4.0911606085558424e-08
controlled_f32_inputs,inputs/SIG-NIHDA-401_9d42bff1/conf_003.xyz,buried_volume,45.62514877319336,45.625147211293545,1.5618998148170249e-06,3.423331014328014e-08
controlled_f32_inputs,inputs/SIG-NIHDA-401_9d42bff1/conf_004.xyz,buried_volume,45.62514877319336,45.625147211293545,1.5618998148170249e-06,3.423331014328014e-08
controlled_f32_inputs,inputs/SIG-NIHDA-401_9d42bff1/conf_005.xyz,buried_volume,45.62514877319336,45.625147211293545,1.5618998148170249e-06,3.423331014328014e-08
controlled_f32_inputs,inputs/SIG-NIHDA-498_7d70a0ce/conf_000.xyz,buried_volume,53.07716369628906,53.077163932000424,2.3571136154032502e-07,4.440918543468253e-09
controlled_f32_inputs,inputs/SIG-NIHDA-498_7d70a0ce/conf_001.xyz,buried_volume,53.07716369628906,53.077163932000424,2.3571136154032502e-07,4.440918543468253e-09
controlled_f32_inputs,inputs/SIG-NIHDA-498_7d70a0ce/conf_002.xyz,buried_volume,53.07716369628906,53.077163932000424,2.3571136154032502e-07,4.440918543468253e-09
controlled_f32_inputs,inputs/SIG-NIHDA-498_7d70a0ce/conf_003.xyz,buried_volume,53.07716369628906,53.077163932000424,2.3571136154032502e-07,4.440918543468253e-09
controlled_f32_inputs,inputs/SIG-NIHDA-498_7d70a0ce/conf_004.xyz,buried_volume,53.07716369628906,53.077163932000424,2.3571136154032502e-07,4.440918543468253e-09
controlled_f32_inputs,inputs/SIG-NIHDA-498_7d70a0ce/conf_005.xyz,buried_volume,53.07716369628906,53.077163932000424,2.3571136154032502e-07,4.440918543468253e-09
controlled_f32_inputs,inputs/SIG-NIHDA-498_7d70a0ce/conf_006.xyz,buried_volume,53.07716369628906,53.077163932000424,2.3571136154032502e-07,4.440918543468253e-09
controlled_f32_inputs,inputs/SIG-NIHDA-498_7d70a0ce/conf_007.xyz,buried_volume,53.07716369628906,53.077163932000424,2.3571136154032502e-07,4.440918543468253e-09
controlled_f32_inputs,inputs/SIG-NIHDA-498_7d70a0ce/conf_008.xyz,buried_volume,53.07716369628906,53.077163932000424,2.3571136154032502e-07,4.440918543468253e-09
controlled_f32_inputs,inputs/SIG-NIHDA-723_1db84e66/conf_000.xyz,buried_volume,80.52296447753906,80.52296482619931,3.486602508928627e-07,4.329948004838254e-09
controlled_f32_inputs,inputs/SIG-NIHDA-723_1db84e66/conf_001.xyz,buried_volume,80.53073120117188,80.53073543800402,4.236832140236402e-06,5.2611367786378845e-08
controlled_f32_inputs,inputs/SIG-NIHDA-724_0d5c5a07/conf_000.xyz,buried_volume,75.77123260498047,75.77123570762552,3.102645052877051e-06,4.094753139369489e-08
controlled_f32_inputs,inputs/SIG-NIHDA-724_0d5c5a07/conf_001.xyz,buried_volume,75.7751235961914,75.77512101352788,2.582663526595752e-06,3.408326495624702e-08
controlled_f32_inputs,inputs/SIG-NIHDA-785_fe24eb0f/conf_000.xyz,buried_volume,47.53671646118164,47.53671771524963,1.2540679890093998e-06,2.6381038685115163e-08
controlled_f32_inputs,inputs/SIG-NIHDA-785_fe24eb0f/conf_001.xyz,buried_volume,47.53671646118164,47.53671771524963,1.2540679890093998e-06,2.6381038685115163e-08
controlled_f32_inputs,inputs/SIG-NIHDA-1057_be992081/conf_000.xyz,percent_buried_volume,47.42341232299805,47.42341640706127,4.08406322094379e-06,8.6119127012867e-08
controlled_f32_inputs,inputs/SIG-NIHDA-1058_219b0b66/conf_000.xyz,percent_buried_volume,51.449466705322266,51.44946348217377,3.2231484965450363e-06,6.264688256004446e-08
controlled_f32_inputs,inputs/SIG-NIHDA-1058_219b0b66/conf_001.xyz,percent_buried_volume,50.945396423339844,50.94539633091034,9.242950227417168e-08,1.8142856652602287e-09
controlled_f32_inputs,inputs/SIG-NIHDA-2062_d86f6436/conf_000.xyz,percent_buried_volume,36.31663131713867,36.31663205261336,7.35474685598092e-07,2.025173161796998e-08
controlled_f32_inputs,inputs/SIG-NIHDA-2062_d86f6436/conf_001.xyz,percent_buried_volume,29.79404640197754,29.794046382831425,1.9146114027535077e-08,6.426154333493912e-10
controlled_f32_inputs,inputs/SIG-NIHDA-2062_d86f6436/conf_002.xyz,percent_buried_volume,37.49134826660156,37.491346486673585,1.7799279774521892e-06,4.7475701575158686e-08
controlled_f32_inputs,inputs/SIG-NIHDA-2062_d86f6436/conf_003.xyz,percent_buried_volume,39.09008026123047,39.09008307372793,2.812497463366981e-06,7.19491298614618e-08
controlled_f32_inputs,inputs/SIG-NIHDA-2063_9978c6ba/conf_000.xyz,percent_buried_volume,26.505712509155273,26.50571131879543,1.1903598426954431e-06,4.4909560372799676e-08
controlled_f32_inputs,inputs/SIG-NIHDA-2063_9978c6ba/conf_001.xyz,percent_buried_volume,26.086013793945312,26.086015922464522,2.128519209776414e-06,8.159617843150186e-08
controlled_f32_inputs,inputs/SIG-NIHDA-2063_9978c6ba/conf_002.xyz,percent_buried_volume,26.086013793945312,26.086015922464522,2.128519209776414e-06,8.159617843150186e-08
controlled_f32_inputs,inputs/SIG-NIHDA-2063_9978c6ba/conf_003.xyz,percent_buried_volume,26.081689834594727,26.08168916580132,6.687934082094671e-07,2.564225821257001e-08
controlled_f32_inputs,inputs/SIG-NIHDA-2063_9978c6ba/conf_004.xyz,percent_buried_volume,26.37590789794922,26.375908618899274,7.209500552107784e-07,2.7333657605038564e-08
controlled_f32_inputs,inputs/SIG-NIHDA-2064_f0ba08d0/conf_000.xyz,percent_buried_volume,27.23260498046875,27.232606438213917,1.4577451672437292e-06,5.352940309078021e-08
controlled_f32_inputs,inputs/SIG-NIHDA-2064_f0ba08d0/conf_001.xyz,percent_buried_volume,30.382484436035156,30.382485289027347,8.529921906585969e-07,2.8075128895615908e-08
controlled_f32_inputs,inputs/SIG-NIHDA-2064_f0ba08d0/conf_002.xyz,percent_buried_volume,30.382484436035156,30.382485289027347,8.529921906585969e-07,2.8075128895615908e-08
controlled_f32_inputs,inputs/SIG-NIHDA-2064_f0ba08d0/conf_003.xyz,percent_buried_volume,30.38032341003418,30.380321910695745,1.4993384347405936e-06,4.935228925973737e-08
controlled_f32_inputs,inputs/SIG-NIHDA-2064_f0ba08d0/conf_004.xyz,percent_buried_volume,28.0936336517334,28.09363101419176,2.637541637540153e-06,9.388397093304792e-08
controlled_f32_inputs,inputs/SIG-NIHDA-2064_f0ba08d0/conf_005.xyz,percent_buried_volume,28.0936336517334,28.09363101419176,2.637541637540153e-06,9.388397093304792e-08
controlled_f32_inputs,inputs/SIG-NIHDA-2064_f0ba08d0/conf_006.xyz,percent_buried_volume,28.14122772216797,28.14122533748702,2.384680950484608e-06,8.473976956888109e-08
controlled_f32_inputs,inputs/SIG-NIHDA-2064_f0ba08d0/conf_007.xyz,percent_buried_volume,28.14122772216797,28.14122533748702,2.384680950484608e-06,8.473976956888109e-08
controlled_f32_inputs,inputs/SIG-NIHDA-2064_f0ba08d0/conf_008.xyz,percent_buried_volume,28.14122772216797,28.14122533748702,2.384680950484608e-06,8.473976956888109e-08
controlled_f32_inputs,inputs/SIG-NIHDA-2064_f0ba08d0/conf_009.xyz,percent_buried_volume,28.14122772216797,28.14122533748702,2.384680950484608e-06,8.473976956888109e-08
controlled_f32_inputs,inputs/SIG-NIHDA-2064_f0ba08d0/conf_010.xyz,percent_buried_volume,27.412166595458984,27.41216683973693,2.442779454270294e-07,8.911296463908933e-09
controlled_f32_inputs,inputs/SIG-NIHDA-2064_f0ba08d0/conf_011.xyz,percent_buried_volume,27.414331436157227,27.41433021806854,1.2180886876933528e-06,4.443255326699616e-08
controlled_f32_inputs,inputs/SIG-NIHDA-2067_1f828bfa/conf_000.xyz,percent_buried_volume,42.66398620605469,42.66398407753548,2.1285192062237e-06,4.989030565817368e-08
controlled_f32_inputs,inputs/SIG-NIHDA-2067_1f828bfa/conf_001.xyz,percent_buried_volume,42.66398620605469,42.66398407753548,2.1285192062237e-06,4.989030565817368e-08
controlled_f32_inputs,inputs/SIG-NIHDA-2067_1f828bfa/conf_002.xyz,percent_buried_volume,41.83757781982422,41.837573554863276,4.264960942634843e-06,1.0194092487323697e-07
controlled_f32_inputs,inputs/SIG-NIHDA-2067_1f828bfa/conf_003.xyz,percent_buried_volume,41.83324432373047,41.83324679820007,2.4744696034417757e-06,5.9150790168843475e-08
controlled_f32_inputs,inputs/SIG-NIHDA-2067_1f828bfa/conf_004.xyz,percent_buried_volume,39.62660217285156,39.62660089996538,1.2728861804589542e-06,3.2122012778039366e-08
controlled_f32_inputs,inputs/SIG-NIHDA-2067_1f828bfa/conf_005.xyz,percent_buried_volume,34.33281326293945,34.332814122533755,8.595943015166085e-07,2.5037105855893956e-08
controlled_f32_inputs,inputs/SIG-NIHDA-2067_1f828bfa/conf_006.xyz,percent_buried_volume,35.167877197265625,35.16787815853237,9.612667426495136e-07,2.7333657672386266e-08
controlled_f32_inputs,inputs/SIG-NIHDA-2067_1f828bfa/conf_007.xyz,percent_buried_volume,33.99532699584961,33.99532710280374,1.0695413266148535e-07,3.146142184131665e-09
controlled_f32_inputs,inputs/SIG-NIHDA-2067_1f828bfa/conf_008.xyz,percent_buried_volume,42.456298828125,42.45629975770163,9.295766290051688e-07,2.1894904509113336e-08
controlled_f32_inputs,inputs/SIG-NIHDA-2067_1f828bfa/conf_009.xyz,percent_buried_volume,31.124523162841797,31.124524056767047,8.939252502671025e-07,2.872092915016789e-08
controlled_f32_inputs,inputs/SIG-NIHDA-2067_1f828bfa/conf_010.xyz,percent_buried_volume,42.674800872802734,42.67480096919349,9.639075670975217e-08,2.2587277391014825e-09
controlled_f32_inputs,inputs/SIG-NIHDA-401_9d42bff1/conf_000.xyz,percent_buried_volume,24.255796432495117,24.255797853928694,1.4214335770645903e-06,5.860180669482128e-08
controlled_f32_inputs,inputs/SIG-NIHDA-401_9d42bff1/conf_001.xyz,percent_buried_volume,24.253633499145508,24.253634475597092,9.764515844778998e-07,4.026001074026085e-08
controlled_f32_inputs,inputs/SIG-NIHDA-401_9d42bff1/conf_002.xyz,percent_buried_volume,24.253633499145508,24.253634475597092,9.764515844778998e-07,4.026001074026085e-08
controlled_f32_inputs,inputs/SIG-NIHDA-401_9d42bff1/conf_003.xyz,percent_buried_volume,25.40455436706543,25.404551748009695,2.6190557349536903e-06,1.0309395579707005e-07
controlled_f32_inputs,inputs/SIG-NIHDA-401_9d42bff1/conf_004.xyz,percent_buried_volume,25.40455436706543,25.404551748009695,2.6190557349536903e-06,1.0309395579707005e-07
controlled_f32_inputs,inputs/SIG-NIHDA-401_9d42bff1/conf_005.xyz,percent_buried_volume,25.40455436706543,25.404551748009695,2.6190557349536903e-06,1.0309395579707005e-07
controlled_f32_inputs,inputs/SIG-NIHDA-498_7d70a0ce/conf_000.xyz,percent_buried_volume,29.553911209106445,29.553911388023536,1.7891709092054953e-07,6.053922561094709e-09
controlled_f32_inputs,inputs/SIG-NIHDA-498_7d70a0ce/conf_001.xyz,percent_buried_volume,29.553911209106445,29.553911388023536,1.7891709092054953e-07,6.053922561094709e-09
controlled_f32_inputs,inputs/SIG-NIHDA-498_7d70a0ce/conf_002.xyz,percent_buried_volume,29.553911209106445,29.553911388023536,1.7891709092054953e-07,6.053922561094709e-09
controlled_f32_inputs,inputs/SIG-NIHDA-498_7d70a0ce/conf_003.xyz,percent_buried_volume,29.553911209106445,29.553911388023536,1.7891709092054953e-07,6.053922561094709e-09
controlled_f32_inputs,inputs/SIG-NIHDA-498_7d70a0ce/conf_004.xyz,percent_buried_volume,29.553911209106445,29.553911388023536,1.7891709092054953e-07,6.053922561094709e-09
controlled_f32_inputs,inputs/SIG-NIHDA-498_7d70a0ce/conf_005.xyz,percent_buried_volume,29.553911209106445,29.553911388023536,1.7891709092054953e-07,6.053922561094709e-09
controlled_f32_inputs,inputs/SIG-NIHDA-498_7d70a0ce/conf_006.xyz,percent_buried_volume,29.553911209106445,29.553911388023536,1.7891709092054953e-07,6.053922561094709e-09
controlled_f32_inputs,inputs/SIG-NIHDA-498_7d70a0ce/conf_007.xyz,percent_buried_volume,29.553911209106445,29.553911388023536,1.7891709092054953e-07,6.053922561094709e-09
controlled_f32_inputs,inputs/SIG-NIHDA-498_7d70a0ce/conf_008.xyz,percent_buried_volume,29.553911209106445,29.553911388023536,1.7891709092054953e-07,6.053922561094709e-09
controlled_f32_inputs,inputs/SIG-NIHDA-723_1db84e66/conf_000.xyz,percent_buried_volume,44.83601760864258,44.836015922464526,1.6861780522958725e-06,3.760766913839537e-08
controlled_f32_inputs,inputs/SIG-NIHDA-723_1db84e66/conf_001.xyz,percent_buried_volume,44.8403434753418,44.84034267912773,7.962140671224915e-07,1.7756645456974018e-08
controlled_f32_inputs,inputs/SIG-NIHDA-724_0d5c5a07/conf_000.xyz,percent_buried_volume,42.19020462036133,42.1902042229145,3.974468256728869e-07,9.42035794785331e-09
controlled_f32_inputs,inputs/SIG-NIHDA-724_0d5c5a07/conf_001.xyz,percent_buried_volume,42.1923713684082,42.192367601246104,3.7671620987111964e-06,8.928539242722984e-08
controlled_f32_inputs,inputs/SIG-NIHDA-785_fe24eb0f/conf_000.xyz,percent_buried_volume,26.46893310546875,26.468933887158187,7.816894367351779e-07,2.953233553220013e-08
controlled_f32_inputs,inputs/SIG-NIHDA-785_fe24eb0f/conf_001.xyz,percent_buried_volume,26.46893310546875,26.468933887158187,7.816894367351779e-07,2.953233553220013e-08
controlled_f32_inputs,inputs/SIG-NIHDA-1057_be992081/conf_000.xyz,qvbur_min,12.401896476745605,12.401896440300519,3.644508694833348e-08,2.938670478645793e-09
controlled_f32_inputs,inputs/SIG-NIHDA-1058_219b0b66/conf_000.xyz,qvbur_min,14.604864120483398,14.604864886932846,7.664494479087125e-07,5.24790509081987e-08
controlled_f32_inputs,inputs/SIG-NIHDA-1058_219b0b66/conf_001.xyz,qvbur_min,14.86129379272461,14.861295076487933,1.2837633232010148e-06,8.63830047511847e-08
controlled_f32_inputs,inputs/SIG-NIHDA-2062_d86f6436/conf_000.xyz,qvbur_min,9.802626609802246,9.80262679162851,1.8182626426721527e-07,1.8548728634909956e-08
controlled_f32_inputs,inputs/SIG-NIHDA-2062_d86f6436/conf_001.xyz,qvbur_min,9.744346618652344,9.744347203093264,5.844409205479906e-07,5.997743187583304e-08
controlled_f32_inputs,inputs/SIG-NIHDA-2062_d86f6436/conf_002.xyz,qvbur_min,10.746755599975586,10.746756125899507,5.259239213017963e-07,4.893792276855788e-08
controlled_f32_inputs,inputs/SIG-NIHDA-2062_d86f6436/conf_003.xyz,qvbur_min,10.29217529296875,10.292175335324583,4.2355832619023204e-08,4.115343087252938e-09
controlled_f32_inputs,inputs/SIG-NIHDA-2063_9978c6ba/conf_000.xyz,qvbur_min,9.359701156616211,9.359701918760635,7.621444240157871e-07,8.142827951477182e-08
controlled_f32_inputs,inputs/SIG-NIHDA-2063_9978c6ba/conf_001.xyz,qvbur_min,9.709379196166992,9.709379449972115,2.538051226963489e-07,2.614020020579975e-08
controlled_f32_inputs,inputs/SIG-NIHDA-2063_9978c6ba/conf_002.xyz,qvbur_min,9.709379196166992,9.709379449972115,2.538051226963489e-07,2.614020020579975e-08
controlled_f32_inputs,inputs/SIG-NIHDA-2063_9978c6ba/conf_003.xyz,qvbur_min,9.709379196166992,9.709379449972115,2.538051226963489e-07,2.614020020579975e-08
controlled_f32_inputs,inputs/SIG-NIHDA-2063_9978c6ba/conf_004.xyz,qvbur_min,9.756002426147461,9.756003120800314,6.946528525730855e-07,7.120260663837315e-08
controlled_f32_inputs,inputs/SIG-NIHDA-2064_f0ba08d0/conf_000.xyz,qvbur_min,9.278109550476074,9.27811049481129,9.443352162463725e-07,1.0178098404567228e-07
controlled_f32_inputs,inputs/SIG-NIHDA-2064_f0ba08d0/conf_001.xyz,qvbur_min,9.767659187316895,9.767659038507361,1.488095335844264e-07,1.523492302482813e-08
controlled_f32_inputs,inputs/SIG-NIHDA-2064_f0ba08d0/conf_002.xyz,qvbur_min,9.767659187316895,9.767659038507361,1.488095335844264e-07,1.523492302482813e-08
controlled_f32_inputs,inputs/SIG-NIHDA-2064_f0ba08d0/conf_003.xyz,qvbur_min,9.767659187316895,9.767659038507361,1.488095335844264e-07,1.523492302482813e-08
controlled_f32_inputs,inputs/SIG-NIHDA-2064_f0ba08d0/conf_004.xyz,qvbur_min,9.767659187316895,9.767659038507361,1.488095335844264e-07,1.523492302482813e-08
controlled_f32_inputs,inputs/SIG-NIHDA-2064_f0ba08d0/conf_005.xyz,qvbur_min,9.767659187316895,9.767659038507361,1.488095335844264e-07,1.523492302482813e-08
controlled_f32_inputs,inputs/SIG-NIHDA-2064_f0ba08d0/conf_006.xyz,qvbur_min,9.639443397521973,9.63944394372982,5.462078469520293e-07,5.6663833530285916e-08
controlled_f32_inputs,inputs/SIG-NIHDA-2064_f0ba08d0/conf_007.xyz,qvbur_min,9.639443397521973,9.63944394372982,5.462078469520293e-07,5.6663833530285916e-08
controlled_f32_inputs,inputs/SIG-NIHDA-2064_f0ba08d0/conf_008.xyz,qvbur_min,9.639443397521973,9.63944394372982,5.462078469520293e-07,5.6663833530285916e-08
controlled_f32_inputs,inputs/SIG-NIHDA-2064_f0ba08d0/conf_009.xyz,qvbur_min,9.639443397521973,9.63944394372982,5.462078469520293e-07,5.6663833530285916e-08
controlled_f32_inputs,inputs/SIG-NIHDA-2064_f0ba08d0/conf_010.xyz,qvbur_min,9.49957275390625,9.499572931245227,1.7733897728078318e-07,1.866809998347338e-08
controlled_f32_inputs,inputs/SIG-NIHDA-2064_f0ba08d0/conf_011.xyz,qvbur_min,9.49957275390625,9.499572931245227,1.7733897728078318e-07,1.866809998347338e-08
controlled_f32_inputs,inputs/SIG-NIHDA-2067_1f828bfa/conf_000.xyz,qvbur_min,10.128992080688477,10.128992487425892,4.067374153038372e-07,4.015576236321234e-08
controlled_f32_inputs,inputs/SIG-NIHDA-2067_1f828bfa/conf_001.xyz,qvbur_min,10.128992080688477,10.128992487425892,4.067374153038372e-07,4.015576236321234e-08
controlled_f32_inputs,inputs/SIG-NIHDA-2067_1f828bfa/conf_002.xyz,qvbur_min,9.686067581176758,9.686067614558016,3.338125864615904e-08,3.4463169135829178e-09
controlled_f32_inputs,inputs/SIG-NIHDA-2067_1f828bfa/conf_003.xyz,qvbur_min,9.686067581176758,9.686067614558016,3.338125864615904e-08,3.4463169135829178e-09
controlled_f32_inputs,inputs/SIG-NIHDA-2067_1f828bfa/conf_004.xyz,qvbur_min,9.790970802307129,9.790970873921461,7.161433224212033e-08,7.314323897425454e-09
controlled_f32_inputs,inputs/SIG-NIHDA-2067_1f828bfa/conf_005.xyz,qvbur_min,9.837594032287598,9.837594544749658,5.124620603425001e-07,5.2092211974318665e-08
controlled_f32_inputs,inputs/SIG-NIHDA-2067_1f828bfa/conf_006.xyz,qvbur_min,9.954153060913086,9.954153721820152,6.609070659635563e-07,6.63951034345396e-08
controlled_f32_inputs,inputs/SIG-NIHDA-2067_1f828bfa/conf_007.xyz,qvbur_min,9.802626609802246,9.80262679162851,1.8182626426721527e-07,1.8548728634909956e-08
controlled_f32_inputs,inputs/SIG-NIHDA-2067_1f828bfa/conf_008.xyz,qvbur_min,9.779314994812012,9.779314956214412,3.859759978297461e-08,3.94686130427236e-09
controlled_f32_inputs,inputs/SIG-NIHDA-2067_1f828bfa/conf_009.xyz,qvbur_min,9.977465629577637,9.97746555723425,7.234338639250382e-08,7.250677637273385e-09
controlled_f32_inputs,inputs/SIG-NIHDA-2067_1f828bfa/conf_010.xyz,qvbur_min,9.779314994812012,9.779314956214412,3.859759978297461e-08,3.94686130427236e-09
controlled_f32_inputs,inputs/SIG-NIHDA-401_9d42bff1/conf_000.xyz,qvbur_min,9.732691764831543,9.732691285386213,4.794453296597112e-07,4.926133128044509e-08
controlled_f32_inputs,inputs/SIG-NIHDA-401_9d42bff1/conf_001.xyz,qvbur_min,9.732691764831543,9.732691285386213,4.794453296597112e-07,4.926133128044509e-08
controlled_f32_inputs,inputs/SIG-NIHDA-401_9d42bff1/conf_002.xyz,qvbur_min,9.732691764831543,9.732691285386213,4.794453296597112e-07,4.926133128044509e-08
controlled_f32_inputs,inputs/SIG-NIHDA-401_9d42bff1/conf_003.xyz,qvbur_min,9.511228561401367,9.511228848952276,2.875509093058781e-07,3.0232782101290066e-08
controlled_f32_inputs,inputs/SIG-NIHDA-401_9d42bff1/conf_004.xyz,qvbur_min,9.511228561401367,9.511228848952276,2.875509093058781e-07,3.0232782101290066e-08
controlled_f32_inputs,inputs/SIG-NIHDA-401_9d42bff1/conf_005.xyz,qvbur_min,9.511228561401367,9.511228848952276,2.875509093058781e-07,3.0232782101290066e-08
controlled_f32_inputs,inputs/SIG-NIHDA-498_7d70a0ce/conf_000.xyz,qvbur_min,9.779314994812012,9.779314956214412,3.859759978297461e-08,3.94686130427236e-09
controlled_f32_inputs,inputs/SIG-NIHDA-498_7d70a0ce/conf_001.xyz,qvbur_min,9.779314994812012,9.779314956214412,3.859759978297461e-08,3.94686130427236e-09
controlled_f32_inputs,inputs/SIG-NIHDA-498_7d70a0ce/conf_002.xyz,qvbur_min,9.779314994812012,9.779314956214412,3.859759978297461e-08,3.94686130427236e-09
controlled_f32_inputs,inputs/SIG-NIHDA-498_7d70a0ce/conf_003.xyz,qvbur_min,9.779314994812012,9.779314956214412,3.859759978297461e-08,3.94686130427236e-09
controlled_f32_inputs,inputs/SIG-NIHDA-498_7d70a0ce/conf_004.xyz,qvbur_min,9.779314994812012,9.779314956214412,3.859759978297461e-08,3.94686130427236e-09
controlled_f32_inputs,inputs/SIG-NIHDA-498_7d70a0ce/conf_005.xyz,qvbur_min,9.779314994812012,9.779314956214412,3.859759978297461e-08,3.94686130427236e-09
controlled_f32_inputs,inputs/SIG-NIHDA-498_7d70a0ce/conf_006.xyz,qvbur_min,9.779314994812012,9.779314956214412,3.859759978297461e-08,3.94686130427236e-09
controlled_f32_inputs,inputs/SIG-NIHDA-498_7d70a0ce/conf_007.xyz,qvbur_min,9.779314994812012,9.779314956214412,3.859759978297461e-08,3.94686130427236e-09
controlled_f32_inputs,inputs/SIG-NIHDA-498_7d70a0ce/conf_008.xyz,qvbur_min,9.779314994812012,9.779314956214412,3.859759978297461e-08,3.94686130427236e-09
controlled_f32_inputs,inputs/SIG-NIHDA-723_1db84e66/conf_000.xyz,qvbur_min,10.070712089538574,10.070712898890646,8.093520715846125e-07,8.036690944429245e-08
controlled_f32_inputs,inputs/SIG-NIHDA-723_1db84e66/conf_001.xyz,qvbur_min,10.070712089538574,10.070712898890646,8.093520715846125e-07,8.036690944429245e-08
controlled_f32_inputs,inputs/SIG-NIHDA-724_0d5c5a07/conf_000.xyz,qvbur_min,9.581164360046387,9.581164355194572,4.851814949802247e-09,5.063909531174843e-10
controlled_f32_inputs,inputs/SIG-NIHDA-724_0d5c5a07/conf_001.xyz,qvbur_min,9.581164360046387,9.581164355194572,4.851814949802247e-09,5.063909531174843e-10
controlled_f32_inputs,inputs/SIG-NIHDA-785_fe24eb0f/conf_000.xyz,qvbur_min,9.359701156616211,9.359701918760635,7.621444240157871e-07,8.142827951477182e-08
controlled_f32_inputs,inputs/SIG-NIHDA-785_fe24eb0f/conf_001.xyz,qvbur_min,9.359701156616211,9.359701918760635,7.621444240157871e-07,8.142827951477182e-08
controlled_f32_inputs,inputs/SIG-NIHDA-1057_be992081/conf_000.xyz,qvbur_max,37.08913040161133,37.089130143831056,2.577802717951272e-07,6.950291656759256e-09
controlled_f32_inputs,inputs/SIG-NIHDA-1058_219b0b66/conf_000.xyz,qvbur_max,37.32224655151367,37.32224849797204,1.9464583687067716e-06,5.2152762682895036e-08
controlled_f32_inputs,inputs/SIG-NIHDA-1058_219b0b66/conf_001.xyz,qvbur_max,35.95850372314453,35.95850612624727,2.4031027408000227e-06,6.682988254192018e-08
controlled_f32_inputs,inputs/SIG-NIHDA-2062_d86f6436/conf_000.xyz,qvbur_max,23.89463233947754,23.894631299451184,1.0400263548149269e-06,4.352552428121435e-08
controlled_f32_inputs,inputs/SIG-NIHDA-2062_d86f6436/conf_001.xyz,qvbur_max,18.766027450561523,18.766027508349467,5.7787943319453916e-08,3.0793913785825284e-09
controlled_f32_inputs,inputs/SIG-NIHDA-2062_d86f6436/conf_002.xyz,qvbur_max,27.298158645629883,27.298159269909597,6.242797141453593e-07,2.286893075730182e-08
controlled_f32_inputs,inputs/SIG-NIHDA-2062_d86f6436/conf_003.xyz,qvbur_max,28.510374069213867,28.51037471144273,6.422288620910876e-07,2.252614595883677e-08
controlled_f32_inputs,inputs/SIG-NIHDA-2063_9978c6ba/conf_000.xyz,qvbur_max,15.409122467041016,15.409123208719253,7.416782370484043e-07,4.8132410066571835e-08
controlled_f32_inputs,inputs/SIG-NIHDA-2063_9978c6ba/conf_001.xyz,qvbur_max,13.847229957580566,13.847230235974637,2.7839407046315046e-07,2.0104675499645558e-08
controlled_f32_inputs,inputs/SIG-NIHDA-2063_9978c6ba/conf_002.xyz,qvbur_max,13.847229957580566,13.847230235974637,2.7839407046315046e-07,2.0104675499645558e-08
controlled_f32_inputs,inputs/SIG-NIHDA-2063_9978c6ba/conf_003.xyz,qvbur_max,13.847229957580566,13.847230235974637,2.7839407046315046e-07,2.0104675499645558e-08
controlled_f32_inputs,inputs/SIG-NIHDA-2063_9978c6ba/conf_004.xyz,qvbur_max,14.208562850952148,14.20856368489317,8.339410211277709e-07,5.869284465497619e-08
controlled_f32_inputs,inputs/SIG-NIHDA-2064_f0ba08d0/conf_000.xyz,qvbur_max,16.00357437133789,16.003575011778768,6.404408772198167e-07,4.001861313790492e-08
controlled_f32_inputs,inputs/SIG-NIHDA-2064_f0ba08d0/conf_001.xyz,qvbur_max,20.700908660888672,20.70090984771966,1.1868309890417095e-06,5.733231040433938e-08
controlled_f32_inputs,inputs/SIG-NIHDA-2064_f0ba08d0/conf_002.xyz,qvbur_max,20.700908660888672,20.70090984771966,1.1868309890417095e-06,5.733231040433938e-08
controlled_f32_inputs,inputs/SIG-NIHDA-2064_f0ba08d0/conf_003.xyz,qvbur_max,20.700908660888672,20.70090984771966,1.1868309890417095e-06,5.733231040433938e-08
controlled_f32_inputs,inputs/SIG-NIHDA-2064_f0ba08d0/conf_004.xyz,qvbur_max,16.166757583618164,16.16675785967746,2.760592963113595e-07,1.707573644063146e-08
controlled_f32_inputs,inputs/SIG-NIHDA-2064_f0ba08d0/conf_005.xyz,qvbur_max,16.166757583618164,16.16675785967746,2.760592963113595e-07,1.707573644063146e-08
controlled_f32_inputs,inputs/SIG-NIHDA-2064_f0ba08d0/conf_006.xyz,qvbur_max,16.866111755371094,16.86611292210042,1.1667293264849832e-06,6.91759465784298e-08
controlled_f32_inputs,inputs/SIG-NIHDA-2064_f0ba08d0/conf_007.xyz,qvbur_max,16.866111755371094,16.86611292210042,1.1667293264849832e-06,6.91759465784298e-08
controlled_f32_inputs,inputs/SIG-NIHDA-2064_f0ba08d0/conf_008.xyz,qvbur_max,16.866111755371094,16.86611292210042,1.1667293264849832e-06,6.91759465784298e-08
controlled_f32_inputs,inputs/SIG-NIHDA-2064_f0ba08d0/conf_009.xyz,qvbur_max,16.866111755371094,16.86611292210042,1.1667293264849832e-06,6.91759465784298e-08
controlled_f32_inputs,inputs/SIG-NIHDA-2064_f0ba08d0/conf_010.xyz,qvbur_max,15.304219245910645,15.304219949355806,7.034451616760862e-07,4.596413041657154e-08
controlled_f32_inputs,inputs/SIG-NIHDA-2064_f0ba08d0/conf_011.xyz,qvbur_max,15.315875053405762,15.315875867062855,8.136570937011811e-07,5.3125077583774984e-08
controlled_f32_inputs,inputs/SIG-NIHDA-2067_1f828bfa/conf_000.xyz,qvbur_max,36.36646270751953,36.366463245994,5.384744667935593e-07,1.4806896759554304e-08
controlled_f32_inputs,inputs/SIG-NIHDA-2067_1f828bfa/conf_001.xyz,qvbur_max,36.36646270751953,36.366463245994,5.384744667935593e-07,1.4806896759554304e-08
controlled_f32_inputs,inputs/SIG-NIHDA-2067_1f828bfa/conf_002.xyz,qvbur_max,33.90706253051758,33.90706460980658,2.079289004086604e-06,6.132317934372983e-08
controlled_f32_inputs,inputs/SIG-NIHDA-2067_1f828bfa/conf_003.xyz,qvbur_max,33.90706253051758,33.90706460980658,2.079289004086604e-06,6.132317934372983e-08
controlled_f32_inputs,inputs/SIG-NIHDA-2067_1f828bfa/conf_004.xyz,qvbur_max,33.76719284057617,33.76719359732199,7.567458197854648e-07,2.2410681468224853e-08
controlled_f32_inputs,inputs/SIG-NIHDA-2067_1f828bfa/conf_005.xyz,qvbur_max,24.83875846862793,24.838760633722185,2.165094254991118e-06,8.716595352393274e-08
controlled_f32_inputs,inputs/SIG-NIHDA-2067_1f828bfa/conf_006.xyz,qvbur_max,25.67798614501953,25.677986708629735,5.636102038408808e-07,2.194915864067588e-08
controlled_f32_inputs,inputs/SIG-NIHDA-2067_1f828bfa/conf_007.xyz,qvbur_max,23.078718185424805,23.07871705995773,1.1254670759797136e-06,4.876644889123551e-08
controlled_f32_inputs,inputs/SIG-NIHDA-2067_1f828bfa/conf_008.xyz,qvbur_max,29.477815628051758,29.477815881127828,2.5307607032232227e-07,8.585306026161376e-09
controlled_f32_inputs,inputs/SIG-NIHDA-2067_1f828bfa/conf_009.xyz,qvbur_max,17.612091064453125,17.61209165535158,5.908984554992003e-07,3.3550725664072437e-08
controlled_f32_inputs,inputs/SIG-NIHDA-2067_1f828bfa/conf_010.xyz,qvbur_max,36.23824691772461,36.23824815121645,1.2334918437773013e-06,3.403839607892014e-08
controlled_f32_inputs,inputs/SIG-NIHDA-401_9d42bff1/conf_000.xyz,qvbur_max,13.532520294189453,13.532520457884305,1.6369485145162344e-07,1.2096405245502636e-08
controlled_f32_inputs,inputs/SIG-NIHDA-401_9d42bff1/conf_001.xyz,qvbur_max,13.532520294189453,13.532520457884305,1.6369485145162344e-07,1.2096405245502636e-08
controlled_f32_inputs,inputs/SIG-NIHDA-401_9d42bff1/conf_002.xyz,qvbur_max,13.532520294189453,13.532520457884305,1.6369485145162344e-07,1.2096405245502636e-08
controlled_f32_inputs,inputs/SIG-NIHDA-401_9d42bff1/conf_003.xyz,qvbur_max,15.85204792022705,15.852048081587128,1.6136007729983248e-07,1.0179131205592262e-08
controlled_f32_inputs,inputs/SIG-NIHDA-401_9d42bff1/conf_004.xyz,qvbur_max,15.85204792022705,15.852048081587128,1.6136007729983248e-07,1.0179131205592262e-08
controlled_f32_inputs,inputs/SIG-NIHDA-401_9d42bff1/conf_005.xyz,qvbur_max,15.85204792022705,15.852048081587128,1.6136007729983248e-07,1.0179131205592262e-08
controlled_f32_inputs,inputs/SIG-NIHDA-498_7d70a0ce/conf_000.xyz,qvbur_max,18.532909393310547,18.53290915420848,2.3910206792265853e-07,1.2901485996242685e-08
controlled_f32_inputs,inputs/SIG-NIHDA-498_7d70a0ce/conf_001.xyz,qvbur_max,18.532909393310547,18.53290915420848,2.3910206792265853e-07,1.2901485996242685e-08
controlled_f32_inputs,inputs/SIG-NIHDA-498_7d70a0ce/conf_002.xyz,qvbur_max,18.532909393310547,18.53290915420848,2.3910206792265853e-07,1.2901485996242685e-08
controlled_f32_inputs,inputs/SIG-NIHDA-498_7d70a0ce/conf_003.xyz,qvbur_max,18.532909393310547,18.53290915420848,2.3910206792265853e-07,1.2901485996242685e-08
controlled_f32_inputs,inputs/SIG-NIHDA-498_7d70a0ce/conf_004.xyz,qvbur_max,18.532909393310547,18.53290915420848,2.3910206792265853e-07,1.2901485996242685e-08
controlled_f32_inputs,inputs/SIG-NIHDA-498_7d70a0ce/conf_005.xyz,qvbur_max,18.532909393310547,18.53290915420848,2.3910206792265853e-07,1.2901485996242685e-08
controlled_f32_inputs,inputs/SIG-NIHDA-498_7d70a0ce/conf_006.xyz,qvbur_max,18.532909393310547,18.53290915420848,2.3910206792265853e-07,1.2901485996242685e-08
controlled_f32_inputs,inputs/SIG-NIHDA-498_7d70a0ce/conf_007.xyz,qvbur_max,18.532909393310547,18.53290915420848,2.3910206792265853e-07,1.2901485996242685e-08
controlled_f32_inputs,inputs/SIG-NIHDA-498_7d70a0ce/conf_008.xyz,qvbur_max,18.532909393310547,18.53290915420848,2.3910206792265853e-07,1.2901485996242685e-08
controlled_f32_inputs,inputs/SIG-NIHDA-723_1db84e66/conf_000.xyz,qvbur_max,36.611236572265625,36.611237517842035,9.455764100607666e-07,2.5827491070192632e-08
controlled_f32_inputs,inputs/SIG-NIHDA-723_1db84e66/conf_001.xyz,qvbur_max,36.611236572265625,36.611237517842035,9.455764100607666e-07,2.5827491070192632e-08
controlled_f32_inputs,inputs/SIG-NIHDA-724_0d5c5a07/conf_000.xyz,qvbur_max,33.219364166259766,33.219365465090675,1.298830909490789e-06,3.909860683087686e-08
controlled_f32_inputs,inputs/SIG-NIHDA-724_0d5c5a07/conf_001.xyz,qvbur_max,33.219364166259766,33.219365465090675,1.298830909490789e-06,3.909860683087686e-08
controlled_f32_inputs,inputs/SIG-NIHDA-785_fe24eb0f/conf_000.xyz,qvbur_max,15.43243408203125,15.432435044133351,9.621021010985942e-07,6.234285764671582e-08
controlled_f32_inputs,inputs/SIG-NIHDA-785_fe24eb0f/conf_001.xyz,qvbur_max,15.43243408203125,15.432435044133351,9.621021010985942e-07,6.234285764671582e-08
controlled_f32_inputs,inputs/SIG-NIHDA-1057_be992081/conf_000.xyz,max_delta_qvbur,21.808223724365234,21.80822202988935,1.6944758840509166e-06,7.769894683429698e-08
controlled_f32_inputs,inputs/SIG-NIHDA-1058_219b0b66/conf_000.xyz,max_delta_qvbur,18.20654296875,18.206543458411094,4.896610938942558e-07,2.6894786207650046e-08
controlled_f32_inputs,inputs/SIG-NIHDA-1058_219b0b66/conf_001.xyz,max_delta_qvbur,16.283315658569336,16.283317036747956,1.3781786201150226e-06,8.463746158137e-08
controlled_f32_inputs,inputs/SIG-NIHDA-2062_d86f6436/conf_000.xyz,max_delta_qvbur,8.963401794433594,8.963400716720956,1.0777126373540113e-06,1.2023479384822889e-07
controlled_f32_inputs,inputs/SIG-NIHDA-2062_d86f6436/conf_001.xyz,max_delta_qvbur,9.02168083190918,9.021680305256202,5.266529772285367e-07,5.837637329286636e-08
controlled_f32_inputs,inputs/SIG-NIHDA-2062_d86f6436/conf_002.xyz,max_delta_qvbur,15.665553092956543,15.665553398274337,3.053177941580998e-07,1.948975477570633e-08
controlled_f32_inputs,inputs/SIG-NIHDA-2062_d86f6436/conf_003.xyz,max_delta_qvbur,16.120134353637695,16.120134188849264,1.6478843178902025e-07,1.0222522335019326e-08
controlled_f32_inputs,inputs/SIG-NIHDA-2063_9978c6ba/conf_000.xyz,max_delta_qvbur,6.049421310424805,6.049421289958618,2.0466186967382782e-08,3.383164436134483e-09
controlled_f32_inputs,inputs/SIG-NIHDA-2063_9978c6ba/conf_001.xyz,max_delta_qvbur,4.102883338928223,4.102883032881373,3.060468500848401e-07,7.459312089379978e-08
controlled_f32_inputs,inputs/SIG-NIHDA-2063_9978c6ba/conf_002.xyz,max_delta_qvbur,4.102883338928223,4.102883032881373,3.060468500848401e-07,7.459312089379978e-08
controlled_f32_inputs,inputs/SIG-NIHDA-2063_9978c6ba/conf_003.xyz,max_delta_qvbur,4.102883338928223,4.102883032881373,3.060468500848401e-07,7.459312089379978e-08
controlled_f32_inputs,inputs/SIG-NIHDA-2063_9978c6ba/conf_004.xyz,max_delta_qvbur,4.4525604248046875,4.452560564092856,1.392881685546854e-07,3.128271172276874e-08
controlled_f32_inputs,inputs/SIG-NIHDA-2064_f0ba08d0/conf_000.xyz,max_delta_qvbur,6.725464820861816,6.725464516967477,3.038943390265558e-07,4.518562818372912e-08
controlled_f32_inputs,inputs/SIG-NIHDA-2064_f0ba08d0/conf_001.xyz,max_delta_qvbur,10.933249473571777,10.9332508092123,1.3356405226261359e-06,1.2216316500310522e-07
controlled_f32_inputs,inputs/SIG-NIHDA-2064_f0ba08d0/conf_002.xyz,max_delta_qvbur,10.933249473571777,10.9332508092123,1.3356405226261359e-06,1.2216316500310522e-07
controlled_f32_inputs,inputs/SIG-NIHDA-2064_f0ba08d0/conf_003.xyz,max_delta_qvbur,10.933249473571777,10.9332508092123,1.3356405226261359e-06,1.2216316500310522e-07
controlled_f32_inputs,inputs/SIG-NIHDA-2064_f0ba08d0/conf_004.xyz,max_delta_qvbur,6.3990983963012695,6.399098821170099,4.248688298957859e-07,6.639510371213442e-08
controlled_f32_inputs,inputs/SIG-NIHDA-2064_f0ba08d0/conf_005.xyz,max_delta_qvbur,6.3990983963012695,6.399098821170099,4.248688298957859e-07,6.639510371213442e-08
controlled_f32_inputs,inputs/SIG-NIHDA-2064_f0ba08d0/conf_006.xyz,max_delta_qvbur,7.226668357849121,7.226668978370601,6.205214795329539e-07,8.586549091845398e-08
controlled_f32_inputs,inputs/SIG-NIHDA-2064_f0ba08d0/conf_007.xyz,max_delta_qvbur,7.226668357849121,7.226668978370601,6.205214795329539e-07,8.586549091845398e-08
controlled_f32_inputs,inputs/SIG-NIHDA-2064_f0ba08d0/conf_008.xyz,max_delta_qvbur,7.226668357849121,7.226668978370601,6.205214795329539e-07,8.586549091845398e-08
controlled_f32_inputs,inputs/SIG-NIHDA-2064_f0ba08d0/conf_009.xyz,max_delta_qvbur,7.226668357849121,7.226668978370601,6.205214795329539e-07,8.586549091845398e-08
controlled_f32_inputs,inputs/SIG-NIHDA-2064_f0ba08d0/conf_010.xyz,max_delta_qvbur,5.245162010192871,5.24516296817221,9.579793385228186e-07,1.8264052887124063e-07
controlled_f32_inputs,inputs/SIG-NIHDA-2064_f0ba08d0/conf_011.xyz,max_delta_qvbur,5.256817817687988,5.256818885879259,1.0681912705479135e-06,2.0320107915782743e-07
controlled_f32_inputs,inputs/SIG-NIHDA-2067_1f828bfa/conf_000.xyz,max_delta_qvbur,23.13699722290039,23.13699664849298,5.744074123015253e-07,2.4826360180976172e-08
controlled_f32_inputs,inputs/SIG-NIHDA-2067_1f828bfa/conf_001.xyz,max_delta_qvbur,23.13699722290039,23.13699664849298,5.744074123015253e-07,2.4826360180976172e-08
controlled_f32_inputs,inputs/SIG-NIHDA-2067_1f828bfa/conf_002.xyz,max_delta_qvbur,24.22099494934082,24.220996995248566,2.045907745440445e-06,8.446835387667117e-08
controlled_f32_inputs,inputs/SIG-NIHDA-2067_1f828bfa/conf_003.xyz,max_delta_qvbur,24.22099494934082,24.220996995248566,2.045907745440445e-06,8.446835387667117e-08
controlled_f32_inputs,inputs/SIG-NIHDA-2067_1f828bfa/conf_004.xyz,max_delta_qvbur,22.61248016357422,22.612480351675757,1.8810153790127515e-07,8.3184831993601e-09
controlled_f32_inputs,inputs/SIG-NIHDA-2067_1f828bfa/conf_005.xyz,max_delta_qvbur,13.695701599121094,13.695703305782997,1.7066619033556663e-06,1.246129435817312e-07
controlled_f32_inputs,inputs/SIG-NIHDA-2067_1f828bfa/conf_006.xyz,max_delta_qvbur,15.362499237060547,15.362499537891052,3.0083050539531087e-07,1.9582132754720235e-08
controlled_f32_inputs,inputs/SIG-NIHDA-2067_1f828bfa/conf_007.xyz,max_delta_qvbur,13.276091575622559,13.276090268329218,1.3072933402469289e-06,9.84697538073798e-08
controlled_f32_inputs,inputs/SIG-NIHDA-2067_1f828bfa/conf_008.xyz,max_delta_qvbur,17.693681716918945,17.693683079300925,1.3623819796748649e-06,7.699821306671061e-08
controlled_f32_inputs,inputs/SIG-NIHDA-2067_1f828bfa/conf_009.xyz,max_delta_qvbur,7.622969627380371,7.622970180410281,5.530299098666092e-07,7.254782542476693e-08
controlled_f32_inputs,inputs/SIG-NIHDA-2067_1f828bfa/conf_010.xyz,max_delta_qvbur,26.45893096923828,26.45893319500204,2.225763758190169e-06,8.412144744409441e-08
controlled_f32_inputs,inputs/SIG-NIHDA-401_9d42bff1/conf_000.xyz,max_delta_qvbur,3.79982852935791,3.7998291724980913,6.431401811113346e-07,1.6925502487484723e-07
controlled_f32_inputs,inputs/SIG-NIHDA-401_9d42bff1/conf_001.xyz,max_delta_qvbur,3.79982852935791,3.7998291724980913,6.431401811113346e-07,1.6925502487484723e-07
controlled_f32_inputs,inputs/SIG-NIHDA-401_9d42bff1/conf_002.xyz,max_delta_qvbur,3.79982852935791,3.7998291724980913,6.431401811113346e-07,1.6925502487484723e-07
controlled_f32_inputs,inputs/SIG-NIHDA-401_9d42bff1/conf_003.xyz,max_delta_qvbur,6.340819358825684,6.340819232634852,1.2619083200604564e-07,1.9901345137954444e-08
controlled_f32_inputs,inputs/SIG-NIHDA-401_9d42bff1/conf_004.xyz,max_delta_qvbur,6.340819358825684,6.340819232634852,1.2619083200604564e-07,1.9901345137954444e-08
controlled_f32_inputs,inputs/SIG-NIHDA-401_9d42bff1/conf_005.xyz,max_delta_qvbur,6.340819358825684,6.340819232634852,1.2619083200604564e-07,1.9901345137954444e-08
controlled_f32_inputs,inputs/SIG-NIHDA-498_7d70a0ce/conf_000.xyz,max_delta_qvbur,8.648691177368164,8.648690938630622,2.387375417356452e-07,2.7603893286241694e-08
controlled_f32_inputs,inputs/SIG-NIHDA-498_7d70a0ce/conf_001.xyz,max_delta_qvbur,8.648691177368164,8.648690938630622,2.387375417356452e-07,2.7603893286241694e-08
controlled_f32_inputs,inputs/SIG-NIHDA-498_7d70a0ce/conf_002.xyz,max_delta_qvbur,8.648691177368164,8.648690938630622,2.387375417356452e-07,2.7603893286241694e-08
controlled_f32_inputs,inputs/SIG-NIHDA-498_7d70a0ce/conf_003.xyz,max_delta_qvbur,8.648691177368164,8.648690938630622,2.387375417356452e-07,2.7603893286241694e-08
controlled_f32_inputs,inputs/SIG-NIHDA-498_7d70a0ce/conf_004.xyz,max_delta_qvbur,8.648691177368164,8.648690938630622,2.387375417356452e-07,2.7603893286241694e-08
controlled_f32_inputs,inputs/SIG-NIHDA-498_7d70a0ce/conf_005.xyz,max_delta_qvbur,8.648691177368164,8.648690938630622,2.387375417356452e-07,2.7603893286241694e-08
controlled_f32_inputs,inputs/SIG-NIHDA-498_7d70a0ce/conf_006.xyz,max_delta_qvbur,8.648691177368164,8.648690938630622,2.387375417356452e-07,2.7603893286241694e-08
controlled_f32_inputs,inputs/SIG-NIHDA-498_7d70a0ce/conf_007.xyz,max_delta_qvbur,8.648691177368164,8.648690938630622,2.387375417356452e-07,2.7603893286241694e-08
controlled_f32_inputs,inputs/SIG-NIHDA-498_7d70a0ce/conf_008.xyz,max_delta_qvbur,8.648691177368164,8.648690938630622,2.387375417356452e-07,2.7603893286241694e-08
controlled_f32_inputs,inputs/SIG-NIHDA-723_1db84e66/conf_000.xyz,max_delta_qvbur,25.514802932739258,25.514803860731046,9.279917883020516e-07,3.637072004814788e-08
controlled_f32_inputs,inputs/SIG-NIHDA-723_1db84e66/conf_001.xyz,max_delta_qvbur,25.50314712524414,25.503147943023997,8.177798562769567e-07,3.206583979765714e-08
controlled_f32_inputs,inputs/SIG-NIHDA-724_0d5c5a07/conf_000.xyz,max_delta_qvbur,23.638198852539062,23.6382011098961,2.2573570390704845e-06,9.549614323762754e-08
controlled_f32_inputs,inputs/SIG-NIHDA-724_0d5c5a07/conf_001.xyz,max_delta_qvbur,23.638198852539062,23.6382011098961,2.2573570390704845e-06,9.549614323762754e-08
controlled_f32_inputs,inputs/SIG-NIHDA-785_fe24eb0f/conf_000.xyz,max_delta_qvbur,6.072732925415039,6.072733125372716,1.999576770828071e-07,3.2927130660057554e-08
controlled_f32_inputs,inputs/SIG-NIHDA-785_fe24eb0f/conf_001.xyz,max_delta_qvbur,6.072732925415039,6.072733125372716,1.999576770828071e-07,3.2927130660057554e-08
controlled_f32_inputs,inputs/SIG-NIHDA-1057_be992081/conf_000.xyz,ovbur_min,0.0,0.0,0.0,
controlled_f32_inputs,inputs/SIG-NIHDA-1058_219b0b66/conf_000.xyz,ovbur_min,0.0,0.0,0.0,
controlled_f32_inputs,inputs/SIG-NIHDA-1058_219b0b66/conf_001.xyz,ovbur_min,0.0,0.0,0.0,
controlled_f32_inputs,inputs/SIG-NIHDA-2062_d86f6436/conf_000.xyz,ovbur_min,0.0,0.0,0.0,
controlled_f32_inputs,inputs/SIG-NIHDA-2062_d86f6436/conf_001.xyz,ovbur_min,0.0,0.0,0.0,
controlled_f32_inputs,inputs/SIG-NIHDA-2062_d86f6436/conf_002.xyz,ovbur_min,0.0,0.0,0.0,
controlled_f32_inputs,inputs/SIG-NIHDA-2062_d86f6436/conf_003.xyz,ovbur_min,0.0,0.0,0.0,
controlled_f32_inputs,inputs/SIG-NIHDA-2063_9978c6ba/conf_000.xyz,ovbur_min,0.0,0.0,0.0,
controlled_f32_inputs,inputs/SIG-NIHDA-2063_9978c6ba/conf_001.xyz,ovbur_min,0.0,0.0,0.0,
controlled_f32_inputs,inputs/SIG-NIHDA-2063_9978c6ba/conf_002.xyz,ovbur_min,0.0,0.0,0.0,
controlled_f32_inputs,inputs/SIG-NIHDA-2063_9978c6ba/conf_003.xyz,ovbur_min,0.0,0.0,0.0,
controlled_f32_inputs,inputs/SIG-NIHDA-2063_9978c6ba/conf_004.xyz,ovbur_min,0.0,0.0,0.0,
controlled_f32_inputs,inputs/SIG-NIHDA-2064_f0ba08d0/conf_000.xyz,ovbur_min,0.0,0.0,0.0,
controlled_f32_inputs,inputs/SIG-NIHDA-2064_f0ba08d0/conf_001.xyz,ovbur_min,0.0,0.0,0.0,
controlled_f32_inputs,inputs/SIG-NIHDA-2064_f0ba08d0/conf_002.xyz,ovbur_min,0.0,0.0,0.0,
controlled_f32_inputs,inputs/SIG-NIHDA-2064_f0ba08d0/conf_003.xyz,ovbur_min,0.0,0.0,0.0,
controlled_f32_inputs,inputs/SIG-NIHDA-2064_f0ba08d0/conf_004.xyz,ovbur_min,0.0,0.0,0.0,
controlled_f32_inputs,inputs/SIG-NIHDA-2064_f0ba08d0/conf_005.xyz,ovbur_min,0.0,0.0,0.0,
controlled_f32_inputs,inputs/SIG-NIHDA-2064_f0ba08d0/conf_006.xyz,ovbur_min,0.0,0.0,0.0,
controlled_f32_inputs,inputs/SIG-NIHDA-2064_f0ba08d0/conf_007.xyz,ovbur_min,0.0,0.0,0.0,
controlled_f32_inputs,inputs/SIG-NIHDA-2064_f0ba08d0/conf_008.xyz,ovbur_min,0.0,0.0,0.0,
controlled_f32_inputs,inputs/SIG-NIHDA-2064_f0ba08d0/conf_009.xyz,ovbur_min,0.0,0.0,0.0,
controlled_f32_inputs,inputs/SIG-NIHDA-2064_f0ba08d0/conf_010.xyz,ovbur_min,0.0,0.0,0.0,
controlled_f32_inputs,inputs/SIG-NIHDA-2064_f0ba08d0/conf_011.xyz,ovbur_min,0.0,0.0,0.0,
controlled_f32_inputs,inputs/SIG-NIHDA-2067_1f828bfa/conf_000.xyz,ovbur_min,0.0,0.0,0.0,
controlled_f32_inputs,inputs/SIG-NIHDA-2067_1f828bfa/conf_001.xyz,ovbur_min,0.0,0.0,0.0,
controlled_f32_inputs,inputs/SIG-NIHDA-2067_1f828bfa/conf_002.xyz,ovbur_min,0.0,0.0,0.0,
controlled_f32_inputs,inputs/SIG-NIHDA-2067_1f828bfa/conf_003.xyz,ovbur_min,0.0,0.0,0.0,
controlled_f32_inputs,inputs/SIG-NIHDA-2067_1f828bfa/conf_004.xyz,ovbur_min,0.0,0.0,0.0,
controlled_f32_inputs,inputs/SIG-NIHDA-2067_1f828bfa/conf_005.xyz,ovbur_min,0.0,0.0,0.0,
controlled_f32_inputs,inputs/SIG-NIHDA-2067_1f828bfa/conf_006.xyz,ovbur_min,0.0,0.0,0.0,
controlled_f32_inputs,inputs/SIG-NIHDA-2067_1f828bfa/conf_007.xyz,ovbur_min,0.0,0.0,0.0,
controlled_f32_inputs,inputs/SIG-NIHDA-2067_1f828bfa/conf_008.xyz,ovbur_min,0.0,0.0,0.0,
controlled_f32_inputs,inputs/SIG-NIHDA-2067_1f828bfa/conf_009.xyz,ovbur_min,0.0,0.0,0.0,
controlled_f32_inputs,inputs/SIG-NIHDA-2067_1f828bfa/conf_010.xyz,ovbur_min,0.0,0.0,0.0,
controlled_f32_inputs,inputs/SIG-NIHDA-401_9d42bff1/conf_000.xyz,ovbur_min,0.0,0.0,0.0,
controlled_f32_inputs,inputs/SIG-NIHDA-401_9d42bff1/conf_001.xyz,ovbur_min,0.0,0.0,0.0,
controlled_f32_inputs,inputs/SIG-NIHDA-401_9d42bff1/conf_002.xyz,ovbur_min,0.0,0.0,0.0,
controlled_f32_inputs,inputs/SIG-NIHDA-401_9d42bff1/conf_003.xyz,ovbur_min,0.0,0.0,0.0,
controlled_f32_inputs,inputs/SIG-NIHDA-401_9d42bff1/conf_004.xyz,ovbur_min,0.0,0.0,0.0,
controlled_f32_inputs,inputs/SIG-NIHDA-401_9d42bff1/conf_005.xyz,ovbur_min,0.0,0.0,0.0,
controlled_f32_inputs,inputs/SIG-NIHDA-498_7d70a0ce/conf_000.xyz,ovbur_min,0.0,0.0,0.0,
controlled_f32_inputs,inputs/SIG-NIHDA-498_7d70a0ce/conf_001.xyz,ovbur_min,0.0,0.0,0.0,
controlled_f32_inputs,inputs/SIG-NIHDA-498_7d70a0ce/conf_002.xyz,ovbur_min,0.0,0.0,0.0,
controlled_f32_inputs,inputs/SIG-NIHDA-498_7d70a0ce/conf_003.xyz,ovbur_min,0.0,0.0,0.0,
controlled_f32_inputs,inputs/SIG-NIHDA-498_7d70a0ce/conf_004.xyz,ovbur_min,0.0,0.0,0.0,
controlled_f32_inputs,inputs/SIG-NIHDA-498_7d70a0ce/conf_005.xyz,ovbur_min,0.0,0.0,0.0,
controlled_f32_inputs,inputs/SIG-NIHDA-498_7d70a0ce/conf_006.xyz,ovbur_min,0.0,0.0,0.0,
controlled_f32_inputs,inputs/SIG-NIHDA-498_7d70a0ce/conf_007.xyz,ovbur_min,0.0,0.0,0.0,
controlled_f32_inputs,inputs/SIG-NIHDA-498_7d70a0ce/conf_008.xyz,ovbur_min,0.0,0.0,0.0,
controlled_f32_inputs,inputs/SIG-NIHDA-723_1db84e66/conf_000.xyz,ovbur_min,0.0,0.0,0.0,
controlled_f32_inputs,inputs/SIG-NIHDA-723_1db84e66/conf_001.xyz,ovbur_min,0.0,0.0,0.0,
controlled_f32_inputs,inputs/SIG-NIHDA-724_0d5c5a07/conf_000.xyz,ovbur_min,0.0,0.0,0.0,
controlled_f32_inputs,inputs/SIG-NIHDA-724_0d5c5a07/conf_001.xyz,ovbur_min,0.0,0.0,0.0,
controlled_f32_inputs,inputs/SIG-NIHDA-785_fe24eb0f/conf_000.xyz,ovbur_min,0.0,0.0,0.0,
controlled_f32_inputs,inputs/SIG-NIHDA-785_fe24eb0f/conf_001.xyz,ovbur_min,0.0,0.0,0.0,
controlled_f32_inputs,inputs/SIG-NIHDA-1057_be992081/conf_000.xyz,ovbur_max,20.84078025817871,20.84078086020425,6.020255405303487e-07,2.8886899419393855e-08
controlled_f32_inputs,inputs/SIG-NIHDA-1058_219b0b66/conf_000.xyz,ovbur_max,21.050586700439453,21.05058737893114,6.784916877222713e-07,3.2231484827893776e-08
controlled_f32_inputs,inputs/SIG-NIHDA-1058_219b0b66/conf_001.xyz,ovbur_max,20.549381256103516,20.549382917528018,1.6614245019752616e-06,8.085033544039493e-08
controlled_f32_inputs,inputs/SIG-NIHDA-2062_d86f6436/conf_000.xyz,ovbur_max,19.756778717041016,19.756780513448664,1.7964076484133784e-06,9.092613278719898e-08
controlled_f32_inputs,inputs/SIG-NIHDA-2062_d86f6436/conf_001.xyz,ovbur_max,18.591188430786133,18.591188742743725,3.1195759220281616e-07,1.677986257466056e-08
controlled_f32_inputs,inputs/SIG-NIHDA-2062_d86f6436/conf_002.xyz,ovbur_max,21.563447952270508,21.563447758041313,1.9422919450562404e-07,9.007334851320019e-09
controlled_f32_inputs,inputs/SIG-NIHDA-2062_d86f6436/conf_003.xyz,ovbur_max,21.866500854492188,21.866501618424596,7.63932408887058e-07,3.493619702949523e-08
controlled_f32_inputs,inputs/SIG-NIHDA-2063_9978c6ba/conf_000.xyz,ovbur_max,15.409122467041016,15.409123208719253,7.416782370484043e-07,4.8132410066571835e-08
controlled_f32_inputs,inputs/SIG-NIHDA-2063_9978c6ba/conf_001.xyz,ovbur_max,13.847229957580566,13.847230235974637,2.7839407046315046e-07,2.0104675499645558e-08
controlled_f32_inputs,inputs/SIG-NIHDA-2063_9978c6ba/conf_002.xyz,ovbur_max,13.847229957580566,13.847230235974637,2.7839407046315046e-07,2.0104675499645558e-08
controlled_f32_inputs,inputs/SIG-NIHDA-2063_9978c6ba/conf_003.xyz,ovbur_max,13.847229957580566,13.847230235974637,2.7839407046315046e-07,2.0104675499645558e-08
controlled_f32_inputs,inputs/SIG-NIHDA-2063_9978c6ba/conf_004.xyz,ovbur_max,14.208562850952148,14.20856368489317,8.339410211277709e-07,5.869284465497619e-08
controlled_f32_inputs,inputs/SIG-NIHDA-2064_f0ba08d0/conf_000.xyz,ovbur_max,16.00357437133789,16.003575011778768,6.404408772198167e-07,4.001861313790492e-08
controlled_f32_inputs,inputs/SIG-NIHDA-2064_f0ba08d0/conf_001.xyz,ovbur_max,19.057424545288086,19.0574254510257,9.057376146870411e-07,4.752675627747466e-08
controlled_f32_inputs,inputs/SIG-NIHDA-2064_f0ba08d0/conf_002.xyz,ovbur_max,19.057424545288086,19.0574254510257,9.057376146870411e-07,4.752675627747466e-08
controlled_f32_inputs,inputs/SIG-NIHDA-2064_f0ba08d0/conf_003.xyz,ovbur_max,19.057424545288086,19.0574254510257,9.057376146870411e-07,4.752675627747466e-08
controlled_f32_inputs,inputs/SIG-NIHDA-2064_f0ba08d0/conf_004.xyz,ovbur_max,16.166757583618164,16.16675785967746,2.760592963113595e-07,1.707573644063146e-08
controlled_f32_inputs,inputs/SIG-NIHDA-2064_f0ba08d0/conf_005.xyz,ovbur_max,16.166757583618164,16.16675785967746,2.760592963113595e-07,1.707573644063146e-08
controlled_f32_inputs,inputs/SIG-NIHDA-2064_f0ba08d0/conf_006.xyz,ovbur_max,16.866111755371094,16.86611292210042,1.1667293264849832e-06,6.91759465784298e-08
controlled_f32_inputs,inputs/SIG-NIHDA-2064_f0ba08d0/conf_007.xyz,ovbur_max,16.866111755371094,16.86611292210042,1.1667293264849832e-06,6.91759465784298e-08
controlled_f32_inputs,inputs/SIG-NIHDA-2064_f0ba08d0/conf_008.xyz,ovbur_max,16.866111755371094,16.86611292210042,1.1667293264849832e-06,6.91759465784298e-08
controlled_f32_inputs,inputs/SIG-NIHDA-2064_f0ba08d0/conf_009.xyz,ovbur_max,16.866111755371094,16.86611292210042,1.1667293264849832e-06,6.91759465784298e-08
controlled_f32_inputs,inputs/SIG-NIHDA-2064_f0ba08d0/conf_010.xyz,ovbur_max,15.304219245910645,15.304219949355806,7.034451616760862e-07,4.596413041657154e-08
controlled_f32_inputs,inputs/SIG-NIHDA-2064_f0ba08d0/conf_011.xyz,ovbur_max,15.315875053405762,15.315875867062855,8.136570937011811e-07,5.3125077583774984e-08
controlled_f32_inputs,inputs/SIG-NIHDA-2067_1f828bfa/conf_000.xyz,ovbur_max,21.470199584960938,21.47020041638492,8.314239821061165e-07,3.872455617468842e-08
controlled_f32_inputs,inputs/SIG-NIHDA-2067_1f828bfa/conf_001.xyz,ovbur_max,21.470199584960938,21.47020041638492,8.314239821061165e-07,3.872455617468842e-08
controlled_f32_inputs,inputs/SIG-NIHDA-2067_1f828bfa/conf_002.xyz,ovbur_max,21.714975357055664,21.714974688232957,6.688227074391762e-07,3.080006848000619e-08
controlled_f32_inputs,inputs/SIG-NIHDA-2067_1f828bfa/conf_003.xyz,ovbur_max,21.714975357055664,21.714974688232957,6.688227074391762e-07,3.080006848000619e-08
controlled_f32_inputs,inputs/SIG-NIHDA-2067_1f828bfa/conf_004.xyz,ovbur_max,21.645038604736328,21.645039181990658,5.772543296700405e-07,2.6669128423215515e-08
controlled_f32_inputs,inputs/SIG-NIHDA-2067_1f828bfa/conf_005.xyz,ovbur_max,20.88740348815918,20.887404531032452,1.0428732721834422e-06,4.992833219819359e-08
controlled_f32_inputs,inputs/SIG-NIHDA-2067_1f828bfa/conf_006.xyz,ovbur_max,21.63338279724121,21.63338326428361,4.670423976449456e-07,2.1588967011739935e-08
controlled_f32_inputs,inputs/SIG-NIHDA-2067_1f828bfa/conf_007.xyz,ovbur_max,19.93161964416504,19.931619279054402,3.651106368351975e-07,1.8318162298980013e-08
controlled_f32_inputs,inputs/SIG-NIHDA-2067_1f828bfa/conf_008.xyz,ovbur_max,22.052995681762695,22.052996301737384,6.199746884760771e-07,2.811294574185523e-08
controlled_f32_inputs,inputs/SIG-NIHDA-2067_1f828bfa/conf_009.xyz,ovbur_max,17.55381202697754,17.553812066816334,3.983879537372559e-08,2.2695238630836607e-09
controlled_f32_inputs,inputs/SIG-NIHDA-2067_1f828bfa/conf_010.xyz,ovbur_max,20.98065185546875,20.980651872688846,1.7220095571701677e-08,8.20760750247117e-10
controlled_f32_inputs,inputs/SIG-NIHDA-401_9d42bff1/conf_000.xyz,ovbur_max,13.532520294189453,13.532520457884305,1.6369485145162344e-07,1.2096405245502636e-08
controlled_f32_inputs,inputs/SIG-NIHDA-401_9d42bff1/conf_001.xyz,ovbur_max,13.532520294189453,13.532520457884305,1.6369485145162344e-07,1.2096405245502636e-08
controlled_f32_inputs,inputs/SIG-NIHDA-401_9d42bff1/conf_002.xyz,ovbur_max,13.532520294189453,13.532520457884305,1.6369485145162344e-07,1.2096405245502636e-08
controlled_f32_inputs,inputs/SIG-NIHDA-401_9d42bff1/conf_003.xyz,ovbur_max,15.85204792022705,15.852048081587128,1.6136007729983248e-07,1.0179131205592262e-08
controlled_f32_inputs,inputs/SIG-NIHDA-401_9d42bff1/conf_004.xyz,ovbur_max,15.85204792022705,15.852048081587128,1.6136007729983248e-07,1.0179131205592262e-08
controlled_f32_inputs,inputs/SIG-NIHDA-401_9d42bff1/conf_005.xyz,ovbur_max,15.85204792022705,15.852048081587128,1.6136007729983248e-07,1.0179131205592262e-08
controlled_f32_inputs,inputs/SIG-NIHDA-498_7d70a0ce/conf_000.xyz,ovbur_max,17.833553314208984,17.83355409178552,7.775765347162178e-07,4.3601882760676665e-08
controlled_f32_inputs,inputs/SIG-NIHDA-498_7d70a0ce/conf_001.xyz,ovbur_max,17.833553314208984,17.83355409178552,7.775765347162178e-07,4.3601882760676665e-08
controlled_f32_inputs,inputs/SIG-NIHDA-498_7d70a0ce/conf_002.xyz,ovbur_max,17.833553314208984,17.83355409178552,7.775765347162178e-07,4.3601882760676665e-08
controlled_f32_inputs,inputs/SIG-NIHDA-498_7d70a0ce/conf_003.xyz,ovbur_max,17.833553314208984,17.83355409178552,7.775765347162178e-07,4.3601882760676665e-08
controlled_f32_inputs,inputs/SIG-NIHDA-498_7d70a0ce/conf_004.xyz,ovbur_max,17.833553314208984,17.83355409178552,7.775765347162178e-07,4.3601882760676665e-08
controlled_f32_inputs,inputs/SIG-NIHDA-498_7d70a0ce/conf_005.xyz,ovbur_max,17.833553314208984,17.83355409178552,7.775765347162178e-07,4.3601882760676665e-08
controlled_f32_inputs,inputs/SIG-NIHDA-498_7d70a0ce/conf_006.xyz,ovbur_max,17.833553314208984,17.83355409178552,7.775765347162178e-07,4.3601882760676665e-08
controlled_f32_inputs,inputs/SIG-NIHDA-498_7d70a0ce/conf_007.xyz,ovbur_max,17.833553314208984,17.83355409178552,7.775765347162178e-07,4.3601882760676665e-08
controlled_f32_inputs,inputs/SIG-NIHDA-498_7d70a0ce/conf_008.xyz,ovbur_max,17.833553314208984,17.83355409178552,7.775765347162178e-07,4.3601882760676665e-08
controlled_f32_inputs,inputs/SIG-NIHDA-723_1db84e66/conf_000.xyz,ovbur_max,20.700908660888672,20.70090984771966,1.1868309890417095e-06,5.733231040433938e-08
controlled_f32_inputs,inputs/SIG-NIHDA-723_1db84e66/conf_001.xyz,ovbur_max,20.700908660888672,20.70090984771966,1.1868309890417095e-06,5.733231040433938e-08
controlled_f32_inputs,inputs/SIG-NIHDA-724_0d5c5a07/conf_000.xyz,ovbur_max,20.327919006347656,20.327920481094083,1.4747464263109578e-06,7.254782542476693e-08
controlled_f32_inputs,inputs/SIG-NIHDA-724_0d5c5a07/conf_001.xyz,ovbur_max,20.327919006347656,20.327920481094083,1.4747464263109578e-06,7.254782542476693e-08
controlled_f32_inputs,inputs/SIG-NIHDA-785_fe24eb0f/conf_000.xyz,ovbur_max,15.43243408203125,15.432435044133351,9.621021010985942e-07,6.234285764671582e-08
controlled_f32_inputs,inputs/SIG-NIHDA-785_fe24eb0f/conf_001.xyz,ovbur_max,15.43243408203125,15.432435044133351,9.621021010985942e-07,6.234285764671582e-08
controlled_f32_inputs,inputs/SIG-NIHDA-1057_be992081/conf_000.xyz,near_vbur,65.43631744384766,65.4363220073751,4.563527440382131e-06,6.973997468665479e-08
controlled_f32_inputs,inputs/SIG-NIHDA-1058_219b0b66/conf_000.xyz,near_vbur,71.1010971069336,71.10109801300108,9.060674841521177e-07,1.2743368379296199e-08
controlled_f32_inputs,inputs/SIG-NIHDA-1058_219b0b66/conf_001.xyz,near_vbur,72.48814392089844,72.48815222013995,8.299241514464484e-06,1.1449100660285062e-07
controlled_f32_inputs,inputs/SIG-NIHDA-2062_d86f6436/conf_000.xyz,near_vbur,61.15470886230469,61.15471490298563,6.040680943897314e-06,9.877702730656345e-08
controlled_f32_inputs,inputs/SIG-NIHDA-2062_d86f6436/conf_001.xyz,near_vbur,53.33747863769531,53.33747942745786,7.897625451391832e-07,1.4806896644100087e-08
controlled_f32_inputs,inputs/SIG-NIHDA-2062_d86f6436/conf_002.xyz,near_vbur,61.395599365234375,61.39560386893132,4.503696942492752e-06,7.335536518392006e-08
controlled_f32_inputs,inputs/SIG-NIHDA-2062_d86f6436/conf_003.xyz,near_vbur,61.22076416015625,61.22076510332558,9.431693328565416e-07,1.5406036354898603e-08
controlled_f32_inputs,inputs/SIG-NIHDA-2063_9978c6ba/conf_000.xyz,near_vbur,47.60276794433594,47.602767915589574,2.8746363511800155e-08,6.038800845105043e-10
controlled_f32_inputs,inputs/SIG-NIHDA-2063_9978c6ba/conf_001.xyz,near_vbur,46.84901809692383,46.84901857053372,4.736098944135847e-07,1.0109281023689738e-08
controlled_f32_inputs,inputs/SIG-NIHDA-2063_9978c6ba/conf_002.xyz,near_vbur,46.84901809692383,46.84901857053372,4.736098944135847e-07,1.0109281023689738e-08
controlled_f32_inputs,inputs/SIG-NIHDA-2063_9978c6ba/conf_003.xyz,near_vbur,46.84124755859375,46.84124795872902,4.001352706950456e-07,8.542369986546849e-09
controlled_f32_inputs,inputs/SIG-NIHDA-2063_9978c6ba/conf_004.xyz,near_vbur,47.36964797973633,47.3696495614486,1.5817122687167284e-06,3.3390837453101874e-08
controlled_f32_inputs,inputs/SIG-NIHDA-2064_f0ba08d0/conf_000.xyz,near_vbur,48.908226013183594,48.90823069877911,4.685595513365115e-06,9.580382374130907e-08
controlled_f32_inputs,inputs/SIG-NIHDA-2064_f0ba08d0/conf_001.xyz,near_vbur,52.91009521484375,52.910095778199384,5.633556341422263e-07,1.0647412858669337e-08
controlled_f32_inputs,inputs/SIG-NIHDA-2064_f0ba08d0/conf_002.xyz,near_vbur,52.91009521484375,52.910095778199384,5.633556341422263e-07,1.0647412858669337e-08
controlled_f32_inputs,inputs/SIG-NIHDA-2064_f0ba08d0/conf_003.xyz,near_vbur,52.91009521484375,52.910095778199384,5.633556341422263e-07,1.0647412858669337e-08
controlled_f32_inputs,inputs/SIG-NIHDA-2064_f0ba08d0/conf_004.xyz,near_vbur,50.45458221435547,50.454582447914326,2.3355885758746808e-07,4.629091080648173e-09
controlled_f32_inputs,inputs/SIG-NIHDA-2064_f0ba08d0/conf_005.xyz,near_vbur,50.45458221435547,50.454582447914326,2.3355885758746808e-07,4.629091080648173e-09
controlled_f32_inputs,inputs/SIG-NIHDA-2064_f0ba08d0/conf_006.xyz,near_vbur,50.54005432128906,50.54005917776601,4.856476948589261e-06,9.60916355777787e-08
controlled_f32_inputs,inputs/SIG-NIHDA-2064_f0ba08d0/conf_007.xyz,near_vbur,50.54005432128906,50.54005917776601,4.856476948589261e-06,9.60916355777787e-08
controlled_f32_inputs,inputs/SIG-NIHDA-2064_f0ba08d0/conf_008.xyz,near_vbur,50.54005432128906,50.54005917776601,4.856476948589261e-06,9.60916355777787e-08
controlled_f32_inputs,inputs/SIG-NIHDA-2064_f0ba08d0/conf_009.xyz,near_vbur,50.540061950683594,50.54005917776601,2.772917582660739e-06,5.486573675957671e-08
controlled_f32_inputs,inputs/SIG-NIHDA-2064_f0ba08d0/conf_010.xyz,near_vbur,49.230712890625,49.230711088674134,1.8019508658539962e-06,3.660217019023614e-08
controlled_f32_inputs,inputs/SIG-NIHDA-2064_f0ba08d0/conf_011.xyz,near_vbur,49.234596252441406,49.23459639457649,1.4213508592320068e-07,2.8868945077583246e-09
controlled_f32_inputs,inputs/SIG-NIHDA-2067_1f828bfa/conf_000.xyz,near_vbur,60.10179138183594,60.101797003448844,5.621612906736573e-06,9.353485564523113e-08
controlled_f32_inputs,inputs/SIG-NIHDA-2067_1f828bfa/conf_001.xyz,near_vbur,60.10179138183594,60.101797003448844,5.621612906736573e-06,9.353485564523113e-08
controlled_f32_inputs,inputs/SIG-NIHDA-2067_1f828bfa/conf_002.xyz,near_vbur,60.29217529296875,60.292176992663975,1.699695225454434e-06,2.819097452164057e-08
controlled_f32_inputs,inputs/SIG-NIHDA-2067_1f828bfa/conf_003.xyz,near_vbur,60.288291931152344,60.288291686761625,2.4439071921733557e-07,4.053701181103461e-09
controlled_f32_inputs,inputs/SIG-NIHDA-2067_1f828bfa/conf_004.xyz,near_vbur,58.6253776550293,58.62538076055591,3.105526616309362e-06,5.297239141172128e-08
controlled_f32_inputs,inputs/SIG-NIHDA-2067_1f828bfa/conf_005.xyz,near_vbur,57.755069732666016,57.75507223842957,2.5057635539837975e-06,4.338603445320411e-08
controlled_f32_inputs,inputs/SIG-NIHDA-2067_1f828bfa/conf_006.xyz,near_vbur,58.88957977294922,58.88958156191571,1.7889664931658444e-06,3.0378318977949424e-08
controlled_f32_inputs,inputs/SIG-NIHDA-2067_1f828bfa/conf_007.xyz,near_vbur,57.929908752441406,57.92991100403531,2.2515939051004352e-06,3.886755332566612e-08
controlled_f32_inputs,inputs/SIG-NIHDA-2067_1f828bfa/conf_008.xyz,near_vbur,66.15510559082031,66.15510359930981,1.9915105013978973e-06,3.010365630231852e-08
controlled_f32_inputs,inputs/SIG-NIHDA-2067_1f828bfa/conf_009.xyz,near_vbur,55.84349822998047,55.84350173447348,3.5044930086769455e-06,6.27556098709609e-08
controlled_f32_inputs,inputs/SIG-NIHDA-2067_1f828bfa/conf_010.xyz,near_vbur,59.61613464355469,59.61613376565512,8.778995663760725e-07,1.4725872191360232e-08
controlled_f32_inputs,inputs/SIG-NIHDA-401_9d42bff1/conf_000.xyz,near_vbur,43.562049865722656,43.5620497771458,8.857685429575213e-08,2.033349090524723e-09
controlled_f32_inputs,inputs/SIG-NIHDA-401_9d42bff1/conf_001.xyz,near_vbur,43.558162689208984,43.55816447124346,1.7820344737629057e-06,4.0911606248683456e-08
controlled_f32_inputs,inputs/SIG-NIHDA-401_9d42bff1/conf_002.xyz,near_vbur,43.558162689208984,43.55816447124346,1.7820344737629057e-06,4.0911606248683456e-08
controlled_f32_inputs,inputs/SIG-NIHDA-401_9d42bff1/conf_003.xyz,near_vbur,45.625144958496094,45.62514721129353,2.2527974365971204e-06,4.937622285719417e-08
controlled_f32_inputs,inputs/SIG-NIHDA-401_9d42bff1/conf_004.xyz,near_vbur,45.625144958496094,45.62514721129353,2.2527974365971204e-06,4.937622285719417e-08
controlled_f32_inputs,inputs/SIG-NIHDA-401_9d42bff1/conf_005.xyz,near_vbur,45.625144958496094,45.62514721129353,2.2527974365971204e-06,4.937622285719417e-08
controlled_f32_inputs,inputs/SIG-NIHDA-498_7d70a0ce/conf_000.xyz,near_vbur,52.393348693847656,52.39335009318686,1.3993392045108521e-06,2.6708336115594558e-08
controlled_f32_inputs,inputs/SIG-NIHDA-498_7d70a0ce/conf_001.xyz,near_vbur,52.393348693847656,52.39335009318686,1.3993392045108521e-06,2.6708336115594558e-08
controlled_f32_inputs,inputs/SIG-NIHDA-498_7d70a0ce/conf_002.xyz,near_vbur,52.393348693847656,52.39335009318686,1.3993392045108521e-06,2.6708336115594558e-08
controlled_f32_inputs,inputs/SIG-NIHDA-498_7d70a0ce/conf_003.xyz,near_vbur,52.393348693847656,52.39335009318686,1.3993392045108521e-06,2.6708336115594558e-08
controlled_f32_inputs,inputs/SIG-NIHDA-498_7d70a0ce/conf_004.xyz,near_vbur,52.393348693847656,52.39335009318686,1.3993392045108521e-06,2.6708336115594558e-08
controlled_f32_inputs,inputs/SIG-NIHDA-498_7d70a0ce/conf_005.xyz,near_vbur,52.393348693847656,52.39335009318686,1.3993392045108521e-06,2.6708336115594558e-08
controlled_f32_inputs,inputs/SIG-NIHDA-498_7d70a0ce/conf_006.xyz,near_vbur,52.393348693847656,52.39335009318686,1.3993392045108521e-06,2.6708336115594558e-08
controlled_f32_inputs,inputs/SIG-NIHDA-498_7d70a0ce/conf_007.xyz,near_vbur,52.393348693847656,52.39335009318686,1.3993392045108521e-06,2.6708336115594558e-08
controlled_f32_inputs,inputs/SIG-NIHDA-498_7d70a0ce/conf_008.xyz,near_vbur,52.393348693847656,52.39335009318686,1.3993392045108521e-06,2.6708336115594558e-08
controlled_f32_inputs,inputs/SIG-NIHDA-723_1db84e66/conf_000.xyz,near_vbur,61.25961685180664,61.25961816234908,1.3105424372383823e-06,2.1393251811743383e-08
controlled_f32_inputs,inputs/SIG-NIHDA-723_1db84e66/conf_001.xyz,near_vbur,61.26350402832031,61.26350346825143,5.600688837148482e-07,9.141966293277572e-09
controlled_f32_inputs,inputs/SIG-NIHDA-724_0d5c5a07/conf_000.xyz,near_vbur,60.439815521240234,60.43981861695327,3.0957130334741123e-06,5.121976048759634e-08
controlled_f32_inputs,inputs/SIG-NIHDA-724_0d5c5a07/conf_001.xyz,near_vbur,60.4398193359375,60.43981861695327,7.189842321508877e-07,1.1895870116810937e-08
controlled_f32_inputs,inputs/SIG-NIHDA-785_fe24eb0f/conf_000.xyz,near_vbur,47.53671646118164,47.53671771524964,1.2540679961148271e-06,2.638103883458756e-08
controlled_f32_inputs,inputs/SIG-NIHDA-785_fe24eb0f/conf_001.xyz,near_vbur,47.53671646118164,47.53671771524964,1.2540679961148271e-06,2.638103883458756e-08
controlled_f32_inputs,inputs/SIG-NIHDA-1057_be992081/conf_000.xyz,far_vbur,19.73346710205078,19.733468678034566,1.5759837843631885e-06,7.986349536802037e-08
controlled_f32_inputs,inputs/SIG-NIHDA-1058_219b0b66/conf_000.xyz,far_vbur,21.299245834350586,21.299246956681525,1.1223309392960346e-06,5.269345632634969e-08
controlled_f32_inputs,inputs/SIG-NIHDA-1058_219b0b66/conf_001.xyz,far_vbur,19.006916046142578,19.006916474295153,4.2815257472739177e-07,2.252614595883677e-08
controlled_f32_inputs,inputs/SIG-NIHDA-2062_d86f6436/conf_000.xyz,far_vbur,4.067914962768555,4.067915279760226,3.169916711343035e-07,7.792484585691467e-08
controlled_f32_inputs,inputs/SIG-NIHDA-2062_d86f6436/conf_001.xyz,far_vbur,0.17095345258712769,0.1709534597033906,7.1162629122767385e-09,4.16269019920607e-08
controlled_f32_inputs,inputs/SIG-NIHDA-2062_d86f6436/conf_002.xyz,far_vbur,5.936747074127197,5.936747418790472,3.4466327480942027e-07,5.805591016362298e-08
controlled_f32_inputs,inputs/SIG-NIHDA-2062_d86f6436/conf_003.xyz,far_vbur,8.982827186584473,8.982827246232706,5.964823301951583e-08,6.640251602804853e-09
controlled_f32_inputs,inputs/SIG-NIHDA-2063_9978c6ba/conf_000.xyz,far_vbur,0.0,0.0,0.0,
controlled_f32_inputs,inputs/SIG-NIHDA-2063_9978c6ba/conf_001.xyz,far_vbur,0.0,0.0,0.0,
controlled_f32_inputs,inputs/SIG-NIHDA-2063_9978c6ba/conf_002.xyz,far_vbur,0.0,0.0,0.0,
controlled_f32_inputs,inputs/SIG-NIHDA-2063_9978c6ba/conf_003.xyz,far_vbur,0.0,0.0,0.0,
controlled_f32_inputs,inputs/SIG-NIHDA-2063_9978c6ba/conf_004.xyz,far_vbur,0.0,0.0,0.0,
controlled_f32_inputs,inputs/SIG-NIHDA-2064_f0ba08d0/conf_000.xyz,far_vbur,0.0,0.0,0.0,
controlled_f32_inputs,inputs/SIG-NIHDA-2064_f0ba08d0/conf_001.xyz,far_vbur,1.6551401615142822,1.6551403144010088,1.5288672661206704e-07,9.237085537814137e-08
controlled_f32_inputs,inputs/SIG-NIHDA-2064_f0ba08d0/conf_002.xyz,far_vbur,1.6551401615142822,1.6551403144010088,1.5288672661206704e-07,9.237085537814137e-08
controlled_f32_inputs,inputs/SIG-NIHDA-2064_f0ba08d0/conf_003.xyz,far_vbur,1.6512548923492432,1.6512550084986592,1.1614941608506513e-07,7.034008404956758e-08
controlled_f32_inputs,inputs/SIG-NIHDA-2064_f0ba08d0/conf_004.xyz,far_vbur,0.0,0.0,0.0,
controlled_f32_inputs,inputs/SIG-NIHDA-2064_f0ba08d0/conf_005.xyz,far_vbur,0.0,0.0,0.0,
controlled_f32_inputs,inputs/SIG-NIHDA-2064_f0ba08d0/conf_006.xyz,far_vbur,0.0,0.0,0.0,
controlled_f32_inputs,inputs/SIG-NIHDA-2064_f0ba08d0/conf_007.xyz,far_vbur,0.0,0.0,0.0,
controlled_f32_inputs,inputs/SIG-NIHDA-2064_f0ba08d0/conf_008.xyz,far_vbur,0.0,0.0,0.0,
controlled_f32_inputs,inputs/SIG-NIHDA-2064_f0ba08d0/conf_009.xyz,far_vbur,0.0,0.0,0.0,
controlled_f32_inputs,inputs/SIG-NIHDA-2064_f0ba08d0/conf_010.xyz,far_vbur,0.0,0.0,0.0,
controlled_f32_inputs,inputs/SIG-NIHDA-2064_f0ba08d0/conf_011.xyz,far_vbur,0.0,0.0,0.0,
controlled_f32_inputs,inputs/SIG-NIHDA-2067_1f828bfa/conf_000.xyz,far_vbur,16.520320892333984,16.520320696791288,1.955426967015228e-07,1.1836495204327523e-08
controlled_f32_inputs,inputs/SIG-NIHDA-2067_1f828bfa/conf_001.xyz,far_vbur,16.520320892333984,16.520320696791288,1.955426967015228e-07,1.1836495204327523e-08
controlled_f32_inputs,inputs/SIG-NIHDA-2067_1f828bfa/conf_002.xyz,far_vbur,14.845752716064453,14.845753852878532,1.1368140793166503e-06,7.657503219994629e-08
controlled_f32_inputs,inputs/SIG-NIHDA-2067_1f828bfa/conf_003.xyz,far_vbur,14.841867446899414,14.841868546976182,1.1000767674573808e-06,7.411982958719208e-08
controlled_f32_inputs,inputs/SIG-NIHDA-2067_1f828bfa/conf_004.xyz,far_vbur,12.541767120361328,12.541767452785109,3.324237809465558e-07,2.650533764064773e-08
controlled_f32_inputs,inputs/SIG-NIHDA-2067_1f828bfa/conf_005.xyz,far_vbur,3.9047322273254395,3.9047324318615346,2.045360951719033e-07,5.238159047799164e-08
controlled_f32_inputs,inputs/SIG-NIHDA-2067_1f828bfa/conf_006.xyz,far_vbur,4.269950866699219,4.269951186682415,3.199831963840438e-07,7.49383733898509e-08
controlled_f32_inputs,inputs/SIG-NIHDA-2067_1f828bfa/conf_007.xyz,far_vbur,3.123785972595215,3.123785945489228,2.7105986788455994e-08,8.677286876073329e-09
controlled_f32_inputs,inputs/SIG-NIHDA-2067_1f828bfa/conf_008.xyz,far_vbur,10.094023704528809,10.094024734304744,1.0297759356348024e-06,1.0201836856364027e-07
controlled_f32_inputs,inputs/SIG-NIHDA-2067_1f828bfa/conf_009.xyz,far_vbur,0.05439428240060806,0.05439428263289701,2.322889450234733e-10,4.2704661920293026e-09
controlled_f32_inputs,inputs/SIG-NIHDA-2067_1f828bfa/conf_010.xyz,far_vbur,17.025409698486328,17.025410464096762,7.656104337172565e-07,4.49686916701232e-08
controlled_f32_inputs,inputs/SIG-NIHDA-401_9d42bff1/conf_000.xyz,far_vbur,0.0,0.0,0.0,
controlled_f32_inputs,inputs/SIG-NIHDA-401_9d42bff1/conf_001.xyz,far_vbur,0.0,0.0,0.0,
controlled_f32_inputs,inputs/SIG-NIHDA-401_9d42bff1/conf_002.xyz,far_vbur,0.0,0.0,0.0,
controlled_f32_inputs,inputs/SIG-NIHDA-401_9d42bff1/conf_003.xyz,far_vbur,0.0,0.0,0.0,
controlled_f32_inputs,inputs/SIG-NIHDA-401_9d42bff1/conf_004.xyz,far_vbur,0.0,0.0,0.0,
controlled_f32_inputs,inputs/SIG-NIHDA-401_9d42bff1/conf_005.xyz,far_vbur,0.0,0.0,0.0,
controlled_f32_inputs,inputs/SIG-NIHDA-498_7d70a0ce/conf_000.xyz,far_vbur,0.6838138699531555,0.6838138388135624,3.113959312628367e-08,4.553811484761964e-08
controlled_f32_inputs,inputs/SIG-NIHDA-498_7d70a0ce/conf_001.xyz,far_vbur,0.6838138699531555,0.6838138388135624,3.113959312628367e-08,4.553811484761964e-08
controlled_f32_inputs,inputs/SIG-NIHDA-498_7d70a0ce/conf_002.xyz,far_vbur,0.6838138699531555,0.6838138388135624,3.113959312628367e-08,4.553811484761964e-08
controlled_f32_inputs,inputs/SIG-NIHDA-498_7d70a0ce/conf_003.xyz,far_vbur,0.6838138699531555,0.6838138388135624,3.113959312628367e-08,4.553811484761964e-08
controlled_f32_inputs,inputs/SIG-NIHDA-498_7d70a0ce/conf_004.xyz,far_vbur,0.6838138699531555,0.6838138388135624,3.113959312628367e-08,4.553811484761964e-08
controlled_f32_inputs,inputs/SIG-NIHDA-498_7d70a0ce/conf_005.xyz,far_vbur,0.6838138699531555,0.6838138388135624,3.113959312628367e-08,4.553811484761964e-08
controlled_f32_inputs,inputs/SIG-NIHDA-498_7d70a0ce/conf_006.xyz,far_vbur,0.6838138699531555,0.6838138388135624,3.113959312628367e-08,4.553811484761964e-08
controlled_f32_inputs,inputs/SIG-NIHDA-498_7d70a0ce/conf_007.xyz,far_vbur,0.6838138699531555,0.6838138388135624,3.113959312628367e-08,4.553811484761964e-08
controlled_f32_inputs,inputs/SIG-NIHDA-498_7d70a0ce/conf_008.xyz,far_vbur,0.6838138699531555,0.6838138388135624,3.113959312628367e-08,4.553811484761964e-08
controlled_f32_inputs,inputs/SIG-NIHDA-723_1db84e66/conf_000.xyz,far_vbur,19.263347625732422,19.26334666385024,9.61882182792806e-07,4.9933285195862786e-08
controlled_f32_inputs,inputs/SIG-NIHDA-723_1db84e66/conf_001.xyz,far_vbur,19.26723289489746,19.26723196975259,9.251448709335364e-07,4.8016491024030377e-08
controlled_f32_inputs,inputs/SIG-NIHDA-724_0d5c5a07/conf_000.xyz,far_vbur,15.331417083740234,15.331417090672256,6.932021179295589e-09,4.521448433826173e-10
controlled_f32_inputs,inputs/SIG-NIHDA-724_0d5c5a07/conf_001.xyz,far_vbur,15.335302352905273,15.335302396574606,4.366933303856513e-08,2.8476342956444992e-09
controlled_f32_inputs,inputs/SIG-NIHDA-785_fe24eb0f/conf_000.xyz,far_vbur,0.0,0.0,0.0,
controlled_f32_inputs,inputs/SIG-NIHDA-785_fe24eb0f/conf_001.xyz,far_vbur,0.0,0.0,0.0,
matched_angular_count_361,inputs/SIG-NIHDA-1057_be992081/conf_000.xyz,sterimol_l,7.7556939125061035,7.755693621287523,2.9121858080571883e-07,3.754900528901677e-08
matched_angular_count_361,inputs/SIG-NIHDA-1058_219b0b66/conf_000.xyz,sterimol_l,7.77274751663208,7.772747195424199,3.2120788073797257e-07,4.132488458225774e-08
matched_angular_count_361,inputs/SIG-NIHDA-1058_219b0b66/conf_001.xyz,sterimol_l,7.694704532623291,7.694704673228326,1.4060503517043799e-07,1.8272960580233277e-08
matched_angular_count_361,inputs/SIG-NIHDA-2062_d86f6436/conf_000.xyz,sterimol_l,11.45744514465332,11.45744549086774,3.462144189114724e-07,3.0217417939053325e-08
matched_angular_count_361,inputs/SIG-NIHDA-2062_d86f6436/conf_001.xyz,sterimol_l,11.738725662231445,11.738726085139707,4.2290826129942616e-07,3.602675948242752e-08
matched_angular_count_361,inputs/SIG-NIHDA-2062_d86f6436/conf_002.xyz,sterimol_l,8.712657928466797,8.712657870322362,5.8144435044482634e-08,6.673558850800064e-09
matched_angular_count_361,inputs/SIG-NIHDA-2062_d86f6436/conf_003.xyz,sterimol_l,11.557687759399414,11.557687963512535,2.0411312107171398e-07,1.7660376514411564e-08
matched_angular_count_361,inputs/SIG-NIHDA-2063_9978c6ba/conf_000.xyz,sterimol_l,11.001583099365234,11.001583606092883,5.067276482861871e-07,4.605951892285324e-08
matched_angular_count_361,inputs/SIG-NIHDA-2063_9978c6ba/conf_001.xyz,sterimol_l,11.713179588317871,11.713180345240223,7.569223523518076e-07,6.462142048887611e-08
matched_angular_count_361,inputs/SIG-NIHDA-2063_9978c6ba/conf_002.xyz,sterimol_l,11.713068962097168,11.713069729310535,7.672133666147829e-07,6.550062317950046e-08
matched_angular_count_361,inputs/SIG-NIHDA-2063_9978c6ba/conf_003.xyz,sterimol_l,11.713212966918945,11.713213447570729,4.806517832633972e-07,4.103500592854665e-08
matched_angular_count_361,inputs/SIG-NIHDA-2063_9978c6ba/conf_004.xyz,sterimol_l,11.615283966064453,11.615285039790667,1.0737262137183734e-06,9.244079762486176e-08
matched_angular_count_361,inputs/SIG-NIHDA-2064_f0ba08d0/conf_000.xyz,sterimol_l,11.8062162399292,11.806217174289452,9.343602531686201e-07,7.914137436023016e-08
matched_angular_count_361,inputs/SIG-NIHDA-2064_f0ba08d0/conf_001.xyz,sterimol_l,11.407125473022461,11.407125678385329,2.0536286804428983e-07,1.8003033703171998e-08
matched_angular_count_361,inputs/SIG-NIHDA-2064_f0ba08d0/conf_002.xyz,sterimol_l,11.407112121582031,11.40711312539615,1.0038141180501725e-06,8.799896231548171e-08
matched_angular_count_361,inputs/SIG-NIHDA-2064_f0ba08d0/conf_003.xyz,sterimol_l,11.407353401184082,11.407354242512616,8.413285339514687e-07,7.375316975920924e-08
matched_angular_count_361,inputs/SIG-NIHDA-2064_f0ba08d0/conf_004.xyz,sterimol_l,11.187699317932129,11.18770038440219,1.0664700607065924e-06,9.532522538710968e-08
matched_angular_count_361,inputs/SIG-NIHDA-2064_f0ba08d0/conf_005.xyz,sterimol_l,11.187640190124512,11.187641023175264,8.330507519360708e-07,7.446169842332278e-08
matched_angular_count_361,inputs/SIG-NIHDA-2064_f0ba08d0/conf_006.xyz,sterimol_l,11.354656219482422,11.354657183734954,9.642525320430195e-07,8.492132491893008e-08
matched_angular_count_361,inputs/SIG-NIHDA-2064_f0ba08d0/conf_007.xyz,sterimol_l,11.354776382446289,11.35477675712964,3.7468335101209505e-07,3.2997861519103156e-08
matched_angular_count_361,inputs/SIG-NIHDA-2064_f0ba08d0/conf_008.xyz,sterimol_l,11.354710578918457,11.354710775817697,1.9689924002364023e-07,1.7340753446840724e-08
matched_angular_count_361,inputs/SIG-NIHDA-2064_f0ba08d0/conf_009.xyz,sterimol_l,11.354485511779785,11.35448595599409,4.4421430445140686e-07,3.9122361520637924e-08
matched_angular_count_361,inputs/SIG-NIHDA-2064_f0ba08d0/conf_010.xyz,sterimol_l,10.795769691467285,10.795770052408026,3.6094074040704527e-07,3.343353356498516e-08
matched_angular_count_361,inputs/SIG-NIHDA-2064_f0ba08d0/conf_011.xyz,sterimol_l,10.795425415039062,10.79542636952147,9.544824077778458e-07,8.841544327258982e-08
matched_angular_count_361,inputs/SIG-NIHDA-2067_1f828bfa/conf_000.xyz,sterimol_l,10.343182563781738,10.343182870433603,3.0665186478984197e-07,2.964772726453657e-08
matched_angular_count_361,inputs/SIG-NIHDA-2067_1f828bfa/conf_001.xyz,sterimol_l,10.343094825744629,10.343095861307368,1.0355627395597367e-06,1.0012115844673622e-07
matched_angular_count_361,inputs/SIG-NIHDA-2067_1f828bfa/conf_002.xyz,sterimol_l,10.018524169921875,10.018525256959968,1.0870380933170054e-06,1.0850280509717029e-07
matched_angular_count_361,inputs/SIG-NIHDA-2067_1f828bfa/conf_003.xyz,sterimol_l,10.020400047302246,10.020400686569891,6.392676450417412e-07,6.379661502943058e-08
matched_angular_count_361,inputs/SIG-NIHDA-2067_1f828bfa/conf_004.xyz,sterimol_l,11.541112899780273,11.541113155424487,2.5564421335388943e-07,2.215074143292088e-08
matched_angular_count_361,inputs/SIG-NIHDA-2067_1f828bfa/conf_005.xyz,sterimol_l,11.348904609680176,11.348904844421872,2.3474169630333108e-07,2.0684083576461525e-08
matched_angular_count_361,inputs/SIG-NIHDA-2067_1f828bfa/conf_006.xyz,sterimol_l,11.571478843688965,11.57147937429862,5.306096557688988e-07,4.585495411653538e-08
matched_angular_count_361,inputs/SIG-NIHDA-2067_1f828bfa/conf_007.xyz,sterimol_l,11.439079284667969,11.439079960939605,6.762716360242393e-07,5.911940805846858e-08
matched_angular_count_361,inputs/SIG-NIHDA-2067_1f828bfa/conf_008.xyz,sterimol_l,8.495448112487793,8.49544860320359,4.907157968858655e-07,5.776219947947412e-08
matched_angular_count_361,inputs/SIG-NIHDA-2067_1f828bfa/conf_009.xyz,sterimol_l,11.03502082824707,11.035021648447849,8.202007784063881e-07,7.432706564030664e-08
matched_angular_count_361,inputs/SIG-NIHDA-2067_1f828bfa/conf_010.xyz,sterimol_l,11.259902954101562,11.259903296295578,3.421940153458536e-07,3.0390493269905154e-08
matched_angular_count_361,inputs/SIG-NIHDA-401_9d42bff1/conf_000.xyz,sterimol_l,12.795559883117676,12.795560663924464,7.808067881143188e-07,6.10216940564167e-08
matched_angular_count_361,inputs/SIG-NIHDA-401_9d42bff1/conf_001.xyz,sterimol_l,12.73031234741211,12.730313319480695,9.72068585625152e-07,7.635857509788341e-08
matched_angular_count_361,inputs/SIG-NIHDA-401_9d42bff1/conf_002.xyz,sterimol_l,12.730334281921387,12.730335330443456,1.0485220691691666e-06,8.236405734432776e-08
matched_angular_count_361,inputs/SIG-NIHDA-401_9d42bff1/conf_003.xyz,sterimol_l,10.371916770935059,10.37191779806251,1.0271274515361029e-06,9.902965599360726e-08
matched_angular_count_361,inputs/SIG-NIHDA-401_9d42bff1/conf_004.xyz,sterimol_l,10.085586547851562,10.085587637036836,1.0891852735284147e-06,1.0799423025473003e-07
matched_angular_count_361,inputs/SIG-NIHDA-401_9d42bff1/conf_005.xyz,sterimol_l,10.085550308227539,10.085550742914362,4.346868234250678e-07,4.3099958991377687e-08
matched_angular_count_361,inputs/SIG-NIHDA-498_7d70a0ce/conf_000.xyz,sterimol_l,9.882072448730469,9.88207325923189,8.105014206449823e-07,8.201734589326256e-08
matched_angular_count_361,inputs/SIG-NIHDA-498_7d70a0ce/conf_001.xyz,sterimol_l,9.882079124450684,9.88208007829995,9.538492662386489e-07,9.652312657668151e-08
matched_angular_count_361,inputs/SIG-NIHDA-498_7d70a0ce/conf_002.xyz,sterimol_l,9.882070541381836,9.882070944723585,4.033417493332081e-07,4.081550836756213e-08
matched_angular_count_361,inputs/SIG-NIHDA-498_7d70a0ce/conf_003.xyz,sterimol_l,9.88206672668457,9.882067723763118,9.970785477264599e-07,1.0089776508299113e-07
matched_angular_count_361,inputs/SIG-NIHDA-498_7d70a0ce/conf_004.xyz,sterimol_l,9.882070541381836,9.88207139820711,8.568252738427873e-07,8.670502765222278e-08
matched_angular_count_361,inputs/SIG-NIHDA-498_7d70a0ce/conf_005.xyz,sterimol_l,9.88206958770752,9.88206984425523,2.5654771107497254e-07,2.5960928744509135e-08
matched_angular_count_361,inputs/SIG-NIHDA-498_7d70a0ce/conf_006.xyz,sterimol_l,9.88208293914795,9.88208321724982,2.7810187042121015e-07,2.814202879163831e-08
matched_angular_count_361,inputs/SIG-NIHDA-498_7d70a0ce/conf_007.xyz,sterimol_l,9.882075309753418,9.882075890706908,5.809534897593949e-07,5.87886084042041e-08
matched_angular_count_361,inputs/SIG-NIHDA-498_7d70a0ce/conf_008.xyz,sterimol_l,9.882062911987305,9.88206351225769,6.002703845098267e-07,6.07434250716212e-08
matched_angular_count_361,inputs/SIG-NIHDA-723_1db84e66/conf_000.xyz,sterimol_l,7.771545886993408,7.771545646205212,2.407881964927583e-07,3.098330852760717e-08
matched_angular_count_361,inputs/SIG-NIHDA-723_1db84e66/conf_001.xyz,sterimol_l,7.77163553237915,7.771635552321371,1.994222031953541e-08,2.5660261839708516e-09
matched_angular_count_361,inputs/SIG-NIHDA-724_0d5c5a07/conf_000.xyz,sterimol_l,7.709126949310303,7.7091269511855085,1.875205768442356e-09,2.4324489404782564e-10
matched_angular_count_361,inputs/SIG-NIHDA-724_0d5c5a07/conf_001.xyz,sterimol_l,7.70919942855835,7.709199532546046,1.039876966757447e-07,1.3488780026608242e-08
matched_angular_count_361,inputs/SIG-NIHDA-785_fe24eb0f/conf_000.xyz,sterimol_l,10.979031562805176,10.979032398830897,8.360257215400679e-07,7.614748651521351e-08
matched_angular_count_361,inputs/SIG-NIHDA-785_fe24eb0f/conf_001.xyz,sterimol_l,10.978879928588867,10.978880847027368,9.184385003635498e-07,8.365502032133133e-08
matched_angular_count_361,inputs/SIG-NIHDA-1057_be992081/conf_000.xyz,sterimol_b1,3.632925033569336,3.617650463131469,0.015274570437866952,0.004222235009582754
matched_angular_count_361,inputs/SIG-NIHDA-1058_219b0b66/conf_000.xyz,sterimol_b1,4.0650315284729,4.0690690488479975,0.004037520375097081,0.0009922467096595846
matched_angular_count_361,inputs/SIG-NIHDA-1058_219b0b66/conf_001.xyz,sterimol_b1,4.108599662780762,4.127712177482447,0.019112514701685512,0.004630292491309924
matched_angular_count_361,inputs/SIG-NIHDA-2062_d86f6436/conf_000.xyz,sterimol_b1,4.294355392456055,4.294375369014562,1.9976558506940023e-05,4.651796079839216e-06
matched_angular_count_361,inputs/SIG-NIHDA-2062_d86f6436/conf_001.xyz,sterimol_b1,4.292616844177246,4.290750845536362,0.0018659986408842144,0.000434888602964537
matched_angular_count_361,inputs/SIG-NIHDA-2062_d86f6436/conf_002.xyz,sterimol_b1,5.672011375427246,5.677072444912279,0.005061069485033265,0.0008914928484960469
matched_angular_count_361,inputs/SIG-NIHDA-2062_d86f6436/conf_003.xyz,sterimol_b1,5.135127544403076,5.119227997969471,0.01589954643360514,0.0031058484677595243
matched_angular_count_361,inputs/SIG-NIHDA-2063_9978c6ba/conf_000.xyz,sterimol_b1,3.667086124420166,3.681612524243578,0.014526399823412195,0.003945662322624997
matched_angular_count_361,inputs/SIG-NIHDA-2063_9978c6ba/conf_001.xyz,sterimol_b1,3.865555763244629,3.851057273377508,0.014498489867120767,0.0037648076457728447
matched_angular_count_361,inputs/SIG-NIHDA-2063_9978c6ba/conf_002.xyz,sterimol_b1,3.8468785285949707,3.853087966407551,0.006209437812580099,0.001611548416936223
matched_angular_count_361,inputs/SIG-NIHDA-2063_9978c6ba/conf_003.xyz,sterimol_b1,3.857642412185669,3.869998046447361,0.01235563426169195,0.00319267196349992
matched_angular_count_361,inputs/SIG-NIHDA-2063_9978c6ba/conf_004.xyz,sterimol_b1,3.829638957977295,3.822484682791166,0.007154275186128878,0.0018716295236806152
matched_angular_count_361,inputs/SIG-NIHDA-2064_f0ba08d0/conf_000.xyz,sterimol_b1,3.706277847290039,3.7229325496386796,0.016654702348640527,0.004473543940584395
matched_angular_count_361,inputs/SIG-NIHDA-2064_f0ba08d0/conf_001.xyz,sterimol_b1,3.7948238849639893,3.8035685515455775,0.008744666581588234,0.0022990690092951904
matched_angular_count_361,inputs/SIG-NIHDA-2064_f0ba08d0/conf_002.xyz,sterimol_b1,3.805974245071411,3.801306101400672,0.004668143670738978,0.0012280367711032009
matched_angular_count_361,inputs/SIG-NIHDA-2064_f0ba08d0/conf_003.xyz,sterimol_b1,3.8048651218414307,3.7935280999036483,0.01133702193778241,0.0029885166629108027
matched_angular_count_361,inputs/SIG-NIHDA-2064_f0ba08d0/conf_004.xyz,sterimol_b1,3.5731279850006104,3.5563677363974002,0.016760248603210126,0.004712743407178768
matched_angular_count_361,inputs/SIG-NIHDA-2064_f0ba08d0/conf_005.xyz,sterimol_b1,3.5597145557403564,3.5706573712282723,0.010942815487915869,0.0030646501050734095
matched_angular_count_361,inputs/SIG-NIHDA-2064_f0ba08d0/conf_006.xyz,sterimol_b1,3.166247844696045,3.1750571439671367,0.008809299271091753,0.00277453251127468
matched_angular_count_361,inputs/SIG-NIHDA-2064_f0ba08d0/conf_007.xyz,sterimol_b1,3.1689157485961914,3.170239773016042,0.001324024419850467,0.00041764172890646753
matched_angular_count_361,inputs/SIG-NIHDA-2064_f0ba08d0/conf_008.xyz,sterimol_b1,3.175814628601074,3.1752571862050574,0.0005574423960168495,0.00017555818736153552
matched_angular_count_361,inputs/SIG-NIHDA-2064_f0ba08d0/conf_009.xyz,sterimol_b1,3.1634361743927,3.1724041432745764,0.008967968881876232,0.0028268683549944663
matched_angular_count_361,inputs/SIG-NIHDA-2064_f0ba08d0/conf_010.xyz,sterimol_b1,4.197675704956055,4.194314042675355,0.003361662280699562,0.0008014808253497672
matched_angular_count_361,inputs/SIG-NIHDA-2064_f0ba08d0/conf_011.xyz,sterimol_b1,4.185005187988281,4.197558285280131,0.012553097291849724,0.0029905712889968777
matched_angular_count_361,inputs/SIG-NIHDA-2067_1f828bfa/conf_000.xyz,sterimol_b1,4.154528617858887,4.169024213863048,0.014495596004160838,0.003476975728747115
matched_angular_count_361,inputs/SIG-NIHDA-2067_1f828bfa/conf_001.xyz,sterimol_b1,4.161717414855957,4.159221613819885,0.002495801036071832,0.0006000644514298084
matched_angular_count_361,inputs/SIG-NIHDA-2067_1f828bfa/conf_002.xyz,sterimol_b1,4.311798095703125,4.305956168930669,0.005841926772456318,0.001356708369353209
matched_angular_count_361,inputs/SIG-NIHDA-2067_1f828bfa/conf_003.xyz,sterimol_b1,4.300880432128906,4.307501979411873,0.006621547282966489,0.0015372128241878523
matched_angular_count_361,inputs/SIG-NIHDA-2067_1f828bfa/conf_004.xyz,sterimol_b1,4.252811431884766,4.258855665425541,0.006044233540775323,0.0014192153985973105
matched_angular_count_361,inputs/SIG-NIHDA-2067_1f828bfa/conf_005.xyz,sterimol_b1,5.095617771148682,5.091705560436008,0.003912210712673669,0.0007683497535821107
matched_angular_count_361,inputs/SIG-NIHDA-2067_1f828bfa/conf_006.xyz,sterimol_b1,4.872966766357422,4.871607161676099,0.0013596046813226792,0.0002790875036103898
matched_angular_count_361,inputs/SIG-NIHDA-2067_1f828bfa/conf_007.xyz,sterimol_b1,4.911969184875488,4.908735998163085,0.0032331867124035796,0.0006586597269874529
matched_angular_count_361,inputs/SIG-NIHDA-2067_1f828bfa/conf_008.xyz,sterimol_b1,4.590956211090088,4.596317666015125,0.005361454925036924,0.001166467445163587
matched_angular_count_361,inputs/SIG-NIHDA-2067_1f828bfa/conf_009.xyz,sterimol_b1,4.43907356262207,4.441113566216837,0.0020400035947663042,0.0004593450638786708
matched_angular_count_361,inputs/SIG-NIHDA-2067_1f828bfa/conf_010.xyz,sterimol_b1,4.2660417556762695,4.271556841115961,0.005515085439691703,0.0012911183544618043
matched_angular_count_361,inputs/SIG-NIHDA-401_9d42bff1/conf_000.xyz,sterimol_b1,3.2668983936309814,3.265504446996891,0.001393946634090426,0.0004268702299187998
matched_angular_count_361,inputs/SIG-NIHDA-401_9d42bff1/conf_001.xyz,sterimol_b1,3.265108108520508,3.268939432741173,0.003831324220665344,0.001172038913383165
matched_angular_count_361,inputs/SIG-NIHDA-401_9d42bff1/conf_002.xyz,sterimol_b1,3.268868923187256,3.2676037175680346,0.0012652056192212768,0.00038719677432700624
matched_angular_count_361,inputs/SIG-NIHDA-401_9d42bff1/conf_003.xyz,sterimol_b1,3.1932570934295654,3.196819792500234,0.003562699070668529,0.001114451017547705
matched_angular_count_361,inputs/SIG-NIHDA-401_9d42bff1/conf_004.xyz,sterimol_b1,3.19978928565979,3.1919807906286275,0.007808495031162543,0.002446285094850067
matched_angular_count_361,inputs/SIG-NIHDA-401_9d42bff1/conf_005.xyz,sterimol_b1,3.199592113494873,3.1997511244616117,0.00015901096673864856,4.9694792048992144e-05
matched_angular_count_361,inputs/SIG-NIHDA-498_7d70a0ce/conf_000.xyz,sterimol_b1,3.5897743701934814,3.5996000284850287,0.009825658291547246,0.0027296527985867895
matched_angular_count_361,inputs/SIG-NIHDA-498_7d70a0ce/conf_001.xyz,sterimol_b1,3.596698760986328,3.5935582273422626,0.003140533644065524,0.0008739342582986924
matched_angular_count_361,inputs/SIG-NIHDA-498_7d70a0ce/conf_002.xyz,sterimol_b1,3.5918242931365967,3.59977730079892,0.00795300766232332,0.0022093054646903465
matched_angular_count_361,inputs/SIG-NIHDA-498_7d70a0ce/conf_003.xyz,sterimol_b1,3.598867893218994,3.5914096350249256,0.007458258194068534,0.0020766938199787872
matched_angular_count_361,inputs/SIG-NIHDA-498_7d70a0ce/conf_004.xyz,sterimol_b1,3.601461172103882,3.59453761127225,0.006923560831631814,0.0019261339232951552
matched_angular_count_361,inputs/SIG-NIHDA-498_7d70a0ce/conf_005.xyz,sterimol_b1,3.594985246658325,3.593496328948419,0.0014889177099060014,0.00041433678334707244
matched_angular_count_361,inputs/SIG-NIHDA-498_7d70a0ce/conf_006.xyz,sterimol_b1,3.6016652584075928,3.595103180250328,0.006562078157264839,0.0018252822876721774
matched_angular_count_361,inputs/SIG-NIHDA-498_7d70a0ce/conf_007.xyz,sterimol_b1,3.5917727947235107,3.5923934090889182,0.0006206143654075014,0.00017275790670290143
matched_angular_count_361,inputs/SIG-NIHDA-498_7d70a0ce/conf_008.xyz,sterimol_b1,3.6000211238861084,3.6013682692241993,0.0013471453380908827,0.0003740648657353452
matched_angular_count_361,inputs/SIG-NIHDA-723_1db84e66/conf_000.xyz,sterimol_b1,3.2688417434692383,3.2712602318839816,0.002418488414743347,0.0007393139778887274
matched_angular_count_361,inputs/SIG-NIHDA-723_1db84e66/conf_001.xyz,sterimol_b1,3.2689247131347656,3.2723770614717718,0.003452348337006139,0.0010549971082652145
matched_angular_count_361,inputs/SIG-NIHDA-724_0d5c5a07/conf_000.xyz,sterimol_b1,3.261533260345459,3.2651161064131196,0.0035828460676605722,0.0010973104633625092
matched_angular_count_361,inputs/SIG-NIHDA-724_0d5c5a07/conf_001.xyz,sterimol_b1,3.2614965438842773,3.26214603424493,0.0006494903606526492,0.00019909910648834058
matched_angular_count_361,inputs/SIG-NIHDA-785_fe24eb0f/conf_000.xyz,sterimol_b1,2.989257574081421,2.984832539834227,0.004425034247193871,0.0014825067028516215
matched_angular_count_361,inputs/SIG-NIHDA-785_fe24eb0f/conf_001.xyz,sterimol_b1,2.9893670082092285,2.98167247220939,0.007694535999838603,0.002580610738287102
matched_angular_count_361,inputs/SIG-NIHDA-1057_be992081/conf_000.xyz,sterimol_b5,7.855380535125732,7.855239981328274,0.00014055379745858687,1.7892998532531156e-05
matched_angular_count_361,inputs/SIG-NIHDA-1058_219b0b66/conf_000.xyz,sterimol_b5,7.855285167694092,7.855279670798074,5.4968960174761605e-06,6.997708863136748e-07
matched_angular_count_361,inputs/SIG-NIHDA-1058_219b0b66/conf_001.xyz,sterimol_b5,7.84199333190918,7.841986030963356,7.300945823907057e-06,9.310072467714108e-07
matched_angular_count_361,inputs/SIG-NIHDA-2062_d86f6436/conf_000.xyz,sterimol_b5,10.269245147705078,10.26923123679857,1.3910906508485255e-05,1.3546200477633782e-06
matched_angular_count_361,inputs/SIG-NIHDA-2062_d86f6436/conf_001.xyz,sterimol_b5,10.261292457580566,10.261241519699446,5.0937881120205475e-05,4.964105076604557e-06
matched_angular_count_361,inputs/SIG-NIHDA-2062_d86f6436/conf_002.xyz,sterimol_b5,10.00451374053955,10.004477470298482,3.627024106833687e-05,3.62540084437361e-06
matched_angular_count_361,inputs/SIG-NIHDA-2062_d86f6436/conf_003.xyz,sterimol_b5,9.498126983642578,9.498119502410946,7.481231632411323e-06,7.876539804023661e-07
matched_angular_count_361,inputs/SIG-NIHDA-2063_9978c6ba/conf_000.xyz,sterimol_b5,9.46917724609375,9.469150471841584,2.6774252166461565e-05,2.8275242056909083e-06
matched_angular_count_361,inputs/SIG-NIHDA-2063_9978c6ba/conf_001.xyz,sterimol_b5,9.449735641479492,9.449451794916543,0.00028384656294910826,3.0038415890095047e-05
matched_angular_count_361,inputs/SIG-NIHDA-2063_9978c6ba/conf_002.xyz,sterimol_b5,9.449753761291504,9.449671868852453,8.189243905043497e-05,8.666167480414302e-06
matched_angular_count_361,inputs/SIG-NIHDA-2063_9978c6ba/conf_003.xyz,sterimol_b5,9.449705123901367,9.449636953455773,6.817044559426222e-05,7.214080914434707e-06
matched_angular_count_361,inputs/SIG-NIHDA-2063_9978c6ba/conf_004.xyz,sterimol_b5,9.46900463104248,9.46884408566386,0.0001605453786197586,1.695511903747888e-05
matched_angular_count_361,inputs/SIG-NIHDA-2064_f0ba08d0/conf_000.xyz,sterimol_b5,9.44001579284668,9.4398774127423,0.0001383801043797206,1.4659099724423323e-05
matched_angular_count_361,inputs/SIG-NIHDA-2064_f0ba08d0/conf_001.xyz,sterimol_b5,9.495329856872559,9.495317826831629,1.203004092964477e-05,1.2669445245582602e-06
matched_angular_count_361,inputs/SIG-NIHDA-2064_f0ba08d0/conf_002.xyz,sterimol_b5,9.495342254638672,9.495339995653922,2.2589847503695637e-06,2.3790456701956072e-07
matched_angular_count_361,inputs/SIG-NIHDA-2064_f0ba08d0/conf_003.xyz,sterimol_b5,9.49532413482666,9.495298649266296,2.5485560364302273e-05,2.684018829283642e-06
matched_angular_count_361,inputs/SIG-NIHDA-2064_f0ba08d0/conf_004.xyz,sterimol_b5,9.478620529174805,9.478574387816995,4.6141357810114414e-05,4.867963885942684e-06
matched_angular_count_361,inputs/SIG-NIHDA-2064_f0ba08d0/conf_005.xyz,sterimol_b5,9.478606224060059,9.478461547101075,0.0001446769589836805,1.5263759658119727e-05
matched_angular_count_361,inputs/SIG-NIHDA-2064_f0ba08d0/conf_006.xyz,sterimol_b5,9.492225646972656,9.492215515473761,1.0131498894949686e-05,1.0673481737149558e-06
matched_angular_count_361,inputs/SIG-NIHDA-2064_f0ba08d0/conf_007.xyz,sterimol_b5,9.492229461669922,9.492104650170743,0.0001248114991785343,1.3148980524175868e-05
matched_angular_count_361,inputs/SIG-NIHDA-2064_f0ba08d0/conf_008.xyz,sterimol_b5,9.492218971252441,9.492159084944836,5.9886307605339084e-05,6.309029070143015e-06
matched_angular_count_361,inputs/SIG-NIHDA-2064_f0ba08d0/conf_009.xyz,sterimol_b5,9.492209434509277,9.492115067789907,9.436671937024244e-05,9.941590330111144e-06
matched_angular_count_361,inputs/SIG-NIHDA-2064_f0ba08d0/conf_010.xyz,sterimol_b5,9.442136764526367,9.441863016115423,0.0002737484109438526,2.899305046860109e-05
matched_angular_count_361,inputs/SIG-NIHDA-2064_f0ba08d0/conf_011.xyz,sterimol_b5,9.442097663879395,9.442083935457509,1.372842188551715e-05,1.4539610089636372e-06
matched_angular_count_361,inputs/SIG-NIHDA-2067_1f828bfa/conf_000.xyz,sterimol_b5,9.347943305969238,9.347883135281306,6.017068793262581e-05,6.436825007527771e-06
matched_angular_count_361,inputs/SIG-NIHDA-2067_1f828bfa/conf_001.xyz,sterimol_b5,9.347935676574707,9.347720711720818,0.0002149648538889437,2.2996499416098935e-05
matched_angular_count_361,inputs/SIG-NIHDA-2067_1f828bfa/conf_002.xyz,sterimol_b5,9.265027046203613,9.265021011476552,6.034727061177136e-06,6.513452105183506e-07
matched_angular_count_361,inputs/SIG-NIHDA-2067_1f828bfa/conf_003.xyz,sterimol_b5,9.265595436096191,9.265428009909067,0.00016742618712406454,1.8069989529356637e-05
matched_angular_count_361,inputs/SIG-NIHDA-2067_1f828bfa/conf_004.xyz,sterimol_b5,9.495078086853027,9.49481979330032,0.000258293552708011,2.720362875030726e-05
matched_angular_count_361,inputs/SIG-NIHDA-2067_1f828bfa/conf_005.xyz,sterimol_b5,9.492630004882812,9.49262967502591,3.2985690268105827e-07,3.4748738123522965e-08
matched_angular_count_361,inputs/SIG-NIHDA-2067_1f828bfa/conf_006.xyz,sterimol_b5,9.49464225769043,9.494520760037414,0.00012149765301572302,1.279660723131056e-05
matched_angular_count_361,inputs/SIG-NIHDA-2067_1f828bfa/conf_007.xyz,sterimol_b5,9.506027221679688,9.505999732100907,2.7489578780404145e-05,2.8918135446158607e-06
matched_angular_count_361,inputs/SIG-NIHDA-2067_1f828bfa/conf_008.xyz,sterimol_b5,8.758225440979004,8.758225077874442,3.63104561529326e-07,4.145869263472376e-08
matched_angular_count_361,inputs/SIG-NIHDA-2067_1f828bfa/conf_009.xyz,sterimol_b5,9.475122451782227,9.47508022554186,4.2226240367426726e-05,4.456557555428181e-06
matched_angular_count_361,inputs/SIG-NIHDA-2067_1f828bfa/conf_010.xyz,sterimol_b5,9.48397445678711,9.483912520823868,6.193596324166606e-05,6.530634177157687e-06
matched_angular_count_361,inputs/SIG-NIHDA-401_9d42bff1/conf_000.xyz,sterimol_b5,6.595738887786865,6.595680480596066,5.8407190799414366e-05,8.85536996087718e-06
matched_angular_count_361,inputs/SIG-NIHDA-401_9d42bff1/conf_001.xyz,sterimol_b5,6.595636367797852,6.595561481334907,7.488646294451229e-05,1.1354069423268519e-05
matched_angular_count_361,inputs/SIG-NIHDA-401_9d42bff1/conf_002.xyz,sterimol_b5,6.595628261566162,6.595625619355168,2.642210993997196e-06,4.0060051107866186e-07
matched_angular_count_361,inputs/SIG-NIHDA-401_9d42bff1/conf_003.xyz,sterimol_b5,8.87193775177002,8.871884730579827,5.3021190192126255e-05,5.976316397503625e-06
matched_angular_count_361,inputs/SIG-NIHDA-401_9d42bff1/conf_004.xyz,sterimol_b5,8.811678886413574,8.811677788371483,1.0980420910300381e-06,1.2461214735735034e-07
matched_angular_count_361,inputs/SIG-NIHDA-401_9d42bff1/conf_005.xyz,sterimol_b5,8.811671257019043,8.811550190185303,0.00012106683374035754,1.3739561272113864e-05
matched_angular_count_361,inputs/SIG-NIHDA-498_7d70a0ce/conf_000.xyz,sterimol_b5,7.186157703399658,7.185994463056454,0.0001632403432045848,2.271645824997658e-05
matched_angular_count_361,inputs/SIG-NIHDA-498_7d70a0ce/conf_001.xyz,sterimol_b5,7.18615198135376,7.18614862278759,3.3585661700641367e-06,4.67366644688363e-07
matched_angular_count_361,inputs/SIG-NIHDA-498_7d70a0ce/conf_002.xyz,sterimol_b5,7.186168670654297,7.186013630465111,0.00015504018918566231,2.1575270679750633e-05
matched_angular_count_361,inputs/SIG-NIHDA-498_7d70a0ce/conf_003.xyz,sterimol_b5,7.186168670654297,7.186165721312762,2.9493415345527296e-06,4.1041935977145076e-07
matched_angular_count_361,inputs/SIG-NIHDA-498_7d70a0ce/conf_004.xyz,sterimol_b5,7.186148166656494,7.1860730144839176,7.51521725765869e-05,1.0458030752695338e-05
matched_angular_count_361,inputs/SIG-NIHDA-498_7d70a0ce/conf_005.xyz,sterimol_b5,7.186168670654297,7.18616544573451,3.2249197872147306e-06,4.4876781804807255e-07
matched_angular_count_361,inputs/SIG-NIHDA-498_7d70a0ce/conf_006.xyz,sterimol_b5,7.186163425445557,7.186143417478408,2.000796714884956e-05,2.784242671832214e-06
matched_angular_count_361,inputs/SIG-NIHDA-498_7d70a0ce/conf_007.xyz,sterimol_b5,7.186176300048828,7.186176360443273,6.039444500061109e-08,8.40425310643026e-09
matched_angular_count_361,inputs/SIG-NIHDA-498_7d70a0ce/conf_008.xyz,sterimol_b5,7.18616247177124,7.185960929678689,0.0002015420925509659,2.8046644634342253e-05
matched_angular_count_361,inputs/SIG-NIHDA-723_1db84e66/conf_000.xyz,sterimol_b5,7.8502092361450195,7.850208175513035,1.0606319849060242e-06,1.3510877179211987e-07
matched_angular_count_361,inputs/SIG-NIHDA-723_1db84e66/conf_001.xyz,sterimol_b5,7.8502116203308105,7.850191613761356,2.00065694544449e-05,2.548545365360695e-06
matched_angular_count_361,inputs/SIG-NIHDA-724_0d5c5a07/conf_000.xyz,sterimol_b5,8.849546432495117,8.849400234604792,0.00014619789032543906,1.6520655236469613e-05
matched_angular_count_361,inputs/SIG-NIHDA-724_0d5c5a07/conf_001.xyz,sterimol_b5,8.849446296691895,8.849417458958033,2.8837733861308834e-05,3.2587155024670188e-06
matched_angular_count_361,inputs/SIG-NIHDA-785_fe24eb0f/conf_000.xyz,sterimol_b5,9.465792655944824,9.465780296475929,1.2359468895439818e-05,1.3056999537630509e-06
matched_angular_count_361,inputs/SIG-NIHDA-785_fe24eb0f/conf_001.xyz,sterimol_b5,9.465731620788574,9.465731348017348,2.727712260508497e-07,2.8816709034107882e-08
matched_angular_count_361,inputs/SIG-NIHDA-1057_be992081/conf_000.xyz,pyr_p,0.9479392170906067,0.9479392320849367,1.4994329999851175e-08,1.581781773803372e-08
matched_angular_count_361,inputs/SIG-NIHDA-1058_219b0b66/conf_000.xyz,pyr_p,0.9470087289810181,0.9470087260024461,2.9785719446451253e-09,3.145242343455906e-09
matched_angular_count_361,inputs/SIG-NIHDA-1058_219b0b66/conf_001.xyz,pyr_p,0.9466845989227295,0.9466846040827673,5.160037841456244e-09,5.450640920114836e-09
matched_angular_count_361,inputs/SIG-NIHDA-2062_d86f6436/conf_000.xyz,pyr_p,0.9405514001846313,0.9405513840768023,1.6107829070577395e-08,1.7125942657974e-08
matched_angular_count_361,inputs/SIG-NIHDA-2062_d86f6436/conf_001.xyz,pyr_p,0.9397690892219543,0.9397690932906129,4.068658521205748e-09,4.329423632095934e-09
matched_angular_count_361,inputs/SIG-NIHDA-2062_d86f6436/conf_002.xyz,pyr_p,0.9371498823165894,0.9371498960333068,1.3716717428557956e-08,1.463663122262189e-08
matched_angular_count_361,inputs/SIG-NIHDA-2062_d86f6436/conf_003.xyz,pyr_p,0.9346572160720825,0.9346571993601724,1.6711910078015535e-08,1.788025608689027e-08
matched_angular_count_361,inputs/SIG-NIHDA-2063_9978c6ba/conf_000.xyz,pyr_p,0.9346532821655273,0.9346532905261208,8.360593439782349e-09,8.945128128823182e-09
matched_angular_count_361,inputs/SIG-NIHDA-2063_9978c6ba/conf_001.xyz,pyr_p,0.9518364667892456,0.9518364959834993,2.9194253681197324e-08,3.067150062472854e-08
matched_angular_count_361,inputs/SIG-NIHDA-2063_9978c6ba/conf_002.xyz,pyr_p,0.9518359899520874,0.9518360149991636,2.5047076190887196e-08,2.6314486735311445e-08
matched_angular_count_361,inputs/SIG-NIHDA-2063_9978c6ba/conf_003.xyz,pyr_p,0.951836347579956,0.9518363361586072,1.1421348866669234e-08,1.1999278061565893e-08
matched_angular_count_361,inputs/SIG-NIHDA-2063_9978c6ba/conf_004.xyz,pyr_p,0.9505084156990051,0.950508426128221,1.0429215824281357e-08,1.097224973245475e-08
matched_angular_count_361,inputs/SIG-NIHDA-2064_f0ba08d0/conf_000.xyz,pyr_p,0.9384198784828186,0.9384198546227792,2.3860039388701182e-08,2.5425761476767035e-08
matched_angular_count_361,inputs/SIG-NIHDA-2064_f0ba08d0/conf_001.xyz,pyr_p,0.9310571551322937,0.9310571702441394,1.5111845663717816e-08,1.6230846124900393e-08
matched_angular_count_361,inputs/SIG-NIHDA-2064_f0ba08d0/conf_002.xyz,pyr_p,0.931056022644043,0.9310560128986274,9.745415585626915e-09,1.0467056171289651e-08
matched_angular_count_361,inputs/SIG-NIHDA-2064_f0ba08d0/conf_003.xyz,pyr_p,0.9310547709465027,0.9310548005792227,2.963272005551687e-08,3.182704179934621e-08
matched_angular_count_361,inputs/SIG-NIHDA-2064_f0ba08d0/conf_004.xyz,pyr_p,0.9203587770462036,0.9203587693552424,7.690961201234359e-09,8.35648168661691e-09
matched_angular_count_361,inputs/SIG-NIHDA-2064_f0ba08d0/conf_005.xyz,pyr_p,0.9203543663024902,0.9203543536278613,1.2674628901976348e-08,1.377146623147419e-08
matched_angular_count_361,inputs/SIG-NIHDA-2064_f0ba08d0/conf_006.xyz,pyr_p,0.9243069291114807,0.9243069546340962,2.5522615465511933e-08,2.7612705213946516e-08
matched_angular_count_361,inputs/SIG-NIHDA-2064_f0ba08d0/conf_007.xyz,pyr_p,0.9243060946464539,0.9243060802557098,1.4390744040859715e-08,1.55692409130085e-08
matched_angular_count_361,inputs/SIG-NIHDA-2064_f0ba08d0/conf_008.xyz,pyr_p,0.9243081212043762,0.9243081481835363,2.697916012817103e-08,2.918849106890474e-08
matched_angular_count_361,inputs/SIG-NIHDA-2064_f0ba08d0/conf_009.xyz,pyr_p,0.9243054389953613,0.9243054135865468,2.5408814496863386e-08,2.7489630725271357e-08
matched_angular_count_361,inputs/SIG-NIHDA-2064_f0ba08d0/conf_010.xyz,pyr_p,0.9363370537757874,0.9363370426559333,1.1119854037566768e-08,1.1875909561395909e-08
matched_angular_count_361,inputs/SIG-NIHDA-2064_f0ba08d0/conf_011.xyz,pyr_p,0.9363361597061157,0.936336136725197,2.298091872354746e-08,2.4543449539310127e-08
matched_angular_count_361,inputs/SIG-NIHDA-2067_1f828bfa/conf_000.xyz,pyr_p,0.9381223320960999,0.9381223352306718,3.1345719353481627e-09,3.3413253449268035e-09
matched_angular_count_361,inputs/SIG-NIHDA-2067_1f828bfa/conf_001.xyz,pyr_p,0.938122570514679,0.9381225668062243,3.7084546544718933e-09,3.953059851333797e-09
matched_angular_count_361,inputs/SIG-NIHDA-2067_1f828bfa/conf_002.xyz,pyr_p,0.9382885694503784,0.9382885693566468,9.3731578054701e-11,9.989632306718776e-11
matched_angular_count_361,inputs/SIG-NIHDA-2067_1f828bfa/conf_003.xyz,pyr_p,0.9382725358009338,0.9382725603461237,2.4545189880598173e-08,2.6159978366567157e-08
matched_angular_count_361,inputs/SIG-NIHDA-2067_1f828bfa/conf_004.xyz,pyr_p,0.9376227855682373,0.9376227975680264,1.1999789051309051e-08,1.2798098640981949e-08
matched_angular_count_361,inputs/SIG-NIHDA-2067_1f828bfa/conf_005.xyz,pyr_p,0.9315826296806335,0.9315826029457068,2.6734926716898144e-08,2.8698396290743388e-08
matched_angular_count_361,inputs/SIG-NIHDA-2067_1f828bfa/conf_006.xyz,pyr_p,0.9349253177642822,0.934925326293124,8.528841743959958e-09,9.122484442448338e-09
matched_angular_count_361,inputs/SIG-NIHDA-2067_1f828bfa/conf_007.xyz,pyr_p,0.9338037371635437,0.9338037664787011,2.9315157412668214e-08,3.1393273902945704e-08
matched_angular_count_361,inputs/SIG-NIHDA-2067_1f828bfa/conf_008.xyz,pyr_p,0.9405191540718079,0.9405191517610687,2.3107391555754475e-09,2.4568762382442927e-09
matched_angular_count_361,inputs/SIG-NIHDA-2067_1f828bfa/conf_009.xyz,pyr_p,0.9431007504463196,0.9431007473252541,3.1210655171420854e-09,3.309365967521284e-09
matched_angular_count_361,inputs/SIG-NIHDA-2067_1f828bfa/conf_010.xyz,pyr_p,0.938606321811676,0.9386063235254666,1.7137905539144072e-09,1.8258885658017923e-09
matched_angular_count_361,inputs/SIG-NIHDA-401_9d42bff1/conf_000.xyz,pyr_p,0.9317666292190552,0.931766621807942,7.411113167599126e-09,7.953829847670506e-09
matched_angular_count_361,inputs/SIG-NIHDA-401_9d42bff1/conf_001.xyz,pyr_p,0.9318070411682129,0.9318070245297254,1.6638487476683395e-08,1.78561515836186e-08
matched_angular_count_361,inputs/SIG-NIHDA-401_9d42bff1/conf_002.xyz,pyr_p,0.9318071007728577,0.9318071295784808,2.8805623109029455e-08,3.091371829496538e-08
matched_angular_count_361,inputs/SIG-NIHDA-401_9d42bff1/conf_003.xyz,pyr_p,0.9266741275787354,0.9266741242252367,3.353498700953139e-09,3.6188543666921692e-09
matched_angular_count_361,inputs/SIG-NIHDA-401_9d42bff1/conf_004.xyz,pyr_p,0.9266758561134338,0.9266758813622197,2.524878583987089e-08,2.7246620256000412e-08
matched_angular_count_361,inputs/SIG-NIHDA-401_9d42bff1/conf_005.xyz,pyr_p,0.9266763925552368,0.9266763871071045,5.448132278651485e-09,5.8792177662575906e-09
matched_angular_count_361,inputs/SIG-NIHDA-498_7d70a0ce/conf_000.xyz,pyr_p,0.9400246143341064,0.9400246145083371,1.742306299234997e-10,1.8534688053315272e-10
matched_angular_count_361,inputs/SIG-NIHDA-498_7d70a0ce/conf_001.xyz,pyr_p,0.9400250315666199,0.9400250611343826,2.956776268270289e-08,3.145422808943175e-08
matched_angular_count_361,inputs/SIG-NIHDA-498_7d70a0ce/conf_002.xyz,pyr_p,0.9400237202644348,0.9400237451887002,2.492426542932691e-08,2.6514506209971978e-08
matched_angular_count_361,inputs/SIG-NIHDA-498_7d70a0ce/conf_003.xyz,pyr_p,0.9400234818458557,0.940023484775124,2.9292682723891517e-09,3.1161649893139664e-09
matched_angular_count_361,inputs/SIG-NIHDA-498_7d70a0ce/conf_004.xyz,pyr_p,0.9400233626365662,0.9400233750978556,1.24612894447651e-08,1.3256361251088986e-08
matched_angular_count_361,inputs/SIG-NIHDA-498_7d70a0ce/conf_005.xyz,pyr_p,0.9400225281715393,0.9400225371548317,8.983292443254243e-09,9.556464965663475e-09
matched_angular_count_361,inputs/SIG-NIHDA-498_7d70a0ce/conf_006.xyz,pyr_p,0.9400235414505005,0.9400235639382324,2.2487731898834795e-08,2.392251935113451e-08
matched_angular_count_361,inputs/SIG-NIHDA-498_7d70a0ce/conf_007.xyz,pyr_p,0.9400245547294617,0.9400245362039448,1.8525516898293404e-08,1.9707482288817794e-08
matched_angular_count_361,inputs/SIG-NIHDA-498_7d70a0ce/conf_008.xyz,pyr_p,0.9400243759155273,0.9400243620928517,1.382267567073825e-08,1.4704593017104064e-08
matched_angular_count_361,inputs/SIG-NIHDA-723_1db84e66/conf_000.xyz,pyr_p,0.9476227164268494,0.9476227026811826,1.3745666715969662e-08,1.4505421490090917e-08
matched_angular_count_361,inputs/SIG-NIHDA-723_1db84e66/conf_001.xyz,pyr_p,0.9476240873336792,0.9476240731108437,1.4222835464927641e-08,1.5008942753255693e-08
matched_angular_count_361,inputs/SIG-NIHDA-724_0d5c5a07/conf_000.xyz,pyr_p,0.9434747099876404,0.9434746968788065,1.3108833907260475e-08,1.3894208239634818e-08
matched_angular_count_361,inputs/SIG-NIHDA-724_0d5c5a07/conf_001.xyz,pyr_p,0.943476140499115,0.943476164542992,2.4043877000501368e-08,2.5484350219009422e-08
matched_angular_count_361,inputs/SIG-NIHDA-785_fe24eb0f/conf_000.xyz,pyr_p,0.9352414011955261,0.9352413802145375,2.0980988613139573e-08,2.2433768497632865e-08
matched_angular_count_361,inputs/SIG-NIHDA-785_fe24eb0f/conf_001.xyz,pyr_p,0.9352422952651978,0.9352423214294128,2.6164215016777348e-08,2.797586723490901e-08
matched_angular_count_361,inputs/SIG-NIHDA-1057_be992081/conf_000.xyz,pyr_alpha,14.844343185424805,14.844343655764273,4.7033946870556065e-07,3.168476017617128e-08
matched_angular_count_361,inputs/SIG-NIHDA-1058_219b0b66/conf_000.xyz,pyr_alpha,14.989654541015625,14.98965418336993,3.5764569439322713e-07,2.385950269553332e-08
matched_angular_count_361,inputs/SIG-NIHDA-1058_219b0b66/conf_001.xyz,pyr_alpha,15.04920482635498,15.049205261735723,4.353807430135248e-07,2.8930480742430214e-08
matched_angular_count_361,inputs/SIG-NIHDA-2062_d86f6436/conf_000.xyz,pyr_alpha,16.82419776916504,16.82419849024184,7.210768018239833e-07,4.285950396045393e-08
matched_angular_count_361,inputs/SIG-NIHDA-2062_d86f6436/conf_001.xyz,pyr_alpha,16.94716453552246,16.947164733873322,1.9835086106922972e-07,1.1704073465030636e-08
matched_angular_count_361,inputs/SIG-NIHDA-2062_d86f6436/conf_002.xyz,pyr_alpha,17.346614837646484,17.346614135558244,7.02088239989962e-07,4.0474079523725306e-08
matched_angular_count_361,inputs/SIG-NIHDA-2062_d86f6436/conf_003.xyz,pyr_alpha,17.70378303527832,17.703783712313687,6.770353664364848e-07,3.824241063030948e-08
matched_angular_count_361,inputs/SIG-NIHDA-2063_9978c6ba/conf_000.xyz,pyr_alpha,17.70769691467285,17.707696390889758,5.237830933424448e-07,2.957940331594573e-08
matched_angular_count_361,inputs/SIG-NIHDA-2063_9978c6ba/conf_001.xyz,pyr_alpha,15.083725929260254,15.083725588964773,3.402954806830394e-07,2.2560439639129934e-08
matched_angular_count_361,inputs/SIG-NIHDA-2063_9978c6ba/conf_002.xyz,pyr_alpha,15.083807945251465,15.08380760008781,3.4516365410297567e-07,2.2883058658277123e-08
matched_angular_count_361,inputs/SIG-NIHDA-2063_9978c6ba/conf_003.xyz,pyr_alpha,15.083747863769531,15.083747976041574,1.1227204232966415e-07,7.443245704449093e-09
matched_angular_count_361,inputs/SIG-NIHDA-2063_9978c6ba/conf_004.xyz,pyr_alpha,15.30105972290039,15.301059364977037,3.579233531780801e-07,2.3392063558510168e-08
matched_angular_count_361,inputs/SIG-NIHDA-2064_f0ba08d0/conf_000.xyz,pyr_alpha,17.122283935546875,17.1222831957073,7.398395744928621e-07,4.320916585927898e-08
matched_angular_count_361,inputs/SIG-NIHDA-2064_f0ba08d0/conf_001.xyz,pyr_alpha,18.21673583984375,18.21673650671962,6.66875870081185e-07,3.660786715750069e-08
matched_angular_count_361,inputs/SIG-NIHDA-2064_f0ba08d0/conf_002.xyz,pyr_alpha,18.216894149780273,18.216895082088463,9.323081897605334e-07,5.1178215912173416e-08
matched_angular_count_361,inputs/SIG-NIHDA-2064_f0ba08d0/conf_003.xyz,pyr_alpha,18.21706199645996,18.217061760903626,2.3555633532623688e-07,1.2930533936695206e-08
matched_angular_count_361,inputs/SIG-NIHDA-2064_f0ba08d0/conf_004.xyz,pyr_alpha,19.649866104125977,19.649866847690085,7.435641080633104e-07,3.784066903998991e-08
matched_angular_count_361,inputs/SIG-NIHDA-2064_f0ba08d0/conf_005.xyz,pyr_alpha,19.650455474853516,19.650454733835026,7.410184892364668e-07,3.770999191996042e-08
matched_angular_count_361,inputs/SIG-NIHDA-2064_f0ba08d0/conf_006.xyz,pyr_alpha,19.135501861572266,19.13550141963742,4.41934844275238e-07,2.3095022941061337e-08
matched_angular_count_361,inputs/SIG-NIHDA-2064_f0ba08d0/conf_007.xyz,pyr_alpha,19.135623931884766,19.13562419605041,2.6416564580244994e-07,1.3804913970717175e-08
matched_angular_count_361,inputs/SIG-NIHDA-2064_f0ba08d0/conf_008.xyz,pyr_alpha,19.13535499572754,19.135355429908884,4.341813450992049e-07,2.2690006814327167e-08
matched_angular_count_361,inputs/SIG-NIHDA-2064_f0ba08d0/conf_009.xyz,pyr_alpha,19.135704040527344,19.13570324822344,7.923039042623259e-07,4.140448323141108e-08
matched_angular_count_361,inputs/SIG-NIHDA-2064_f0ba08d0/conf_010.xyz,pyr_alpha,17.371408462524414,17.371408564313747,1.0178933251836497e-07,5.859590035057479e-09
matched_angular_count_361,inputs/SIG-NIHDA-2064_f0ba08d0/conf_011.xyz,pyr_alpha,17.37152099609375,17.371520657821964,3.382717856936779e-07,1.9472779174422044e-08
matched_angular_count_361,inputs/SIG-NIHDA-2067_1f828bfa/conf_000.xyz,pyr_alpha,17.20460319519043,17.204602342432274,8.527581556450059e-07,4.956569984426903e-08
matched_angular_count_361,inputs/SIG-NIHDA-2067_1f828bfa/conf_001.xyz,pyr_alpha,17.20456886291504,17.204568095151473,7.677635665004345e-07,4.46255646903919e-08
matched_angular_count_361,inputs/SIG-NIHDA-2067_1f828bfa/conf_002.xyz,pyr_alpha,17.164438247680664,17.16443737964938,8.680312824083103e-07,5.057149635661647e-08
matched_angular_count_361,inputs/SIG-NIHDA-2067_1f828bfa/conf_003.xyz,pyr_alpha,17.166770935058594,17.166770016871983,9.18186611187366e-07,5.348627670114684e-08
matched_angular_count_361,inputs/SIG-NIHDA-2067_1f828bfa/conf_004.xyz,pyr_alpha,17.25609588623047,17.25609554950607,3.3672439769816265e-07,1.951335959702662e-08
matched_angular_count_361,inputs/SIG-NIHDA-2067_1f828bfa/conf_005.xyz,pyr_alpha,18.120527267456055,18.120526335205795,9.322502592112869e-07,5.1447195405138284e-08
matched_angular_count_361,inputs/SIG-NIHDA-2067_1f828bfa/conf_006.xyz,pyr_alpha,17.662944793701172,17.662943906711988,8.869891843232836e-07,5.0217516910429874e-08
matched_angular_count_361,inputs/SIG-NIHDA-2067_1f828bfa/conf_007.xyz,pyr_alpha,17.811681747436523,17.811682344509947,5.970734235916098e-07,3.3521450250635326e-08
matched_angular_count_361,inputs/SIG-NIHDA-2067_1f828bfa/conf_008.xyz,pyr_alpha,16.84098243713379,16.84098175450048,6.826333098786108e-07,4.053405673313482e-08
matched_angular_count_361,inputs/SIG-NIHDA-2067_1f828bfa/conf_009.xyz,pyr_alpha,16.396879196166992,16.396879321651767,1.2548477457130502e-07,7.652966891425783e-09
matched_angular_count_361,inputs/SIG-NIHDA-2067_1f828bfa/conf_010.xyz,pyr_alpha,17.0878963470459,17.08789586375987,4.83286029862029e-07,2.828236043309378e-08
matched_angular_count_361,inputs/SIG-NIHDA-401_9d42bff1/conf_000.xyz,pyr_alpha,17.104389190673828,17.104389086660685,1.0401314298746911e-07,6.081079099667263e-09
matched_angular_count_361,inputs/SIG-NIHDA-401_9d42bff1/conf_001.xyz,pyr_alpha,17.09940528869629,17.099405074456815,2.1423947416110423e-07,1.2529060118070209e-08
matched_angular_count_361,inputs/SIG-NIHDA-401_9d42bff1/conf_002.xyz,pyr_alpha,17.09938621520996,17.09938677526991,5.60059948639946e-07,3.2753218346399185e-08
matched_angular_count_361,inputs/SIG-NIHDA-401_9d42bff1/conf_003.xyz,pyr_alpha,17.769479751586914,17.769479297336062,4.542508520444244e-07,2.556354322169272e-08
matched_angular_count_361,inputs/SIG-NIHDA-401_9d42bff1/conf_004.xyz,pyr_alpha,17.76937484741211,17.769375176965525,3.295534156677604e-07,1.8546145398233314e-08
matched_angular_count_361,inputs/SIG-NIHDA-401_9d42bff1/conf_005.xyz,pyr_alpha,17.769309997558594,17.769310336242132,3.386835381036235e-07,1.9060027187034237e-08
matched_angular_count_361,inputs/SIG-NIHDA-498_7d70a0ce/conf_000.xyz,pyr_alpha,16.921497344970703,16.921498164793313,8.198226097988481e-07,4.844858308731565e-08
matched_angular_count_361,inputs/SIG-NIHDA-498_7d70a0ce/conf_001.xyz,pyr_alpha,16.921432495117188,16.921432691665427,1.965482390176021e-07,1.16153426603417e-08
matched_angular_count_361,inputs/SIG-NIHDA-498_7d70a0ce/conf_002.xyz,pyr_alpha,16.9216251373291,16.921625715989173,5.78660070971182e-07,3.4196482104222916e-08
matched_angular_count_361,inputs/SIG-NIHDA-498_7d70a0ce/conf_003.xyz,pyr_alpha,16.92166519165039,16.921665619960798,4.2831040758528616e-07,2.5311362203023984e-08
matched_angular_count_361,inputs/SIG-NIHDA-498_7d70a0ce/conf_004.xyz,pyr_alpha,16.921682357788086,16.92168208136903,2.764190547566159e-07,1.6335199623030175e-08
matched_angular_count_361,inputs/SIG-NIHDA-498_7d70a0ce/conf_005.xyz,pyr_alpha,16.92180633544922,16.921806192007512,1.434417065127036e-07,8.476737346185528e-09
matched_angular_count_361,inputs/SIG-NIHDA-498_7d70a0ce/conf_006.xyz,pyr_alpha,16.92165184020996,16.92165239260735,5.523973882759492e-07,3.2644411754804625e-08
matched_angular_count_361,inputs/SIG-NIHDA-498_7d70a0ce/conf_007.xyz,pyr_alpha,16.9215087890625,16.921509387217167,5.981546671307569e-07,3.5348777313128724e-08
matched_angular_count_361,inputs/SIG-NIHDA-498_7d70a0ce/conf_008.xyz,pyr_alpha,16.921533584594727,16.921533881423326,2.968285990334607e-07,1.7541471187746338e-08
matched_angular_count_361,inputs/SIG-NIHDA-723_1db84e66/conf_000.xyz,pyr_alpha,14.872562408447266,14.872562537672405,1.292251390339061e-07,8.688828082354809e-09
matched_angular_count_361,inputs/SIG-NIHDA-723_1db84e66/conf_001.xyz,pyr_alpha,14.872349739074707,14.872350187133852,4.4805914534151725e-07,3.012698999846948e-08
matched_angular_count_361,inputs/SIG-NIHDA-724_0d5c5a07/conf_000.xyz,pyr_alpha,15.42654037475586,15.426540274974453,9.978140624866683e-08,6.468164894401902e-09
matched_angular_count_361,inputs/SIG-NIHDA-724_0d5c5a07/conf_001.xyz,pyr_alpha,15.426349639892578,15.426349981313038,3.4142045990392944e-07,2.2132290549450436e-08
matched_angular_count_361,inputs/SIG-NIHDA-785_fe24eb0f/conf_000.xyz,pyr_alpha,17.621997833251953,17.62199691680486,9.164470924361012e-07,5.200585931110622e-08
matched_angular_count_361,inputs/SIG-NIHDA-785_fe24eb0f/conf_001.xyz,pyr_alpha,17.621862411499023,17.62186169722904,7.142699836037991e-07,4.053317384258639e-08
matched_angular_count_361,inputs/SIG-NIHDA-1057_be992081/conf_000.xyz,buried_volume,85.16978454589844,85.16979068540967,6.1395112282980335e-06,7.208555027422166e-08
matched_angular_count_361,inputs/SIG-NIHDA-1058_219b0b66/conf_000.xyz,buried_volume,92.40034484863281,92.40034496968262,1.2104980839922064e-07,1.310057970443056e-09
matched_angular_count_361,inputs/SIG-NIHDA-1058_219b0b66/conf_001.xyz,buried_volume,91.49506378173828,91.49506869443512,4.91269683777773e-06,5.3693569586625475e-08
matched_angular_count_361,inputs/SIG-NIHDA-2062_d86f6436/conf_000.xyz,buried_volume,65.22262573242188,65.22263018274585,4.450323970672798e-06,6.823281977748419e-08
matched_angular_count_361,inputs/SIG-NIHDA-2062_d86f6436/conf_001.xyz,buried_volume,53.50843048095703,53.508432887161256,2.4062042243144788e-06,4.4968691746003656e-08
matched_angular_count_361,inputs/SIG-NIHDA-2062_d86f6436/conf_002.xyz,buried_volume,67.33235168457031,67.33235128772179,3.968485202676675e-07,5.893875866177181e-09
matched_angular_count_361,inputs/SIG-NIHDA-2062_d86f6436/conf_003.xyz,buried_volume,70.2035903930664,70.20359234955829,1.956491885835021e-06,2.786882865043773e-08
matched_angular_count_361,inputs/SIG-NIHDA-2063_9978c6ba/conf_000.xyz,buried_volume,47.60276794433594,47.602767915589574,2.8746363511800155e-08,6.038800845105043e-10
matched_angular_count_361,inputs/SIG-NIHDA-2063_9978c6ba/conf_001.xyz,buried_volume,46.84901428222656,46.84901857053372,4.288307160038585e-06,9.153462102055153e-08
matched_angular_count_361,inputs/SIG-NIHDA-2063_9978c6ba/conf_002.xyz,buried_volume,46.84901428222656,46.84901857053372,4.288307160038585e-06,9.153462102055153e-08
matched_angular_count_361,inputs/SIG-NIHDA-2063_9978c6ba/conf_003.xyz,buried_volume,46.84124755859375,46.84124795872902,4.001352706950456e-07,8.542369986546849e-09
matched_angular_count_361,inputs/SIG-NIHDA-2063_9978c6ba/conf_004.xyz,buried_volume,47.36964797973633,47.36964956144859,1.581712261611301e-06,3.33908373031023e-08
matched_angular_count_361,inputs/SIG-NIHDA-2064_f0ba08d0/conf_000.xyz,buried_volume,48.908226013183594,48.90823069877911,4.685595513365115e-06,9.580382374130907e-08
matched_angular_count_361,inputs/SIG-NIHDA-2064_f0ba08d0/conf_001.xyz,buried_volume,54.56523513793945,54.5652360926004,9.54660947627417e-07,1.7495772326675203e-08
matched_angular_count_361,inputs/SIG-NIHDA-2064_f0ba08d0/conf_002.xyz,buried_volume,54.56523513793945,54.5652360926004,9.54660947627417e-07,1.7495772326675203e-08
matched_angular_count_361,inputs/SIG-NIHDA-2064_f0ba08d0/conf_003.xyz,buried_volume,54.56135177612305,54.56135078669805,9.894249970443525e-07,1.8134173417230944e-08
matched_angular_count_361,inputs/SIG-NIHDA-2064_f0ba08d0/conf_004.xyz,buried_volume,50.45458221435547,50.454582447914326,2.3355885758746808e-07,4.629091080648173e-09
matched_angular_count_361,inputs/SIG-NIHDA-2064_f0ba08d0/conf_005.xyz,buried_volume,50.45458221435547,50.454582447914326,2.3355885758746808e-07,4.629091080648173e-09
matched_angular_count_361,inputs/SIG-NIHDA-2064_f0ba08d0/conf_006.xyz,buried_volume,50.540061950683594,50.54005917776602,2.7729175755553115e-06,5.4865736618986695e-08
matched_angular_count_361,inputs/SIG-NIHDA-2064_f0ba08d0/conf_007.xyz,buried_volume,50.540061950683594,50.54005917776602,2.7729175755553115e-06,5.4865736618986695e-08
matched_angular_count_361,inputs/SIG-NIHDA-2064_f0ba08d0/conf_008.xyz,buried_volume,50.540061950683594,50.54005917776602,2.7729175755553115e-06,5.4865736618986695e-08
matched_angular_count_361,inputs/SIG-NIHDA-2064_f0ba08d0/conf_009.xyz,buried_volume,50.540061950683594,50.54005917776602,2.7729175755553115e-06,5.4865736618986695e-08
matched_angular_count_361,inputs/SIG-NIHDA-2064_f0ba08d0/conf_010.xyz,buried_volume,49.230712890625,49.230711088674134,1.8019508658539962e-06,3.660217019023614e-08
matched_angular_count_361,inputs/SIG-NIHDA-2064_f0ba08d0/conf_011.xyz,buried_volume,49.234596252441406,49.23459639457649,1.4213508592320068e-07,2.8868945077583246e-09
matched_angular_count_361,inputs/SIG-NIHDA-2067_1f828bfa/conf_000.xyz,buried_volume,76.62211608886719,76.62211770024014,1.6113729515154773e-06,2.10301281128703e-08
matched_angular_count_361,inputs/SIG-NIHDA-2067_1f828bfa/conf_001.xyz,buried_volume,76.62211608886719,76.62211770024014,1.6113729515154773e-06,2.10301281128703e-08
matched_angular_count_361,inputs/SIG-NIHDA-2067_1f828bfa/conf_002.xyz,buried_volume,75.13793182373047,75.1379308455425,9.781879697356999e-07,1.3018564109071818e-08
matched_angular_count_361,inputs/SIG-NIHDA-2067_1f828bfa/conf_003.xyz,buried_volume,75.13015747070312,75.13016023373781,2.7630346863816158e-06,3.677663774156111e-08
matched_angular_count_361,inputs/SIG-NIHDA-2067_1f828bfa/conf_004.xyz,buried_volume,71.16714477539062,71.16714821334102,3.4379503972559178e-06,4.830810962032392e-08
matched_angular_count_361,inputs/SIG-NIHDA-2067_1f828bfa/conf_005.xyz,buried_volume,61.6598014831543,61.6598046702911,3.1871368051383797e-06,5.1689051273852065e-08
matched_angular_count_361,inputs/SIG-NIHDA-2067_1f828bfa/conf_006.xyz,buried_volume,63.15952682495117,63.15953274859812,5.923646945404926e-06,9.378864420963288e-08
matched_angular_count_361,inputs/SIG-NIHDA-2067_1f828bfa/conf_007.xyz,buried_volume,61.05369567871094,61.05369694952454,1.270813605458443e-06,2.081468721720609e-08
matched_angular_count_361,inputs/SIG-NIHDA-2067_1f828bfa/conf_008.xyz,buried_volume,76.2491226196289,76.24912833361456,5.713985657962439e-06,7.493837349801438e-08
matched_angular_count_361,inputs/SIG-NIHDA-2067_1f828bfa/conf_009.xyz,buried_volume,55.89789581298828,55.897896017106376,2.041180948708643e-07,3.651623932471416e-09
matched_angular_count_361,inputs/SIG-NIHDA-2067_1f828bfa/conf_010.xyz,buried_volume,76.64154052734375,76.64154422975189,3.7024081365188977e-06,4.830810983426976e-08
matched_angular_count_361,inputs/SIG-NIHDA-401_9d42bff1/conf_000.xyz,buried_volume,43.56204605102539,43.5620497771458,3.726120411329248e-06,8.553592933278597e-08
matched_angular_count_361,inputs/SIG-NIHDA-401_9d42bff1/conf_001.xyz,buried_volume,43.558162689208984,43.55816447124345,1.7820344666574783e-06,4.0911606085558424e-08
matched_angular_count_361,inputs/SIG-NIHDA-401_9d42bff1/conf_002.xyz,buried_volume,43.558162689208984,43.55816447124345,1.7820344666574783e-06,4.0911606085558424e-08
matched_angular_count_361,inputs/SIG-NIHDA-401_9d42bff1/conf_003.xyz,buried_volume,45.62514877319336,45.625147211293545,1.5618998148170249e-06,3.423331014328014e-08
matched_angular_count_361,inputs/SIG-NIHDA-401_9d42bff1/conf_004.xyz,buried_volume,45.62514877319336,45.625147211293545,1.5618998148170249e-06,3.423331014328014e-08
matched_angular_count_361,inputs/SIG-NIHDA-401_9d42bff1/conf_005.xyz,buried_volume,45.62514877319336,45.625147211293545,1.5618998148170249e-06,3.423331014328014e-08
matched_angular_count_361,inputs/SIG-NIHDA-498_7d70a0ce/conf_000.xyz,buried_volume,53.07716369628906,53.077163932000424,2.3571136154032502e-07,4.440918543468253e-09
matched_angular_count_361,inputs/SIG-NIHDA-498_7d70a0ce/conf_001.xyz,buried_volume,53.07716369628906,53.077163932000424,2.3571136154032502e-07,4.440918543468253e-09
matched_angular_count_361,inputs/SIG-NIHDA-498_7d70a0ce/conf_002.xyz,buried_volume,53.07716369628906,53.077163932000424,2.3571136154032502e-07,4.440918543468253e-09
matched_angular_count_361,inputs/SIG-NIHDA-498_7d70a0ce/conf_003.xyz,buried_volume,53.07716369628906,53.077163932000424,2.3571136154032502e-07,4.440918543468253e-09
matched_angular_count_361,inputs/SIG-NIHDA-498_7d70a0ce/conf_004.xyz,buried_volume,53.07716369628906,53.077163932000424,2.3571136154032502e-07,4.440918543468253e-09
matched_angular_count_361,inputs/SIG-NIHDA-498_7d70a0ce/conf_005.xyz,buried_volume,53.07716369628906,53.077163932000424,2.3571136154032502e-07,4.440918543468253e-09
matched_angular_count_361,inputs/SIG-NIHDA-498_7d70a0ce/conf_006.xyz,buried_volume,53.07716369628906,53.077163932000424,2.3571136154032502e-07,4.440918543468253e-09
matched_angular_count_361,inputs/SIG-NIHDA-498_7d70a0ce/conf_007.xyz,buried_volume,53.07716369628906,53.077163932000424,2.3571136154032502e-07,4.440918543468253e-09
matched_angular_count_361,inputs/SIG-NIHDA-498_7d70a0ce/conf_008.xyz,buried_volume,53.07716369628906,53.077163932000424,2.3571136154032502e-07,4.440918543468253e-09
matched_angular_count_361,inputs/SIG-NIHDA-723_1db84e66/conf_000.xyz,buried_volume,80.52296447753906,80.52296482619931,3.486602508928627e-07,4.329948004838254e-09
matched_angular_count_361,inputs/SIG-NIHDA-723_1db84e66/conf_001.xyz,buried_volume,80.53073120117188,80.53073543800402,4.236832140236402e-06,5.2611367786378845e-08
matched_angular_count_361,inputs/SIG-NIHDA-724_0d5c5a07/conf_000.xyz,buried_volume,75.77123260498047,75.77123570762552,3.102645052877051e-06,4.094753139369489e-08
matched_angular_count_361,inputs/SIG-NIHDA-724_0d5c5a07/conf_001.xyz,buried_volume,75.7751235961914,75.77512101352788,2.582663526595752e-06,3.408326495624702e-08
matched_angular_count_361,inputs/SIG-NIHDA-785_fe24eb0f/conf_000.xyz,buried_volume,47.53671646118164,47.53671771524963,1.2540679890093998e-06,2.6381038685115163e-08
matched_angular_count_361,inputs/SIG-NIHDA-785_fe24eb0f/conf_001.xyz,buried_volume,47.53671646118164,47.53671771524963,1.2540679890093998e-06,2.6381038685115163e-08
matched_angular_count_361,inputs/SIG-NIHDA-1057_be992081/conf_000.xyz,percent_buried_volume,47.42341232299805,47.42341640706127,4.08406322094379e-06,8.6119127012867e-08
matched_angular_count_361,inputs/SIG-NIHDA-1058_219b0b66/conf_000.xyz,percent_buried_volume,51.449466705322266,51.44946348217377,3.2231484965450363e-06,6.264688256004446e-08
matched_angular_count_361,inputs/SIG-NIHDA-1058_219b0b66/conf_001.xyz,percent_buried_volume,50.945396423339844,50.94539633091034,9.242950227417168e-08,1.8142856652602287e-09
matched_angular_count_361,inputs/SIG-NIHDA-2062_d86f6436/conf_000.xyz,percent_buried_volume,36.31663131713867,36.31663205261336,7.35474685598092e-07,2.025173161796998e-08
matched_angular_count_361,inputs/SIG-NIHDA-2062_d86f6436/conf_001.xyz,percent_buried_volume,29.79404640197754,29.794046382831425,1.9146114027535077e-08,6.426154333493912e-10
matched_angular_count_361,inputs/SIG-NIHDA-2062_d86f6436/conf_002.xyz,percent_buried_volume,37.49134826660156,37.491346486673585,1.7799279774521892e-06,4.7475701575158686e-08
matched_angular_count_361,inputs/SIG-NIHDA-2062_d86f6436/conf_003.xyz,percent_buried_volume,39.09008026123047,39.09008307372793,2.812497463366981e-06,7.19491298614618e-08
matched_angular_count_361,inputs/SIG-NIHDA-2063_9978c6ba/conf_000.xyz,percent_buried_volume,26.505712509155273,26.50571131879543,1.1903598426954431e-06,4.4909560372799676e-08
matched_angular_count_361,inputs/SIG-NIHDA-2063_9978c6ba/conf_001.xyz,percent_buried_volume,26.086013793945312,26.086015922464522,2.128519209776414e-06,8.159617843150186e-08
matched_angular_count_361,inputs/SIG-NIHDA-2063_9978c6ba/conf_002.xyz,percent_buried_volume,26.086013793945312,26.086015922464522,2.128519209776414e-06,8.159617843150186e-08
matched_angular_count_361,inputs/SIG-NIHDA-2063_9978c6ba/conf_003.xyz,percent_buried_volume,26.081689834594727,26.08168916580132,6.687934082094671e-07,2.564225821257001e-08
matched_angular_count_361,inputs/SIG-NIHDA-2063_9978c6ba/conf_004.xyz,percent_buried_volume,26.37590789794922,26.375908618899274,7.209500552107784e-07,2.7333657605038564e-08
matched_angular_count_361,inputs/SIG-NIHDA-2064_f0ba08d0/conf_000.xyz,percent_buried_volume,27.23260498046875,27.232606438213917,1.4577451672437292e-06,5.352940309078021e-08
matched_angular_count_361,inputs/SIG-NIHDA-2064_f0ba08d0/conf_001.xyz,percent_buried_volume,30.382484436035156,30.382485289027347,8.529921906585969e-07,2.8075128895615908e-08
matched_angular_count_361,inputs/SIG-NIHDA-2064_f0ba08d0/conf_002.xyz,percent_buried_volume,30.382484436035156,30.382485289027347,8.529921906585969e-07,2.8075128895615908e-08
matched_angular_count_361,inputs/SIG-NIHDA-2064_f0ba08d0/conf_003.xyz,percent_buried_volume,30.38032341003418,30.380321910695745,1.4993384347405936e-06,4.935228925973737e-08
matched_angular_count_361,inputs/SIG-NIHDA-2064_f0ba08d0/conf_004.xyz,percent_buried_volume,28.0936336517334,28.09363101419176,2.637541637540153e-06,9.388397093304792e-08
matched_angular_count_361,inputs/SIG-NIHDA-2064_f0ba08d0/conf_005.xyz,percent_buried_volume,28.0936336517334,28.09363101419176,2.637541637540153e-06,9.388397093304792e-08
matched_angular_count_361,inputs/SIG-NIHDA-2064_f0ba08d0/conf_006.xyz,percent_buried_volume,28.14122772216797,28.14122533748702,2.384680950484608e-06,8.473976956888109e-08
matched_angular_count_361,inputs/SIG-NIHDA-2064_f0ba08d0/conf_007.xyz,percent_buried_volume,28.14122772216797,28.14122533748702,2.384680950484608e-06,8.473976956888109e-08
matched_angular_count_361,inputs/SIG-NIHDA-2064_f0ba08d0/conf_008.xyz,percent_buried_volume,28.14122772216797,28.14122533748702,2.384680950484608e-06,8.473976956888109e-08
matched_angular_count_361,inputs/SIG-NIHDA-2064_f0ba08d0/conf_009.xyz,percent_buried_volume,28.14122772216797,28.14122533748702,2.384680950484608e-06,8.473976956888109e-08
matched_angular_count_361,inputs/SIG-NIHDA-2064_f0ba08d0/conf_010.xyz,percent_buried_volume,27.412166595458984,27.41216683973693,2.442779454270294e-07,8.911296463908933e-09
matched_angular_count_361,inputs/SIG-NIHDA-2064_f0ba08d0/conf_011.xyz,percent_buried_volume,27.414331436157227,27.41433021806854,1.2180886876933528e-06,4.443255326699616e-08
matched_angular_count_361,inputs/SIG-NIHDA-2067_1f828bfa/conf_000.xyz,percent_buried_volume,42.66398620605469,42.66398407753548,2.1285192062237e-06,4.989030565817368e-08
matched_angular_count_361,inputs/SIG-NIHDA-2067_1f828bfa/conf_001.xyz,percent_buried_volume,42.66398620605469,42.66398407753548,2.1285192062237e-06,4.989030565817368e-08
matched_angular_count_361,inputs/SIG-NIHDA-2067_1f828bfa/conf_002.xyz,percent_buried_volume,41.83757781982422,41.837573554863276,4.264960942634843e-06,1.0194092487323697e-07
matched_angular_count_361,inputs/SIG-NIHDA-2067_1f828bfa/conf_003.xyz,percent_buried_volume,41.83324432373047,41.83324679820007,2.4744696034417757e-06,5.9150790168843475e-08
matched_angular_count_361,inputs/SIG-NIHDA-2067_1f828bfa/conf_004.xyz,percent_buried_volume,39.62660217285156,39.62660089996538,1.2728861804589542e-06,3.2122012778039366e-08
matched_angular_count_361,inputs/SIG-NIHDA-2067_1f828bfa/conf_005.xyz,percent_buried_volume,34.33281326293945,34.332814122533755,8.595943015166085e-07,2.5037105855893956e-08
matched_angular_count_361,inputs/SIG-NIHDA-2067_1f828bfa/conf_006.xyz,percent_buried_volume,35.167877197265625,35.16787815853237,9.612667426495136e-07,2.7333657672386266e-08
matched_angular_count_361,inputs/SIG-NIHDA-2067_1f828bfa/conf_007.xyz,percent_buried_volume,33.99532699584961,33.99532710280374,1.0695413266148535e-07,3.146142184131665e-09
matched_angular_count_361,inputs/SIG-NIHDA-2067_1f828bfa/conf_008.xyz,percent_buried_volume,42.456298828125,42.45629975770163,9.295766290051688e-07,2.1894904509113336e-08
matched_angular_count_361,inputs/SIG-NIHDA-2067_1f828bfa/conf_009.xyz,percent_buried_volume,31.124523162841797,31.124524056767047,8.939252502671025e-07,2.872092915016789e-08
matched_angular_count_361,inputs/SIG-NIHDA-2067_1f828bfa/conf_010.xyz,percent_buried_volume,42.674800872802734,42.67480096919349,9.639075670975217e-08,2.2587277391014825e-09
matched_angular_count_361,inputs/SIG-NIHDA-401_9d42bff1/conf_000.xyz,percent_buried_volume,24.255796432495117,24.255797853928694,1.4214335770645903e-06,5.860180669482128e-08
matched_angular_count_361,inputs/SIG-NIHDA-401_9d42bff1/conf_001.xyz,percent_buried_volume,24.253633499145508,24.253634475597092,9.764515844778998e-07,4.026001074026085e-08
matched_angular_count_361,inputs/SIG-NIHDA-401_9d42bff1/conf_002.xyz,percent_buried_volume,24.253633499145508,24.253634475597092,9.764515844778998e-07,4.026001074026085e-08
matched_angular_count_361,inputs/SIG-NIHDA-401_9d42bff1/conf_003.xyz,percent_buried_volume,25.40455436706543,25.404551748009695,2.6190557349536903e-06,1.0309395579707005e-07
matched_angular_count_361,inputs/SIG-NIHDA-401_9d42bff1/conf_004.xyz,percent_buried_volume,25.40455436706543,25.404551748009695,2.6190557349536903e-06,1.0309395579707005e-07
matched_angular_count_361,inputs/SIG-NIHDA-401_9d42bff1/conf_005.xyz,percent_buried_volume,25.40455436706543,25.404551748009695,2.6190557349536903e-06,1.0309395579707005e-07
matched_angular_count_361,inputs/SIG-NIHDA-498_7d70a0ce/conf_000.xyz,percent_buried_volume,29.553911209106445,29.553911388023536,1.7891709092054953e-07,6.053922561094709e-09
matched_angular_count_361,inputs/SIG-NIHDA-498_7d70a0ce/conf_001.xyz,percent_buried_volume,29.553911209106445,29.553911388023536,1.7891709092054953e-07,6.053922561094709e-09
matched_angular_count_361,inputs/SIG-NIHDA-498_7d70a0ce/conf_002.xyz,percent_buried_volume,29.553911209106445,29.553911388023536,1.7891709092054953e-07,6.053922561094709e-09
matched_angular_count_361,inputs/SIG-NIHDA-498_7d70a0ce/conf_003.xyz,percent_buried_volume,29.553911209106445,29.553911388023536,1.7891709092054953e-07,6.053922561094709e-09
matched_angular_count_361,inputs/SIG-NIHDA-498_7d70a0ce/conf_004.xyz,percent_buried_volume,29.553911209106445,29.553911388023536,1.7891709092054953e-07,6.053922561094709e-09
matched_angular_count_361,inputs/SIG-NIHDA-498_7d70a0ce/conf_005.xyz,percent_buried_volume,29.553911209106445,29.553911388023536,1.7891709092054953e-07,6.053922561094709e-09
matched_angular_count_361,inputs/SIG-NIHDA-498_7d70a0ce/conf_006.xyz,percent_buried_volume,29.553911209106445,29.553911388023536,1.7891709092054953e-07,6.053922561094709e-09
matched_angular_count_361,inputs/SIG-NIHDA-498_7d70a0ce/conf_007.xyz,percent_buried_volume,29.553911209106445,29.553911388023536,1.7891709092054953e-07,6.053922561094709e-09
matched_angular_count_361,inputs/SIG-NIHDA-498_7d70a0ce/conf_008.xyz,percent_buried_volume,29.553911209106445,29.553911388023536,1.7891709092054953e-07,6.053922561094709e-09
matched_angular_count_361,inputs/SIG-NIHDA-723_1db84e66/conf_000.xyz,percent_buried_volume,44.83601760864258,44.836015922464526,1.6861780522958725e-06,3.760766913839537e-08
matched_angular_count_361,inputs/SIG-NIHDA-723_1db84e66/conf_001.xyz,percent_buried_volume,44.8403434753418,44.84034267912773,7.962140671224915e-07,1.7756645456974018e-08
matched_angular_count_361,inputs/SIG-NIHDA-724_0d5c5a07/conf_000.xyz,percent_buried_volume,42.19020462036133,42.1902042229145,3.974468256728869e-07,9.42035794785331e-09
matched_angular_count_361,inputs/SIG-NIHDA-724_0d5c5a07/conf_001.xyz,percent_buried_volume,42.1923713684082,42.192367601246104,3.7671620987111964e-06,8.928539242722984e-08
matched_angular_count_361,inputs/SIG-NIHDA-785_fe24eb0f/conf_000.xyz,percent_buried_volume,26.46893310546875,26.468933887158187,7.816894367351779e-07,2.953233553220013e-08
matched_angular_count_361,inputs/SIG-NIHDA-785_fe24eb0f/conf_001.xyz,percent_buried_volume,26.46893310546875,26.468933887158187,7.816894367351779e-07,2.953233553220013e-08
matched_angular_count_361,inputs/SIG-NIHDA-1057_be992081/conf_000.xyz,qvbur_min,12.401896476745605,12.401896440300519,3.644508694833348e-08,2.938670478645793e-09
matched_angular_count_361,inputs/SIG-NIHDA-1058_219b0b66/conf_000.xyz,qvbur_min,14.604864120483398,14.604864886932846,7.664494479087125e-07,5.24790509081987e-08
matched_angular_count_361,inputs/SIG-NIHDA-1058_219b0b66/conf_001.xyz,qvbur_min,14.86129379272461,14.861295076487933,1.2837633232010148e-06,8.63830047511847e-08
matched_angular_count_361,inputs/SIG-NIHDA-2062_d86f6436/conf_000.xyz,qvbur_min,9.802626609802246,9.80262679162851,1.8182626426721527e-07,1.8548728634909956e-08
matched_angular_count_361,inputs/SIG-NIHDA-2062_d86f6436/conf_001.xyz,qvbur_min,9.744346618652344,9.744347203093264,5.844409205479906e-07,5.997743187583304e-08
matched_angular_count_361,inputs/SIG-NIHDA-2062_d86f6436/conf_002.xyz,qvbur_min,10.746755599975586,10.746756125899507,5.259239213017963e-07,4.893792276855788e-08
matched_angular_count_361,inputs/SIG-NIHDA-2062_d86f6436/conf_003.xyz,qvbur_min,10.29217529296875,10.292175335324583,4.2355832619023204e-08,4.115343087252938e-09
matched_angular_count_361,inputs/SIG-NIHDA-2063_9978c6ba/conf_000.xyz,qvbur_min,9.359701156616211,9.359701918760635,7.621444240157871e-07,8.142827951477182e-08
matched_angular_count_361,inputs/SIG-NIHDA-2063_9978c6ba/conf_001.xyz,qvbur_min,9.709379196166992,9.709379449972115,2.538051226963489e-07,2.614020020579975e-08
matched_angular_count_361,inputs/SIG-NIHDA-2063_9978c6ba/conf_002.xyz,qvbur_min,9.709379196166992,9.709379449972115,2.538051226963489e-07,2.614020020579975e-08
matched_angular_count_361,inputs/SIG-NIHDA-2063_9978c6ba/conf_003.xyz,qvbur_min,9.709379196166992,9.709379449972115,2.538051226963489e-07,2.614020020579975e-08
matched_angular_count_361,inputs/SIG-NIHDA-2063_9978c6ba/conf_004.xyz,qvbur_min,9.756002426147461,9.756003120800314,6.946528525730855e-07,7.120260663837315e-08
matched_angular_count_361,inputs/SIG-NIHDA-2064_f0ba08d0/conf_000.xyz,qvbur_min,9.278109550476074,9.27811049481129,9.443352162463725e-07,1.0178098404567228e-07
matched_angular_count_361,inputs/SIG-NIHDA-2064_f0ba08d0/conf_001.xyz,qvbur_min,9.767659187316895,9.767659038507361,1.488095335844264e-07,1.523492302482813e-08
matched_angular_count_361,inputs/SIG-NIHDA-2064_f0ba08d0/conf_002.xyz,qvbur_min,9.767659187316895,9.767659038507361,1.488095335844264e-07,1.523492302482813e-08
matched_angular_count_361,inputs/SIG-NIHDA-2064_f0ba08d0/conf_003.xyz,qvbur_min,9.767659187316895,9.767659038507361,1.488095335844264e-07,1.523492302482813e-08
matched_angular_count_361,inputs/SIG-NIHDA-2064_f0ba08d0/conf_004.xyz,qvbur_min,9.767659187316895,9.767659038507361,1.488095335844264e-07,1.523492302482813e-08
matched_angular_count_361,inputs/SIG-NIHDA-2064_f0ba08d0/conf_005.xyz,qvbur_min,9.767659187316895,9.767659038507361,1.488095335844264e-07,1.523492302482813e-08
matched_angular_count_361,inputs/SIG-NIHDA-2064_f0ba08d0/conf_006.xyz,qvbur_min,9.639443397521973,9.63944394372982,5.462078469520293e-07,5.6663833530285916e-08
matched_angular_count_361,inputs/SIG-NIHDA-2064_f0ba08d0/conf_007.xyz,qvbur_min,9.639443397521973,9.63944394372982,5.462078469520293e-07,5.6663833530285916e-08
matched_angular_count_361,inputs/SIG-NIHDA-2064_f0ba08d0/conf_008.xyz,qvbur_min,9.639443397521973,9.63944394372982,5.462078469520293e-07,5.6663833530285916e-08
matched_angular_count_361,inputs/SIG-NIHDA-2064_f0ba08d0/conf_009.xyz,qvbur_min,9.639443397521973,9.63944394372982,5.462078469520293e-07,5.6663833530285916e-08
matched_angular_count_361,inputs/SIG-NIHDA-2064_f0ba08d0/conf_010.xyz,qvbur_min,9.49957275390625,9.499572931245227,1.7733897728078318e-07,1.866809998347338e-08
matched_angular_count_361,inputs/SIG-NIHDA-2064_f0ba08d0/conf_011.xyz,qvbur_min,9.49957275390625,9.499572931245227,1.7733897728078318e-07,1.866809998347338e-08
matched_angular_count_361,inputs/SIG-NIHDA-2067_1f828bfa/conf_000.xyz,qvbur_min,10.128992080688477,10.128992487425892,4.067374153038372e-07,4.015576236321234e-08
matched_angular_count_361,inputs/SIG-NIHDA-2067_1f828bfa/conf_001.xyz,qvbur_min,10.128992080688477,10.128992487425892,4.067374153038372e-07,4.015576236321234e-08
matched_angular_count_361,inputs/SIG-NIHDA-2067_1f828bfa/conf_002.xyz,qvbur_min,9.686067581176758,9.686067614558016,3.338125864615904e-08,3.4463169135829178e-09
matched_angular_count_361,inputs/SIG-NIHDA-2067_1f828bfa/conf_003.xyz,qvbur_min,9.686067581176758,9.686067614558016,3.338125864615904e-08,3.4463169135829178e-09
matched_angular_count_361,inputs/SIG-NIHDA-2067_1f828bfa/conf_004.xyz,qvbur_min,9.790970802307129,9.790970873921461,7.161433224212033e-08,7.314323897425454e-09
matched_angular_count_361,inputs/SIG-NIHDA-2067_1f828bfa/conf_005.xyz,qvbur_min,9.837594032287598,9.837594544749658,5.124620603425001e-07,5.2092211974318665e-08
matched_angular_count_361,inputs/SIG-NIHDA-2067_1f828bfa/conf_006.xyz,qvbur_min,9.954153060913086,9.954153721820152,6.609070659635563e-07,6.63951034345396e-08
matched_angular_count_361,inputs/SIG-NIHDA-2067_1f828bfa/conf_007.xyz,qvbur_min,9.802626609802246,9.80262679162851,1.8182626426721527e-07,1.8548728634909956e-08
matched_angular_count_361,inputs/SIG-NIHDA-2067_1f828bfa/conf_008.xyz,qvbur_min,9.779314994812012,9.779314956214412,3.859759978297461e-08,3.94686130427236e-09
matched_angular_count_361,inputs/SIG-NIHDA-2067_1f828bfa/conf_009.xyz,qvbur_min,9.977465629577637,9.97746555723425,7.234338639250382e-08,7.250677637273385e-09
matched_angular_count_361,inputs/SIG-NIHDA-2067_1f828bfa/conf_010.xyz,qvbur_min,9.779314994812012,9.779314956214412,3.859759978297461e-08,3.94686130427236e-09
matched_angular_count_361,inputs/SIG-NIHDA-401_9d42bff1/conf_000.xyz,qvbur_min,9.732691764831543,9.732691285386213,4.794453296597112e-07,4.926133128044509e-08
matched_angular_count_361,inputs/SIG-NIHDA-401_9d42bff1/conf_001.xyz,qvbur_min,9.732691764831543,9.732691285386213,4.794453296597112e-07,4.926133128044509e-08
matched_angular_count_361,inputs/SIG-NIHDA-401_9d42bff1/conf_002.xyz,qvbur_min,9.732691764831543,9.732691285386213,4.794453296597112e-07,4.926133128044509e-08
matched_angular_count_361,inputs/SIG-NIHDA-401_9d42bff1/conf_003.xyz,qvbur_min,9.511228561401367,9.511228848952276,2.875509093058781e-07,3.0232782101290066e-08
matched_angular_count_361,inputs/SIG-NIHDA-401_9d42bff1/conf_004.xyz,qvbur_min,9.511228561401367,9.511228848952276,2.875509093058781e-07,3.0232782101290066e-08
matched_angular_count_361,inputs/SIG-NIHDA-401_9d42bff1/conf_005.xyz,qvbur_min,9.511228561401367,9.511228848952276,2.875509093058781e-07,3.0232782101290066e-08
matched_angular_count_361,inputs/SIG-NIHDA-498_7d70a0ce/conf_000.xyz,qvbur_min,9.779314994812012,9.779314956214412,3.859759978297461e-08,3.94686130427236e-09
matched_angular_count_361,inputs/SIG-NIHDA-498_7d70a0ce/conf_001.xyz,qvbur_min,9.779314994812012,9.779314956214412,3.859759978297461e-08,3.94686130427236e-09
matched_angular_count_361,inputs/SIG-NIHDA-498_7d70a0ce/conf_002.xyz,qvbur_min,9.779314994812012,9.779314956214412,3.859759978297461e-08,3.94686130427236e-09
matched_angular_count_361,inputs/SIG-NIHDA-498_7d70a0ce/conf_003.xyz,qvbur_min,9.779314994812012,9.779314956214412,3.859759978297461e-08,3.94686130427236e-09
matched_angular_count_361,inputs/SIG-NIHDA-498_7d70a0ce/conf_004.xyz,qvbur_min,9.779314994812012,9.779314956214412,3.859759978297461e-08,3.94686130427236e-09
matched_angular_count_361,inputs/SIG-NIHDA-498_7d70a0ce/conf_005.xyz,qvbur_min,9.779314994812012,9.779314956214412,3.859759978297461e-08,3.94686130427236e-09
matched_angular_count_361,inputs/SIG-NIHDA-498_7d70a0ce/conf_006.xyz,qvbur_min,9.779314994812012,9.779314956214412,3.859759978297461e-08,3.94686130427236e-09
matched_angular_count_361,inputs/SIG-NIHDA-498_7d70a0ce/conf_007.xyz,qvbur_min,9.779314994812012,9.779314956214412,3.859759978297461e-08,3.94686130427236e-09
matched_angular_count_361,inputs/SIG-NIHDA-498_7d70a0ce/conf_008.xyz,qvbur_min,9.779314994812012,9.779314956214412,3.859759978297461e-08,3.94686130427236e-09
matched_angular_count_361,inputs/SIG-NIHDA-723_1db84e66/conf_000.xyz,qvbur_min,10.070712089538574,10.070712898890646,8.093520715846125e-07,8.036690944429245e-08
matched_angular_count_361,inputs/SIG-NIHDA-723_1db84e66/conf_001.xyz,qvbur_min,10.070712089538574,10.070712898890646,8.093520715846125e-07,8.036690944429245e-08
matched_angular_count_361,inputs/SIG-NIHDA-724_0d5c5a07/conf_000.xyz,qvbur_min,9.581164360046387,9.581164355194572,4.851814949802247e-09,5.063909531174843e-10
matched_angular_count_361,inputs/SIG-NIHDA-724_0d5c5a07/conf_001.xyz,qvbur_min,9.581164360046387,9.581164355194572,4.851814949802247e-09,5.063909531174843e-10
matched_angular_count_361,inputs/SIG-NIHDA-785_fe24eb0f/conf_000.xyz,qvbur_min,9.359701156616211,9.359701918760635,7.621444240157871e-07,8.142827951477182e-08
matched_angular_count_361,inputs/SIG-NIHDA-785_fe24eb0f/conf_001.xyz,qvbur_min,9.359701156616211,9.359701918760635,7.621444240157871e-07,8.142827951477182e-08
matched_angular_count_361,inputs/SIG-NIHDA-1057_be992081/conf_000.xyz,qvbur_max,37.08913040161133,37.089130143831056,2.577802717951272e-07,6.950291656759256e-09
matched_angular_count_361,inputs/SIG-NIHDA-1058_219b0b66/conf_000.xyz,qvbur_max,37.32224655151367,37.32224849797204,1.9464583687067716e-06,5.2152762682895036e-08
matched_angular_count_361,inputs/SIG-NIHDA-1058_219b0b66/conf_001.xyz,qvbur_max,35.95850372314453,35.95850612624727,2.4031027408000227e-06,6.682988254192018e-08
matched_angular_count_361,inputs/SIG-NIHDA-2062_d86f6436/conf_000.xyz,qvbur_max,23.89463233947754,23.894631299451184,1.0400263548149269e-06,4.352552428121435e-08
matched_angular_count_361,inputs/SIG-NIHDA-2062_d86f6436/conf_001.xyz,qvbur_max,18.766027450561523,18.766027508349467,5.7787943319453916e-08,3.0793913785825284e-09
matched_angular_count_361,inputs/SIG-NIHDA-2062_d86f6436/conf_002.xyz,qvbur_max,27.298158645629883,27.298159269909597,6.242797141453593e-07,2.286893075730182e-08
matched_angular_count_361,inputs/SIG-NIHDA-2062_d86f6436/conf_003.xyz,qvbur_max,28.510374069213867,28.51037471144273,6.422288620910876e-07,2.252614595883677e-08
matched_angular_count_361,inputs/SIG-NIHDA-2063_9978c6ba/conf_000.xyz,qvbur_max,15.409122467041016,15.409123208719253,7.416782370484043e-07,4.8132410066571835e-08
matched_angular_count_361,inputs/SIG-NIHDA-2063_9978c6ba/conf_001.xyz,qvbur_max,13.847229957580566,13.847230235974637,2.7839407046315046e-07,2.0104675499645558e-08
matched_angular_count_361,inputs/SIG-NIHDA-2063_9978c6ba/conf_002.xyz,qvbur_max,13.847229957580566,13.847230235974637,2.7839407046315046e-07,2.0104675499645558e-08
matched_angular_count_361,inputs/SIG-NIHDA-2063_9978c6ba/conf_003.xyz,qvbur_max,13.847229957580566,13.847230235974637,2.7839407046315046e-07,2.0104675499645558e-08
matched_angular_count_361,inputs/SIG-NIHDA-2063_9978c6ba/conf_004.xyz,qvbur_max,14.208562850952148,14.20856368489317,8.339410211277709e-07,5.869284465497619e-08
matched_angular_count_361,inputs/SIG-NIHDA-2064_f0ba08d0/conf_000.xyz,qvbur_max,16.00357437133789,16.003575011778768,6.404408772198167e-07,4.001861313790492e-08
matched_angular_count_361,inputs/SIG-NIHDA-2064_f0ba08d0/conf_001.xyz,qvbur_max,20.700908660888672,20.70090984771966,1.1868309890417095e-06,5.733231040433938e-08
matched_angular_count_361,inputs/SIG-NIHDA-2064_f0ba08d0/conf_002.xyz,qvbur_max,20.700908660888672,20.70090984771966,1.1868309890417095e-06,5.733231040433938e-08
matched_angular_count_361,inputs/SIG-NIHDA-2064_f0ba08d0/conf_003.xyz,qvbur_max,20.700908660888672,20.70090984771966,1.1868309890417095e-06,5.733231040433938e-08
matched_angular_count_361,inputs/SIG-NIHDA-2064_f0ba08d0/conf_004.xyz,qvbur_max,16.166757583618164,16.16675785967746,2.760592963113595e-07,1.707573644063146e-08
matched_angular_count_361,inputs/SIG-NIHDA-2064_f0ba08d0/conf_005.xyz,qvbur_max,16.166757583618164,16.16675785967746,2.760592963113595e-07,1.707573644063146e-08
matched_angular_count_361,inputs/SIG-NIHDA-2064_f0ba08d0/conf_006.xyz,qvbur_max,16.866111755371094,16.86611292210042,1.1667293264849832e-06,6.91759465784298e-08
matched_angular_count_361,inputs/SIG-NIHDA-2064_f0ba08d0/conf_007.xyz,qvbur_max,16.866111755371094,16.86611292210042,1.1667293264849832e-06,6.91759465784298e-08
matched_angular_count_361,inputs/SIG-NIHDA-2064_f0ba08d0/conf_008.xyz,qvbur_max,16.866111755371094,16.86611292210042,1.1667293264849832e-06,6.91759465784298e-08
matched_angular_count_361,inputs/SIG-NIHDA-2064_f0ba08d0/conf_009.xyz,qvbur_max,16.866111755371094,16.86611292210042,1.1667293264849832e-06,6.91759465784298e-08
matched_angular_count_361,inputs/SIG-NIHDA-2064_f0ba08d0/conf_010.xyz,qvbur_max,15.304219245910645,15.304219949355806,7.034451616760862e-07,4.596413041657154e-08
matched_angular_count_361,inputs/SIG-NIHDA-2064_f0ba08d0/conf_011.xyz,qvbur_max,15.315875053405762,15.315875867062855,8.136570937011811e-07,5.3125077583774984e-08
matched_angular_count_361,inputs/SIG-NIHDA-2067_1f828bfa/conf_000.xyz,qvbur_max,36.36646270751953,36.366463245994,5.384744667935593e-07,1.4806896759554304e-08
matched_angular_count_361,inputs/SIG-NIHDA-2067_1f828bfa/conf_001.xyz,qvbur_max,36.36646270751953,36.366463245994,5.384744667935593e-07,1.4806896759554304e-08
matched_angular_count_361,inputs/SIG-NIHDA-2067_1f828bfa/conf_002.xyz,qvbur_max,33.90706253051758,33.90706460980658,2.079289004086604e-06,6.132317934372983e-08
matched_angular_count_361,inputs/SIG-NIHDA-2067_1f828bfa/conf_003.xyz,qvbur_max,33.90706253051758,33.90706460980658,2.079289004086604e-06,6.132317934372983e-08
matched_angular_count_361,inputs/SIG-NIHDA-2067_1f828bfa/conf_004.xyz,qvbur_max,33.76719284057617,33.76719359732199,7.567458197854648e-07,2.2410681468224853e-08
matched_angular_count_361,inputs/SIG-NIHDA-2067_1f828bfa/conf_005.xyz,qvbur_max,24.83875846862793,24.838760633722185,2.165094254991118e-06,8.716595352393274e-08
matched_angular_count_361,inputs/SIG-NIHDA-2067_1f828bfa/conf_006.xyz,qvbur_max,25.67798614501953,25.677986708629735,5.636102038408808e-07,2.194915864067588e-08
matched_angular_count_361,inputs/SIG-NIHDA-2067_1f828bfa/conf_007.xyz,qvbur_max,23.078718185424805,23.07871705995773,1.1254670759797136e-06,4.876644889123551e-08
matched_angular_count_361,inputs/SIG-NIHDA-2067_1f828bfa/conf_008.xyz,qvbur_max,29.477815628051758,29.477815881127828,2.5307607032232227e-07,8.585306026161376e-09
matched_angular_count_361,inputs/SIG-NIHDA-2067_1f828bfa/conf_009.xyz,qvbur_max,17.612091064453125,17.61209165535158,5.908984554992003e-07,3.3550725664072437e-08
matched_angular_count_361,inputs/SIG-NIHDA-2067_1f828bfa/conf_010.xyz,qvbur_max,36.23824691772461,36.23824815121645,1.2334918437773013e-06,3.403839607892014e-08
matched_angular_count_361,inputs/SIG-NIHDA-401_9d42bff1/conf_000.xyz,qvbur_max,13.532520294189453,13.532520457884305,1.6369485145162344e-07,1.2096405245502636e-08
matched_angular_count_361,inputs/SIG-NIHDA-401_9d42bff1/conf_001.xyz,qvbur_max,13.532520294189453,13.532520457884305,1.6369485145162344e-07,1.2096405245502636e-08
matched_angular_count_361,inputs/SIG-NIHDA-401_9d42bff1/conf_002.xyz,qvbur_max,13.532520294189453,13.532520457884305,1.6369485145162344e-07,1.2096405245502636e-08
matched_angular_count_361,inputs/SIG-NIHDA-401_9d42bff1/conf_003.xyz,qvbur_max,15.85204792022705,15.852048081587128,1.6136007729983248e-07,1.0179131205592262e-08
matched_angular_count_361,inputs/SIG-NIHDA-401_9d42bff1/conf_004.xyz,qvbur_max,15.85204792022705,15.852048081587128,1.6136007729983248e-07,1.0179131205592262e-08
matched_angular_count_361,inputs/SIG-NIHDA-401_9d42bff1/conf_005.xyz,qvbur_max,15.85204792022705,15.852048081587128,1.6136007729983248e-07,1.0179131205592262e-08
matched_angular_count_361,inputs/SIG-NIHDA-498_7d70a0ce/conf_000.xyz,qvbur_max,18.532909393310547,18.53290915420848,2.3910206792265853e-07,1.2901485996242685e-08
matched_angular_count_361,inputs/SIG-NIHDA-498_7d70a0ce/conf_001.xyz,qvbur_max,18.532909393310547,18.53290915420848,2.3910206792265853e-07,1.2901485996242685e-08
matched_angular_count_361,inputs/SIG-NIHDA-498_7d70a0ce/conf_002.xyz,qvbur_max,18.532909393310547,18.53290915420848,2.3910206792265853e-07,1.2901485996242685e-08
matched_angular_count_361,inputs/SIG-NIHDA-498_7d70a0ce/conf_003.xyz,qvbur_max,18.532909393310547,18.53290915420848,2.3910206792265853e-07,1.2901485996242685e-08
matched_angular_count_361,inputs/SIG-NIHDA-498_7d70a0ce/conf_004.xyz,qvbur_max,18.532909393310547,18.53290915420848,2.3910206792265853e-07,1.2901485996242685e-08
matched_angular_count_361,inputs/SIG-NIHDA-498_7d70a0ce/conf_005.xyz,qvbur_max,18.532909393310547,18.53290915420848,2.3910206792265853e-07,1.2901485996242685e-08
matched_angular_count_361,inputs/SIG-NIHDA-498_7d70a0ce/conf_006.xyz,qvbur_max,18.532909393310547,18.53290915420848,2.3910206792265853e-07,1.2901485996242685e-08
matched_angular_count_361,inputs/SIG-NIHDA-498_7d70a0ce/conf_007.xyz,qvbur_max,18.532909393310547,18.53290915420848,2.3910206792265853e-07,1.2901485996242685e-08
matched_angular_count_361,inputs/SIG-NIHDA-498_7d70a0ce/conf_008.xyz,qvbur_max,18.532909393310547,18.53290915420848,2.3910206792265853e-07,1.2901485996242685e-08
matched_angular_count_361,inputs/SIG-NIHDA-723_1db84e66/conf_000.xyz,qvbur_max,36.611236572265625,36.611237517842035,9.455764100607666e-07,2.5827491070192632e-08
matched_angular_count_361,inputs/SIG-NIHDA-723_1db84e66/conf_001.xyz,qvbur_max,36.611236572265625,36.611237517842035,9.455764100607666e-07,2.5827491070192632e-08
matched_angular_count_361,inputs/SIG-NIHDA-724_0d5c5a07/conf_000.xyz,qvbur_max,33.219364166259766,33.219365465090675,1.298830909490789e-06,3.909860683087686e-08
matched_angular_count_361,inputs/SIG-NIHDA-724_0d5c5a07/conf_001.xyz,qvbur_max,33.219364166259766,33.219365465090675,1.298830909490789e-06,3.909860683087686e-08
matched_angular_count_361,inputs/SIG-NIHDA-785_fe24eb0f/conf_000.xyz,qvbur_max,15.43243408203125,15.432435044133351,9.621021010985942e-07,6.234285764671582e-08
matched_angular_count_361,inputs/SIG-NIHDA-785_fe24eb0f/conf_001.xyz,qvbur_max,15.43243408203125,15.432435044133351,9.621021010985942e-07,6.234285764671582e-08
matched_angular_count_361,inputs/SIG-NIHDA-1057_be992081/conf_000.xyz,max_delta_qvbur,21.808223724365234,21.80822202988935,1.6944758840509166e-06,7.769894683429698e-08
matched_angular_count_361,inputs/SIG-NIHDA-1058_219b0b66/conf_000.xyz,max_delta_qvbur,18.20654296875,18.206543458411094,4.896610938942558e-07,2.6894786207650046e-08
matched_angular_count_361,inputs/SIG-NIHDA-1058_219b0b66/conf_001.xyz,max_delta_qvbur,16.283315658569336,16.283317036747956,1.3781786201150226e-06,8.463746158137e-08
matched_angular_count_361,inputs/SIG-NIHDA-2062_d86f6436/conf_000.xyz,max_delta_qvbur,8.963401794433594,8.963400716720956,1.0777126373540113e-06,1.2023479384822889e-07
matched_angular_count_361,inputs/SIG-NIHDA-2062_d86f6436/conf_001.xyz,max_delta_qvbur,9.02168083190918,9.021680305256202,5.266529772285367e-07,5.837637329286636e-08
matched_angular_count_361,inputs/SIG-NIHDA-2062_d86f6436/conf_002.xyz,max_delta_qvbur,15.665553092956543,15.665553398274337,3.053177941580998e-07,1.948975477570633e-08
matched_angular_count_361,inputs/SIG-NIHDA-2062_d86f6436/conf_003.xyz,max_delta_qvbur,16.120134353637695,16.120134188849264,1.6478843178902025e-07,1.0222522335019326e-08
matched_angular_count_361,inputs/SIG-NIHDA-2063_9978c6ba/conf_000.xyz,max_delta_qvbur,6.049421310424805,6.049421289958618,2.0466186967382782e-08,3.383164436134483e-09
matched_angular_count_361,inputs/SIG-NIHDA-2063_9978c6ba/conf_001.xyz,max_delta_qvbur,4.102883338928223,4.102883032881373,3.060468500848401e-07,7.459312089379978e-08
matched_angular_count_361,inputs/SIG-NIHDA-2063_9978c6ba/conf_002.xyz,max_delta_qvbur,4.102883338928223,4.102883032881373,3.060468500848401e-07,7.459312089379978e-08
matched_angular_count_361,inputs/SIG-NIHDA-2063_9978c6ba/conf_003.xyz,max_delta_qvbur,4.102883338928223,4.102883032881373,3.060468500848401e-07,7.459312089379978e-08
matched_angular_count_361,inputs/SIG-NIHDA-2063_9978c6ba/conf_004.xyz,max_delta_qvbur,4.4525604248046875,4.452560564092856,1.392881685546854e-07,3.128271172276874e-08
matched_angular_count_361,inputs/SIG-NIHDA-2064_f0ba08d0/conf_000.xyz,max_delta_qvbur,6.725464820861816,6.725464516967477,3.038943390265558e-07,4.518562818372912e-08
matched_angular_count_361,inputs/SIG-NIHDA-2064_f0ba08d0/conf_001.xyz,max_delta_qvbur,10.933249473571777,10.9332508092123,1.3356405226261359e-06,1.2216316500310522e-07
matched_angular_count_361,inputs/SIG-NIHDA-2064_f0ba08d0/conf_002.xyz,max_delta_qvbur,10.933249473571777,10.9332508092123,1.3356405226261359e-06,1.2216316500310522e-07
matched_angular_count_361,inputs/SIG-NIHDA-2064_f0ba08d0/conf_003.xyz,max_delta_qvbur,10.933249473571777,10.9332508092123,1.3356405226261359e-06,1.2216316500310522e-07
matched_angular_count_361,inputs/SIG-NIHDA-2064_f0ba08d0/conf_004.xyz,max_delta_qvbur,6.3990983963012695,6.399098821170099,4.248688298957859e-07,6.639510371213442e-08
matched_angular_count_361,inputs/SIG-NIHDA-2064_f0ba08d0/conf_005.xyz,max_delta_qvbur,6.3990983963012695,6.399098821170099,4.248688298957859e-07,6.639510371213442e-08
matched_angular_count_361,inputs/SIG-NIHDA-2064_f0ba08d0/conf_006.xyz,max_delta_qvbur,7.226668357849121,7.226668978370601,6.205214795329539e-07,8.586549091845398e-08
matched_angular_count_361,inputs/SIG-NIHDA-2064_f0ba08d0/conf_007.xyz,max_delta_qvbur,7.226668357849121,7.226668978370601,6.205214795329539e-07,8.586549091845398e-08
matched_angular_count_361,inputs/SIG-NIHDA-2064_f0ba08d0/conf_008.xyz,max_delta_qvbur,7.226668357849121,7.226668978370601,6.205214795329539e-07,8.586549091845398e-08
matched_angular_count_361,inputs/SIG-NIHDA-2064_f0ba08d0/conf_009.xyz,max_delta_qvbur,7.226668357849121,7.226668978370601,6.205214795329539e-07,8.586549091845398e-08
matched_angular_count_361,inputs/SIG-NIHDA-2064_f0ba08d0/conf_010.xyz,max_delta_qvbur,5.245162010192871,5.24516296817221,9.579793385228186e-07,1.8264052887124063e-07
matched_angular_count_361,inputs/SIG-NIHDA-2064_f0ba08d0/conf_011.xyz,max_delta_qvbur,5.256817817687988,5.256818885879259,1.0681912705479135e-06,2.0320107915782743e-07
matched_angular_count_361,inputs/SIG-NIHDA-2067_1f828bfa/conf_000.xyz,max_delta_qvbur,23.13699722290039,23.13699664849298,5.744074123015253e-07,2.4826360180976172e-08
matched_angular_count_361,inputs/SIG-NIHDA-2067_1f828bfa/conf_001.xyz,max_delta_qvbur,23.13699722290039,23.13699664849298,5.744074123015253e-07,2.4826360180976172e-08
matched_angular_count_361,inputs/SIG-NIHDA-2067_1f828bfa/conf_002.xyz,max_delta_qvbur,24.22099494934082,24.220996995248566,2.045907745440445e-06,8.446835387667117e-08
matched_angular_count_361,inputs/SIG-NIHDA-2067_1f828bfa/conf_003.xyz,max_delta_qvbur,24.22099494934082,24.220996995248566,2.045907745440445e-06,8.446835387667117e-08
matched_angular_count_361,inputs/SIG-NIHDA-2067_1f828bfa/conf_004.xyz,max_delta_qvbur,22.61248016357422,22.612480351675757,1.8810153790127515e-07,8.3184831993601e-09
matched_angular_count_361,inputs/SIG-NIHDA-2067_1f828bfa/conf_005.xyz,max_delta_qvbur,13.695701599121094,13.695703305782997,1.7066619033556663e-06,1.246129435817312e-07
matched_angular_count_361,inputs/SIG-NIHDA-2067_1f828bfa/conf_006.xyz,max_delta_qvbur,15.362499237060547,15.362499537891052,3.0083050539531087e-07,1.9582132754720235e-08
matched_angular_count_361,inputs/SIG-NIHDA-2067_1f828bfa/conf_007.xyz,max_delta_qvbur,13.276091575622559,13.276090268329218,1.3072933402469289e-06,9.84697538073798e-08
matched_angular_count_361,inputs/SIG-NIHDA-2067_1f828bfa/conf_008.xyz,max_delta_qvbur,17.693681716918945,17.693683079300925,1.3623819796748649e-06,7.699821306671061e-08
matched_angular_count_361,inputs/SIG-NIHDA-2067_1f828bfa/conf_009.xyz,max_delta_qvbur,7.622969627380371,7.622970180410281,5.530299098666092e-07,7.254782542476693e-08
matched_angular_count_361,inputs/SIG-NIHDA-2067_1f828bfa/conf_010.xyz,max_delta_qvbur,26.45893096923828,26.45893319500204,2.225763758190169e-06,8.412144744409441e-08
matched_angular_count_361,inputs/SIG-NIHDA-401_9d42bff1/conf_000.xyz,max_delta_qvbur,3.79982852935791,3.7998291724980913,6.431401811113346e-07,1.6925502487484723e-07
matched_angular_count_361,inputs/SIG-NIHDA-401_9d42bff1/conf_001.xyz,max_delta_qvbur,3.79982852935791,3.7998291724980913,6.431401811113346e-07,1.6925502487484723e-07
matched_angular_count_361,inputs/SIG-NIHDA-401_9d42bff1/conf_002.xyz,max_delta_qvbur,3.79982852935791,3.7998291724980913,6.431401811113346e-07,1.6925502487484723e-07
matched_angular_count_361,inputs/SIG-NIHDA-401_9d42bff1/conf_003.xyz,max_delta_qvbur,6.340819358825684,6.340819232634852,1.2619083200604564e-07,1.9901345137954444e-08
matched_angular_count_361,inputs/SIG-NIHDA-401_9d42bff1/conf_004.xyz,max_delta_qvbur,6.340819358825684,6.340819232634852,1.2619083200604564e-07,1.9901345137954444e-08
matched_angular_count_361,inputs/SIG-NIHDA-401_9d42bff1/conf_005.xyz,max_delta_qvbur,6.340819358825684,6.340819232634852,1.2619083200604564e-07,1.9901345137954444e-08
matched_angular_count_361,inputs/SIG-NIHDA-498_7d70a0ce/conf_000.xyz,max_delta_qvbur,8.648691177368164,8.648690938630622,2.387375417356452e-07,2.7603893286241694e-08
matched_angular_count_361,inputs/SIG-NIHDA-498_7d70a0ce/conf_001.xyz,max_delta_qvbur,8.648691177368164,8.648690938630622,2.387375417356452e-07,2.7603893286241694e-08
matched_angular_count_361,inputs/SIG-NIHDA-498_7d70a0ce/conf_002.xyz,max_delta_qvbur,8.648691177368164,8.648690938630622,2.387375417356452e-07,2.7603893286241694e-08
matched_angular_count_361,inputs/SIG-NIHDA-498_7d70a0ce/conf_003.xyz,max_delta_qvbur,8.648691177368164,8.648690938630622,2.387375417356452e-07,2.7603893286241694e-08
matched_angular_count_361,inputs/SIG-NIHDA-498_7d70a0ce/conf_004.xyz,max_delta_qvbur,8.648691177368164,8.648690938630622,2.387375417356452e-07,2.7603893286241694e-08
matched_angular_count_361,inputs/SIG-NIHDA-498_7d70a0ce/conf_005.xyz,max_delta_qvbur,8.648691177368164,8.648690938630622,2.387375417356452e-07,2.7603893286241694e-08
matched_angular_count_361,inputs/SIG-NIHDA-498_7d70a0ce/conf_006.xyz,max_delta_qvbur,8.648691177368164,8.648690938630622,2.387375417356452e-07,2.7603893286241694e-08
matched_angular_count_361,inputs/SIG-NIHDA-498_7d70a0ce/conf_007.xyz,max_delta_qvbur,8.648691177368164,8.648690938630622,2.387375417356452e-07,2.7603893286241694e-08
matched_angular_count_361,inputs/SIG-NIHDA-498_7d70a0ce/conf_008.xyz,max_delta_qvbur,8.648691177368164,8.648690938630622,2.387375417356452e-07,2.7603893286241694e-08
matched_angular_count_361,inputs/SIG-NIHDA-723_1db84e66/conf_000.xyz,max_delta_qvbur,25.514802932739258,25.514803860731046,9.279917883020516e-07,3.637072004814788e-08
matched_angular_count_361,inputs/SIG-NIHDA-723_1db84e66/conf_001.xyz,max_delta_qvbur,25.50314712524414,25.503147943023997,8.177798562769567e-07,3.206583979765714e-08
matched_angular_count_361,inputs/SIG-NIHDA-724_0d5c5a07/conf_000.xyz,max_delta_qvbur,23.638198852539062,23.6382011098961,2.2573570390704845e-06,9.549614323762754e-08
matched_angular_count_361,inputs/SIG-NIHDA-724_0d5c5a07/conf_001.xyz,max_delta_qvbur,23.638198852539062,23.6382011098961,2.2573570390704845e-06,9.549614323762754e-08
matched_angular_count_361,inputs/SIG-NIHDA-785_fe24eb0f/conf_000.xyz,max_delta_qvbur,6.072732925415039,6.072733125372716,1.999576770828071e-07,3.2927130660057554e-08
matched_angular_count_361,inputs/SIG-NIHDA-785_fe24eb0f/conf_001.xyz,max_delta_qvbur,6.072732925415039,6.072733125372716,1.999576770828071e-07,3.2927130660057554e-08
matched_angular_count_361,inputs/SIG-NIHDA-1057_be992081/conf_000.xyz,ovbur_min,0.0,0.0,0.0,
matched_angular_count_361,inputs/SIG-NIHDA-1058_219b0b66/conf_000.xyz,ovbur_min,0.0,0.0,0.0,
matched_angular_count_361,inputs/SIG-NIHDA-1058_219b0b66/conf_001.xyz,ovbur_min,0.0,0.0,0.0,
matched_angular_count_361,inputs/SIG-NIHDA-2062_d86f6436/conf_000.xyz,ovbur_min,0.0,0.0,0.0,
matched_angular_count_361,inputs/SIG-NIHDA-2062_d86f6436/conf_001.xyz,ovbur_min,0.0,0.0,0.0,
matched_angular_count_361,inputs/SIG-NIHDA-2062_d86f6436/conf_002.xyz,ovbur_min,0.0,0.0,0.0,
matched_angular_count_361,inputs/SIG-NIHDA-2062_d86f6436/conf_003.xyz,ovbur_min,0.0,0.0,0.0,
matched_angular_count_361,inputs/SIG-NIHDA-2063_9978c6ba/conf_000.xyz,ovbur_min,0.0,0.0,0.0,
matched_angular_count_361,inputs/SIG-NIHDA-2063_9978c6ba/conf_001.xyz,ovbur_min,0.0,0.0,0.0,
matched_angular_count_361,inputs/SIG-NIHDA-2063_9978c6ba/conf_002.xyz,ovbur_min,0.0,0.0,0.0,
matched_angular_count_361,inputs/SIG-NIHDA-2063_9978c6ba/conf_003.xyz,ovbur_min,0.0,0.0,0.0,
matched_angular_count_361,inputs/SIG-NIHDA-2063_9978c6ba/conf_004.xyz,ovbur_min,0.0,0.0,0.0,
matched_angular_count_361,inputs/SIG-NIHDA-2064_f0ba08d0/conf_000.xyz,ovbur_min,0.0,0.0,0.0,
matched_angular_count_361,inputs/SIG-NIHDA-2064_f0ba08d0/conf_001.xyz,ovbur_min,0.0,0.0,0.0,
matched_angular_count_361,inputs/SIG-NIHDA-2064_f0ba08d0/conf_002.xyz,ovbur_min,0.0,0.0,0.0,
matched_angular_count_361,inputs/SIG-NIHDA-2064_f0ba08d0/conf_003.xyz,ovbur_min,0.0,0.0,0.0,
matched_angular_count_361,inputs/SIG-NIHDA-2064_f0ba08d0/conf_004.xyz,ovbur_min,0.0,0.0,0.0,
matched_angular_count_361,inputs/SIG-NIHDA-2064_f0ba08d0/conf_005.xyz,ovbur_min,0.0,0.0,0.0,
matched_angular_count_361,inputs/SIG-NIHDA-2064_f0ba08d0/conf_006.xyz,ovbur_min,0.0,0.0,0.0,
matched_angular_count_361,inputs/SIG-NIHDA-2064_f0ba08d0/conf_007.xyz,ovbur_min,0.0,0.0,0.0,
matched_angular_count_361,inputs/SIG-NIHDA-2064_f0ba08d0/conf_008.xyz,ovbur_min,0.0,0.0,0.0,
matched_angular_count_361,inputs/SIG-NIHDA-2064_f0ba08d0/conf_009.xyz,ovbur_min,0.0,0.0,0.0,
matched_angular_count_361,inputs/SIG-NIHDA-2064_f0ba08d0/conf_010.xyz,ovbur_min,0.0,0.0,0.0,
matched_angular_count_361,inputs/SIG-NIHDA-2064_f0ba08d0/conf_011.xyz,ovbur_min,0.0,0.0,0.0,
matched_angular_count_361,inputs/SIG-NIHDA-2067_1f828bfa/conf_000.xyz,ovbur_min,0.0,0.0,0.0,
matched_angular_count_361,inputs/SIG-NIHDA-2067_1f828bfa/conf_001.xyz,ovbur_min,0.0,0.0,0.0,
matched_angular_count_361,inputs/SIG-NIHDA-2067_1f828bfa/conf_002.xyz,ovbur_min,0.0,0.0,0.0,
matched_angular_count_361,inputs/SIG-NIHDA-2067_1f828bfa/conf_003.xyz,ovbur_min,0.0,0.0,0.0,
matched_angular_count_361,inputs/SIG-NIHDA-2067_1f828bfa/conf_004.xyz,ovbur_min,0.0,0.0,0.0,
matched_angular_count_361,inputs/SIG-NIHDA-2067_1f828bfa/conf_005.xyz,ovbur_min,0.0,0.0,0.0,
matched_angular_count_361,inputs/SIG-NIHDA-2067_1f828bfa/conf_006.xyz,ovbur_min,0.0,0.0,0.0,
matched_angular_count_361,inputs/SIG-NIHDA-2067_1f828bfa/conf_007.xyz,ovbur_min,0.0,0.0,0.0,
matched_angular_count_361,inputs/SIG-NIHDA-2067_1f828bfa/conf_008.xyz,ovbur_min,0.0,0.0,0.0,
matched_angular_count_361,inputs/SIG-NIHDA-2067_1f828bfa/conf_009.xyz,ovbur_min,0.0,0.0,0.0,
matched_angular_count_361,inputs/SIG-NIHDA-2067_1f828bfa/conf_010.xyz,ovbur_min,0.0,0.0,0.0,
matched_angular_count_361,inputs/SIG-NIHDA-401_9d42bff1/conf_000.xyz,ovbur_min,0.0,0.0,0.0,
matched_angular_count_361,inputs/SIG-NIHDA-401_9d42bff1/conf_001.xyz,ovbur_min,0.0,0.0,0.0,
matched_angular_count_361,inputs/SIG-NIHDA-401_9d42bff1/conf_002.xyz,ovbur_min,0.0,0.0,0.0,
matched_angular_count_361,inputs/SIG-NIHDA-401_9d42bff1/conf_003.xyz,ovbur_min,0.0,0.0,0.0,
matched_angular_count_361,inputs/SIG-NIHDA-401_9d42bff1/conf_004.xyz,ovbur_min,0.0,0.0,0.0,
matched_angular_count_361,inputs/SIG-NIHDA-401_9d42bff1/conf_005.xyz,ovbur_min,0.0,0.0,0.0,
matched_angular_count_361,inputs/SIG-NIHDA-498_7d70a0ce/conf_000.xyz,ovbur_min,0.0,0.0,0.0,
matched_angular_count_361,inputs/SIG-NIHDA-498_7d70a0ce/conf_001.xyz,ovbur_min,0.0,0.0,0.0,
matched_angular_count_361,inputs/SIG-NIHDA-498_7d70a0ce/conf_002.xyz,ovbur_min,0.0,0.0,0.0,
matched_angular_count_361,inputs/SIG-NIHDA-498_7d70a0ce/conf_003.xyz,ovbur_min,0.0,0.0,0.0,
matched_angular_count_361,inputs/SIG-NIHDA-498_7d70a0ce/conf_004.xyz,ovbur_min,0.0,0.0,0.0,
matched_angular_count_361,inputs/SIG-NIHDA-498_7d70a0ce/conf_005.xyz,ovbur_min,0.0,0.0,0.0,
matched_angular_count_361,inputs/SIG-NIHDA-498_7d70a0ce/conf_006.xyz,ovbur_min,0.0,0.0,0.0,
matched_angular_count_361,inputs/SIG-NIHDA-498_7d70a0ce/conf_007.xyz,ovbur_min,0.0,0.0,0.0,
matched_angular_count_361,inputs/SIG-NIHDA-498_7d70a0ce/conf_008.xyz,ovbur_min,0.0,0.0,0.0,
matched_angular_count_361,inputs/SIG-NIHDA-723_1db84e66/conf_000.xyz,ovbur_min,0.0,0.0,0.0,
matched_angular_count_361,inputs/SIG-NIHDA-723_1db84e66/conf_001.xyz,ovbur_min,0.0,0.0,0.0,
matched_angular_count_361,inputs/SIG-NIHDA-724_0d5c5a07/conf_000.xyz,ovbur_min,0.0,0.0,0.0,
matched_angular_count_361,inputs/SIG-NIHDA-724_0d5c5a07/conf_001.xyz,ovbur_min,0.0,0.0,0.0,
matched_angular_count_361,inputs/SIG-NIHDA-785_fe24eb0f/conf_000.xyz,ovbur_min,0.0,0.0,0.0,
matched_angular_count_361,inputs/SIG-NIHDA-785_fe24eb0f/conf_001.xyz,ovbur_min,0.0,0.0,0.0,
matched_angular_count_361,inputs/SIG-NIHDA-1057_be992081/conf_000.xyz,ovbur_max,20.84078025817871,20.84078086020425,6.020255405303487e-07,2.8886899419393855e-08
matched_angular_count_361,inputs/SIG-NIHDA-1058_219b0b66/conf_000.xyz,ovbur_max,21.050586700439453,21.05058737893114,6.784916877222713e-07,3.2231484827893776e-08
matched_angular_count_361,inputs/SIG-NIHDA-1058_219b0b66/conf_001.xyz,ovbur_max,20.549381256103516,20.549382917528018,1.6614245019752616e-06,8.085033544039493e-08
matched_angular_count_361,inputs/SIG-NIHDA-2062_d86f6436/conf_000.xyz,ovbur_max,19.756778717041016,19.756780513448664,1.7964076484133784e-06,9.092613278719898e-08
matched_angular_count_361,inputs/SIG-NIHDA-2062_d86f6436/conf_001.xyz,ovbur_max,18.591188430786133,18.591188742743725,3.1195759220281616e-07,1.677986257466056e-08
matched_angular_count_361,inputs/SIG-NIHDA-2062_d86f6436/conf_002.xyz,ovbur_max,21.563447952270508,21.563447758041313,1.9422919450562404e-07,9.007334851320019e-09
matched_angular_count_361,inputs/SIG-NIHDA-2062_d86f6436/conf_003.xyz,ovbur_max,21.866500854492188,21.866501618424596,7.63932408887058e-07,3.493619702949523e-08
matched_angular_count_361,inputs/SIG-NIHDA-2063_9978c6ba/conf_000.xyz,ovbur_max,15.409122467041016,15.409123208719253,7.416782370484043e-07,4.8132410066571835e-08
matched_angular_count_361,inputs/SIG-NIHDA-2063_9978c6ba/conf_001.xyz,ovbur_max,13.847229957580566,13.847230235974637,2.7839407046315046e-07,2.0104675499645558e-08
matched_angular_count_361,inputs/SIG-NIHDA-2063_9978c6ba/conf_002.xyz,ovbur_max,13.847229957580566,13.847230235974637,2.7839407046315046e-07,2.0104675499645558e-08
matched_angular_count_361,inputs/SIG-NIHDA-2063_9978c6ba/conf_003.xyz,ovbur_max,13.847229957580566,13.847230235974637,2.7839407046315046e-07,2.0104675499645558e-08
matched_angular_count_361,inputs/SIG-NIHDA-2063_9978c6ba/conf_004.xyz,ovbur_max,14.208562850952148,14.20856368489317,8.339410211277709e-07,5.869284465497619e-08
matched_angular_count_361,inputs/SIG-NIHDA-2064_f0ba08d0/conf_000.xyz,ovbur_max,16.00357437133789,16.003575011778768,6.404408772198167e-07,4.001861313790492e-08
matched_angular_count_361,inputs/SIG-NIHDA-2064_f0ba08d0/conf_001.xyz,ovbur_max,19.057424545288086,19.0574254510257,9.057376146870411e-07,4.752675627747466e-08
matched_angular_count_361,inputs/SIG-NIHDA-2064_f0ba08d0/conf_002.xyz,ovbur_max,19.057424545288086,19.0574254510257,9.057376146870411e-07,4.752675627747466e-08
matched_angular_count_361,inputs/SIG-NIHDA-2064_f0ba08d0/conf_003.xyz,ovbur_max,19.057424545288086,19.0574254510257,9.057376146870411e-07,4.752675627747466e-08
matched_angular_count_361,inputs/SIG-NIHDA-2064_f0ba08d0/conf_004.xyz,ovbur_max,16.166757583618164,16.16675785967746,2.760592963113595e-07,1.707573644063146e-08
matched_angular_count_361,inputs/SIG-NIHDA-2064_f0ba08d0/conf_005.xyz,ovbur_max,16.166757583618164,16.16675785967746,2.760592963113595e-07,1.707573644063146e-08
matched_angular_count_361,inputs/SIG-NIHDA-2064_f0ba08d0/conf_006.xyz,ovbur_max,16.866111755371094,16.86611292210042,1.1667293264849832e-06,6.91759465784298e-08
matched_angular_count_361,inputs/SIG-NIHDA-2064_f0ba08d0/conf_007.xyz,ovbur_max,16.866111755371094,16.86611292210042,1.1667293264849832e-06,6.91759465784298e-08
matched_angular_count_361,inputs/SIG-NIHDA-2064_f0ba08d0/conf_008.xyz,ovbur_max,16.866111755371094,16.86611292210042,1.1667293264849832e-06,6.91759465784298e-08
matched_angular_count_361,inputs/SIG-NIHDA-2064_f0ba08d0/conf_009.xyz,ovbur_max,16.866111755371094,16.86611292210042,1.1667293264849832e-06,6.91759465784298e-08
matched_angular_count_361,inputs/SIG-NIHDA-2064_f0ba08d0/conf_010.xyz,ovbur_max,15.304219245910645,15.304219949355806,7.034451616760862e-07,4.596413041657154e-08
matched_angular_count_361,inputs/SIG-NIHDA-2064_f0ba08d0/conf_011.xyz,ovbur_max,15.315875053405762,15.315875867062855,8.136570937011811e-07,5.3125077583774984e-08
matched_angular_count_361,inputs/SIG-NIHDA-2067_1f828bfa/conf_000.xyz,ovbur_max,21.470199584960938,21.47020041638492,8.314239821061165e-07,3.872455617468842e-08
matched_angular_count_361,inputs/SIG-NIHDA-2067_1f828bfa/conf_001.xyz,ovbur_max,21.470199584960938,21.47020041638492,8.314239821061165e-07,3.872455617468842e-08
matched_angular_count_361,inputs/SIG-NIHDA-2067_1f828bfa/conf_002.xyz,ovbur_max,21.714975357055664,21.714974688232957,6.688227074391762e-07,3.080006848000619e-08
matched_angular_count_361,inputs/SIG-NIHDA-2067_1f828bfa/conf_003.xyz,ovbur_max,21.714975357055664,21.714974688232957,6.688227074391762e-07,3.080006848000619e-08
matched_angular_count_361,inputs/SIG-NIHDA-2067_1f828bfa/conf_004.xyz,ovbur_max,21.645038604736328,21.645039181990658,5.772543296700405e-07,2.6669128423215515e-08
matched_angular_count_361,inputs/SIG-NIHDA-2067_1f828bfa/conf_005.xyz,ovbur_max,20.88740348815918,20.887404531032452,1.0428732721834422e-06,4.992833219819359e-08
matched_angular_count_361,inputs/SIG-NIHDA-2067_1f828bfa/conf_006.xyz,ovbur_max,21.63338279724121,21.63338326428361,4.670423976449456e-07,2.1588967011739935e-08
matched_angular_count_361,inputs/SIG-NIHDA-2067_1f828bfa/conf_007.xyz,ovbur_max,19.93161964416504,19.931619279054402,3.651106368351975e-07,1.8318162298980013e-08
matched_angular_count_361,inputs/SIG-NIHDA-2067_1f828bfa/conf_008.xyz,ovbur_max,22.052995681762695,22.052996301737384,6.199746884760771e-07,2.811294574185523e-08
matched_angular_count_361,inputs/SIG-NIHDA-2067_1f828bfa/conf_009.xyz,ovbur_max,17.55381202697754,17.553812066816334,3.983879537372559e-08,2.2695238630836607e-09
matched_angular_count_361,inputs/SIG-NIHDA-2067_1f828bfa/conf_010.xyz,ovbur_max,20.98065185546875,20.980651872688846,1.7220095571701677e-08,8.20760750247117e-10
matched_angular_count_361,inputs/SIG-NIHDA-401_9d42bff1/conf_000.xyz,ovbur_max,13.532520294189453,13.532520457884305,1.6369485145162344e-07,1.2096405245502636e-08
matched_angular_count_361,inputs/SIG-NIHDA-401_9d42bff1/conf_001.xyz,ovbur_max,13.532520294189453,13.532520457884305,1.6369485145162344e-07,1.2096405245502636e-08
matched_angular_count_361,inputs/SIG-NIHDA-401_9d42bff1/conf_002.xyz,ovbur_max,13.532520294189453,13.532520457884305,1.6369485145162344e-07,1.2096405245502636e-08
matched_angular_count_361,inputs/SIG-NIHDA-401_9d42bff1/conf_003.xyz,ovbur_max,15.85204792022705,15.852048081587128,1.6136007729983248e-07,1.0179131205592262e-08
matched_angular_count_361,inputs/SIG-NIHDA-401_9d42bff1/conf_004.xyz,ovbur_max,15.85204792022705,15.852048081587128,1.6136007729983248e-07,1.0179131205592262e-08
matched_angular_count_361,inputs/SIG-NIHDA-401_9d42bff1/conf_005.xyz,ovbur_max,15.85204792022705,15.852048081587128,1.6136007729983248e-07,1.0179131205592262e-08
matched_angular_count_361,inputs/SIG-NIHDA-498_7d70a0ce/conf_000.xyz,ovbur_max,17.833553314208984,17.83355409178552,7.775765347162178e-07,4.3601882760676665e-08
matched_angular_count_361,inputs/SIG-NIHDA-498_7d70a0ce/conf_001.xyz,ovbur_max,17.833553314208984,17.83355409178552,7.775765347162178e-07,4.3601882760676665e-08
matched_angular_count_361,inputs/SIG-NIHDA-498_7d70a0ce/conf_002.xyz,ovbur_max,17.833553314208984,17.83355409178552,7.775765347162178e-07,4.3601882760676665e-08
matched_angular_count_361,inputs/SIG-NIHDA-498_7d70a0ce/conf_003.xyz,ovbur_max,17.833553314208984,17.83355409178552,7.775765347162178e-07,4.3601882760676665e-08
matched_angular_count_361,inputs/SIG-NIHDA-498_7d70a0ce/conf_004.xyz,ovbur_max,17.833553314208984,17.83355409178552,7.775765347162178e-07,4.3601882760676665e-08
matched_angular_count_361,inputs/SIG-NIHDA-498_7d70a0ce/conf_005.xyz,ovbur_max,17.833553314208984,17.83355409178552,7.775765347162178e-07,4.3601882760676665e-08
matched_angular_count_361,inputs/SIG-NIHDA-498_7d70a0ce/conf_006.xyz,ovbur_max,17.833553314208984,17.83355409178552,7.775765347162178e-07,4.3601882760676665e-08
matched_angular_count_361,inputs/SIG-NIHDA-498_7d70a0ce/conf_007.xyz,ovbur_max,17.833553314208984,17.83355409178552,7.775765347162178e-07,4.3601882760676665e-08
matched_angular_count_361,inputs/SIG-NIHDA-498_7d70a0ce/conf_008.xyz,ovbur_max,17.833553314208984,17.83355409178552,7.775765347162178e-07,4.3601882760676665e-08
matched_angular_count_361,inputs/SIG-NIHDA-723_1db84e66/conf_000.xyz,ovbur_max,20.700908660888672,20.70090984771966,1.1868309890417095e-06,5.733231040433938e-08
matched_angular_count_361,inputs/SIG-NIHDA-723_1db84e66/conf_001.xyz,ovbur_max,20.700908660888672,20.70090984771966,1.1868309890417095e-06,5.733231040433938e-08
matched_angular_count_361,inputs/SIG-NIHDA-724_0d5c5a07/conf_000.xyz,ovbur_max,20.327919006347656,20.327920481094083,1.4747464263109578e-06,7.254782542476693e-08
matched_angular_count_361,inputs/SIG-NIHDA-724_0d5c5a07/conf_001.xyz,ovbur_max,20.327919006347656,20.327920481094083,1.4747464263109578e-06,7.254782542476693e-08
matched_angular_count_361,inputs/SIG-NIHDA-785_fe24eb0f/conf_000.xyz,ovbur_max,15.43243408203125,15.432435044133351,9.621021010985942e-07,6.234285764671582e-08
matched_angular_count_361,inputs/SIG-NIHDA-785_fe24eb0f/conf_001.xyz,ovbur_max,15.43243408203125,15.432435044133351,9.621021010985942e-07,6.234285764671582e-08
matched_angular_count_361,inputs/SIG-NIHDA-1057_be992081/conf_000.xyz,near_vbur,65.43631744384766,65.4363220073751,4.563527440382131e-06,6.973997468665479e-08
matched_angular_count_361,inputs/SIG-NIHDA-1058_219b0b66/conf_000.xyz,near_vbur,71.1010971069336,71.10109801300108,9.060674841521177e-07,1.2743368379296199e-08
matched_angular_count_361,inputs/SIG-NIHDA-1058_219b0b66/conf_001.xyz,near_vbur,72.48814392089844,72.48815222013995,8.299241514464484e-06,1.1449100660285062e-07
matched_angular_count_361,inputs/SIG-NIHDA-2062_d86f6436/conf_000.xyz,near_vbur,61.15470886230469,61.15471490298563,6.040680943897314e-06,9.877702730656345e-08
matched_angular_count_361,inputs/SIG-NIHDA-2062_d86f6436/conf_001.xyz,near_vbur,53.33747863769531,53.33747942745786,7.897625451391832e-07,1.4806896644100087e-08
matched_angular_count_361,inputs/SIG-NIHDA-2062_d86f6436/conf_002.xyz,near_vbur,61.395599365234375,61.39560386893132,4.503696942492752e-06,7.335536518392006e-08
matched_angular_count_361,inputs/SIG-NIHDA-2062_d86f6436/conf_003.xyz,near_vbur,61.22076416015625,61.22076510332558,9.431693328565416e-07,1.5406036354898603e-08
matched_angular_count_361,inputs/SIG-NIHDA-2063_9978c6ba/conf_000.xyz,near_vbur,47.60276794433594,47.602767915589574,2.8746363511800155e-08,6.038800845105043e-10
matched_angular_count_361,inputs/SIG-NIHDA-2063_9978c6ba/conf_001.xyz,near_vbur,46.84901809692383,46.84901857053372,4.736098944135847e-07,1.0109281023689738e-08
matched_angular_count_361,inputs/SIG-NIHDA-2063_9978c6ba/conf_002.xyz,near_vbur,46.84901809692383,46.84901857053372,4.736098944135847e-07,1.0109281023689738e-08
matched_angular_count_361,inputs/SIG-NIHDA-2063_9978c6ba/conf_003.xyz,near_vbur,46.84124755859375,46.84124795872902,4.001352706950456e-07,8.542369986546849e-09
matched_angular_count_361,inputs/SIG-NIHDA-2063_9978c6ba/conf_004.xyz,near_vbur,47.36964797973633,47.3696495614486,1.5817122687167284e-06,3.3390837453101874e-08
matched_angular_count_361,inputs/SIG-NIHDA-2064_f0ba08d0/conf_000.xyz,near_vbur,48.908226013183594,48.90823069877911,4.685595513365115e-06,9.580382374130907e-08
matched_angular_count_361,inputs/SIG-NIHDA-2064_f0ba08d0/conf_001.xyz,near_vbur,52.91009521484375,52.910095778199384,5.633556341422263e-07,1.0647412858669337e-08
matched_angular_count_361,inputs/SIG-NIHDA-2064_f0ba08d0/conf_002.xyz,near_vbur,52.91009521484375,52.910095778199384,5.633556341422263e-07,1.0647412858669337e-08
matched_angular_count_361,inputs/SIG-NIHDA-2064_f0ba08d0/conf_003.xyz,near_vbur,52.91009521484375,52.910095778199384,5.633556341422263e-07,1.0647412858669337e-08
matched_angular_count_361,inputs/SIG-NIHDA-2064_f0ba08d0/conf_004.xyz,near_vbur,50.45458221435547,50.454582447914326,2.3355885758746808e-07,4.629091080648173e-09
matched_angular_count_361,inputs/SIG-NIHDA-2064_f0ba08d0/conf_005.xyz,near_vbur,50.45458221435547,50.454582447914326,2.3355885758746808e-07,4.629091080648173e-09
matched_angular_count_361,inputs/SIG-NIHDA-2064_f0ba08d0/conf_006.xyz,near_vbur,50.54005432128906,50.54005917776601,4.856476948589261e-06,9.60916355777787e-08
matched_angular_count_361,inputs/SIG-NIHDA-2064_f0ba08d0/conf_007.xyz,near_vbur,50.54005432128906,50.54005917776601,4.856476948589261e-06,9.60916355777787e-08
matched_angular_count_361,inputs/SIG-NIHDA-2064_f0ba08d0/conf_008.xyz,near_vbur,50.54005432128906,50.54005917776601,4.856476948589261e-06,9.60916355777787e-08
matched_angular_count_361,inputs/SIG-NIHDA-2064_f0ba08d0/conf_009.xyz,near_vbur,50.540061950683594,50.54005917776601,2.772917582660739e-06,5.486573675957671e-08
matched_angular_count_361,inputs/SIG-NIHDA-2064_f0ba08d0/conf_010.xyz,near_vbur,49.230712890625,49.230711088674134,1.8019508658539962e-06,3.660217019023614e-08
matched_angular_count_361,inputs/SIG-NIHDA-2064_f0ba08d0/conf_011.xyz,near_vbur,49.234596252441406,49.23459639457649,1.4213508592320068e-07,2.8868945077583246e-09
matched_angular_count_361,inputs/SIG-NIHDA-2067_1f828bfa/conf_000.xyz,near_vbur,60.10179138183594,60.101797003448844,5.621612906736573e-06,9.353485564523113e-08
matched_angular_count_361,inputs/SIG-NIHDA-2067_1f828bfa/conf_001.xyz,near_vbur,60.10179138183594,60.101797003448844,5.621612906736573e-06,9.353485564523113e-08
matched_angular_count_361,inputs/SIG-NIHDA-2067_1f828bfa/conf_002.xyz,near_vbur,60.29217529296875,60.292176992663975,1.699695225454434e-06,2.819097452164057e-08
matched_angular_count_361,inputs/SIG-NIHDA-2067_1f828bfa/conf_003.xyz,near_vbur,60.288291931152344,60.288291686761625,2.4439071921733557e-07,4.053701181103461e-09
matched_angular_count_361,inputs/SIG-NIHDA-2067_1f828bfa/conf_004.xyz,near_vbur,58.6253776550293,58.62538076055591,3.105526616309362e-06,5.297239141172128e-08
matched_angular_count_361,inputs/SIG-NIHDA-2067_1f828bfa/conf_005.xyz,near_vbur,57.755069732666016,57.75507223842957,2.5057635539837975e-06,4.338603445320411e-08
matched_angular_count_361,inputs/SIG-NIHDA-2067_1f828bfa/conf_006.xyz,near_vbur,58.88957977294922,58.88958156191571,1.7889664931658444e-06,3.0378318977949424e-08
matched_angular_count_361,inputs/SIG-NIHDA-2067_1f828bfa/conf_007.xyz,near_vbur,57.929908752441406,57.92991100403531,2.2515939051004352e-06,3.886755332566612e-08
matched_angular_count_361,inputs/SIG-NIHDA-2067_1f828bfa/conf_008.xyz,near_vbur,66.15510559082031,66.15510359930981,1.9915105013978973e-06,3.010365630231852e-08
matched_angular_count_361,inputs/SIG-NIHDA-2067_1f828bfa/conf_009.xyz,near_vbur,55.84349822998047,55.84350173447348,3.5044930086769455e-06,6.27556098709609e-08
matched_angular_count_361,inputs/SIG-NIHDA-2067_1f828bfa/conf_010.xyz,near_vbur,59.61613464355469,59.61613376565512,8.778995663760725e-07,1.4725872191360232e-08
matched_angular_count_361,inputs/SIG-NIHDA-401_9d42bff1/conf_000.xyz,near_vbur,43.562049865722656,43.5620497771458,8.857685429575213e-08,2.033349090524723e-09
matched_angular_count_361,inputs/SIG-NIHDA-401_9d42bff1/conf_001.xyz,near_vbur,43.558162689208984,43.55816447124346,1.7820344737629057e-06,4.0911606248683456e-08
matched_angular_count_361,inputs/SIG-NIHDA-401_9d42bff1/conf_002.xyz,near_vbur,43.558162689208984,43.55816447124346,1.7820344737629057e-06,4.0911606248683456e-08
matched_angular_count_361,inputs/SIG-NIHDA-401_9d42bff1/conf_003.xyz,near_vbur,45.625144958496094,45.62514721129353,2.2527974365971204e-06,4.937622285719417e-08
matched_angular_count_361,inputs/SIG-NIHDA-401_9d42bff1/conf_004.xyz,near_vbur,45.625144958496094,45.62514721129353,2.2527974365971204e-06,4.937622285719417e-08
matched_angular_count_361,inputs/SIG-NIHDA-401_9d42bff1/conf_005.xyz,near_vbur,45.625144958496094,45.62514721129353,2.2527974365971204e-06,4.937622285719417e-08
matched_angular_count_361,inputs/SIG-NIHDA-498_7d70a0ce/conf_000.xyz,near_vbur,52.393348693847656,52.39335009318686,1.3993392045108521e-06,2.6708336115594558e-08
matched_angular_count_361,inputs/SIG-NIHDA-498_7d70a0ce/conf_001.xyz,near_vbur,52.393348693847656,52.39335009318686,1.3993392045108521e-06,2.6708336115594558e-08
matched_angular_count_361,inputs/SIG-NIHDA-498_7d70a0ce/conf_002.xyz,near_vbur,52.393348693847656,52.39335009318686,1.3993392045108521e-06,2.6708336115594558e-08
matched_angular_count_361,inputs/SIG-NIHDA-498_7d70a0ce/conf_003.xyz,near_vbur,52.393348693847656,52.39335009318686,1.3993392045108521e-06,2.6708336115594558e-08
matched_angular_count_361,inputs/SIG-NIHDA-498_7d70a0ce/conf_004.xyz,near_vbur,52.393348693847656,52.39335009318686,1.3993392045108521e-06,2.6708336115594558e-08
matched_angular_count_361,inputs/SIG-NIHDA-498_7d70a0ce/conf_005.xyz,near_vbur,52.393348693847656,52.39335009318686,1.3993392045108521e-06,2.6708336115594558e-08
matched_angular_count_361,inputs/SIG-NIHDA-498_7d70a0ce/conf_006.xyz,near_vbur,52.393348693847656,52.39335009318686,1.3993392045108521e-06,2.6708336115594558e-08
matched_angular_count_361,inputs/SIG-NIHDA-498_7d70a0ce/conf_007.xyz,near_vbur,52.393348693847656,52.39335009318686,1.3993392045108521e-06,2.6708336115594558e-08
matched_angular_count_361,inputs/SIG-NIHDA-498_7d70a0ce/conf_008.xyz,near_vbur,52.393348693847656,52.39335009318686,1.3993392045108521e-06,2.6708336115594558e-08
matched_angular_count_361,inputs/SIG-NIHDA-723_1db84e66/conf_000.xyz,near_vbur,61.25961685180664,61.25961816234908,1.3105424372383823e-06,2.1393251811743383e-08
matched_angular_count_361,inputs/SIG-NIHDA-723_1db84e66/conf_001.xyz,near_vbur,61.26350402832031,61.26350346825143,5.600688837148482e-07,9.141966293277572e-09
matched_angular_count_361,inputs/SIG-NIHDA-724_0d5c5a07/conf_000.xyz,near_vbur,60.439815521240234,60.43981861695327,3.0957130334741123e-06,5.121976048759634e-08
matched_angular_count_361,inputs/SIG-NIHDA-724_0d5c5a07/conf_001.xyz,near_vbur,60.4398193359375,60.43981861695327,7.189842321508877e-07,1.1895870116810937e-08
matched_angular_count_361,inputs/SIG-NIHDA-785_fe24eb0f/conf_000.xyz,near_vbur,47.53671646118164,47.53671771524964,1.2540679961148271e-06,2.638103883458756e-08
matched_angular_count_361,inputs/SIG-NIHDA-785_fe24eb0f/conf_001.xyz,near_vbur,47.53671646118164,47.53671771524964,1.2540679961148271e-06,2.638103883458756e-08
matched_angular_count_361,inputs/SIG-NIHDA-1057_be992081/conf_000.xyz,far_vbur,19.73346710205078,19.733468678034566,1.5759837843631885e-06,7.986349536802037e-08
matched_angular_count_361,inputs/SIG-NIHDA-1058_219b0b66/conf_000.xyz,far_vbur,21.299245834350586,21.299246956681525,1.1223309392960346e-06,5.269345632634969e-08
matched_angular_count_361,inputs/SIG-NIHDA-1058_219b0b66/conf_001.xyz,far_vbur,19.006916046142578,19.006916474295153,4.2815257472739177e-07,2.252614595883677e-08
matched_angular_count_361,inputs/SIG-NIHDA-2062_d86f6436/conf_000.xyz,far_vbur,4.067914962768555,4.067915279760226,3.169916711343035e-07,7.792484585691467e-08
matched_angular_count_361,inputs/SIG-NIHDA-2062_d86f6436/conf_001.xyz,far_vbur,0.17095345258712769,0.1709534597033906,7.1162629122767385e-09,4.16269019920607e-08
matched_angular_count_361,inputs/SIG-NIHDA-2062_d86f6436/conf_002.xyz,far_vbur,5.936747074127197,5.936747418790472,3.4466327480942027e-07,5.805591016362298e-08
matched_angular_count_361,inputs/SIG-NIHDA-2062_d86f6436/conf_003.xyz,far_vbur,8.982827186584473,8.982827246232706,5.964823301951583e-08,6.640251602804853e-09
matched_angular_count_361,inputs/SIG-NIHDA-2063_9978c6ba/conf_000.xyz,far_vbur,0.0,0.0,0.0,
matched_angular_count_361,inputs/SIG-NIHDA-2063_9978c6ba/conf_001.xyz,far_vbur,0.0,0.0,0.0,
matched_angular_count_361,inputs/SIG-NIHDA-2063_9978c6ba/conf_002.xyz,far_vbur,0.0,0.0,0.0,
matched_angular_count_361,inputs/SIG-NIHDA-2063_9978c6ba/conf_003.xyz,far_vbur,0.0,0.0,0.0,
matched_angular_count_361,inputs/SIG-NIHDA-2063_9978c6ba/conf_004.xyz,far_vbur,0.0,0.0,0.0,
matched_angular_count_361,inputs/SIG-NIHDA-2064_f0ba08d0/conf_000.xyz,far_vbur,0.0,0.0,0.0,
matched_angular_count_361,inputs/SIG-NIHDA-2064_f0ba08d0/conf_001.xyz,far_vbur,1.6551401615142822,1.6551403144010088,1.5288672661206704e-07,9.237085537814137e-08
matched_angular_count_361,inputs/SIG-NIHDA-2064_f0ba08d0/conf_002.xyz,far_vbur,1.6551401615142822,1.6551403144010088,1.5288672661206704e-07,9.237085537814137e-08
matched_angular_count_361,inputs/SIG-NIHDA-2064_f0ba08d0/conf_003.xyz,far_vbur,1.6512548923492432,1.6512550084986592,1.1614941608506513e-07,7.034008404956758e-08
matched_angular_count_361,inputs/SIG-NIHDA-2064_f0ba08d0/conf_004.xyz,far_vbur,0.0,0.0,0.0,
matched_angular_count_361,inputs/SIG-NIHDA-2064_f0ba08d0/conf_005.xyz,far_vbur,0.0,0.0,0.0,
matched_angular_count_361,inputs/SIG-NIHDA-2064_f0ba08d0/conf_006.xyz,far_vbur,0.0,0.0,0.0,
matched_angular_count_361,inputs/SIG-NIHDA-2064_f0ba08d0/conf_007.xyz,far_vbur,0.0,0.0,0.0,
matched_angular_count_361,inputs/SIG-NIHDA-2064_f0ba08d0/conf_008.xyz,far_vbur,0.0,0.0,0.0,
matched_angular_count_361,inputs/SIG-NIHDA-2064_f0ba08d0/conf_009.xyz,far_vbur,0.0,0.0,0.0,
matched_angular_count_361,inputs/SIG-NIHDA-2064_f0ba08d0/conf_010.xyz,far_vbur,0.0,0.0,0.0,
matched_angular_count_361,inputs/SIG-NIHDA-2064_f0ba08d0/conf_011.xyz,far_vbur,0.0,0.0,0.0,
matched_angular_count_361,inputs/SIG-NIHDA-2067_1f828bfa/conf_000.xyz,far_vbur,16.520320892333984,16.520320696791288,1.955426967015228e-07,1.1836495204327523e-08
matched_angular_count_361,inputs/SIG-NIHDA-2067_1f828bfa/conf_001.xyz,far_vbur,16.520320892333984,16.520320696791288,1.955426967015228e-07,1.1836495204327523e-08
matched_angular_count_361,inputs/SIG-NIHDA-2067_1f828bfa/conf_002.xyz,far_vbur,14.845752716064453,14.845753852878532,1.1368140793166503e-06,7.657503219994629e-08
matched_angular_count_361,inputs/SIG-NIHDA-2067_1f828bfa/conf_003.xyz,far_vbur,14.841867446899414,14.841868546976182,1.1000767674573808e-06,7.411982958719208e-08
matched_angular_count_361,inputs/SIG-NIHDA-2067_1f828bfa/conf_004.xyz,far_vbur,12.541767120361328,12.541767452785109,3.324237809465558e-07,2.650533764064773e-08
matched_angular_count_361,inputs/SIG-NIHDA-2067_1f828bfa/conf_005.xyz,far_vbur,3.9047322273254395,3.9047324318615346,2.045360951719033e-07,5.238159047799164e-08
matched_angular_count_361,inputs/SIG-NIHDA-2067_1f828bfa/conf_006.xyz,far_vbur,4.269950866699219,4.269951186682415,3.199831963840438e-07,7.49383733898509e-08
matched_angular_count_361,inputs/SIG-NIHDA-2067_1f828bfa/conf_007.xyz,far_vbur,3.123785972595215,3.123785945489228,2.7105986788455994e-08,8.677286876073329e-09
matched_angular_count_361,inputs/SIG-NIHDA-2067_1f828bfa/conf_008.xyz,far_vbur,10.094023704528809,10.094024734304744,1.0297759356348024e-06,1.0201836856364027e-07
matched_angular_count_361,inputs/SIG-NIHDA-2067_1f828bfa/conf_009.xyz,far_vbur,0.05439428240060806,0.05439428263289701,2.322889450234733e-10,4.2704661920293026e-09
matched_angular_count_361,inputs/SIG-NIHDA-2067_1f828bfa/conf_010.xyz,far_vbur,17.025409698486328,17.025410464096762,7.656104337172565e-07,4.49686916701232e-08
matched_angular_count_361,inputs/SIG-NIHDA-401_9d42bff1/conf_000.xyz,far_vbur,0.0,0.0,0.0,
matched_angular_count_361,inputs/SIG-NIHDA-401_9d42bff1/conf_001.xyz,far_vbur,0.0,0.0,0.0,
matched_angular_count_361,inputs/SIG-NIHDA-401_9d42bff1/conf_002.xyz,far_vbur,0.0,0.0,0.0,
matched_angular_count_361,inputs/SIG-NIHDA-401_9d42bff1/conf_003.xyz,far_vbur,0.0,0.0,0.0,
matched_angular_count_361,inputs/SIG-NIHDA-401_9d42bff1/conf_004.xyz,far_vbur,0.0,0.0,0.0,
matched_angular_count_361,inputs/SIG-NIHDA-401_9d42bff1/conf_005.xyz,far_vbur,0.0,0.0,0.0,
matched_angular_count_361,inputs/SIG-NIHDA-498_7d70a0ce/conf_000.xyz,far_vbur,0.6838138699531555,0.6838138388135624,3.113959312628367e-08,4.553811484761964e-08
matched_angular_count_361,inputs/SIG-NIHDA-498_7d70a0ce/conf_001.xyz,far_vbur,0.6838138699531555,0.6838138388135624,3.113959312628367e-08,4.553811484761964e-08
matched_angular_count_361,inputs/SIG-NIHDA-498_7d70a0ce/conf_002.xyz,far_vbur,0.6838138699531555,0.6838138388135624,3.113959312628367e-08,4.553811484761964e-08
matched_angular_count_361,inputs/SIG-NIHDA-498_7d70a0ce/conf_003.xyz,far_vbur,0.6838138699531555,0.6838138388135624,3.113959312628367e-08,4.553811484761964e-08
matched_angular_count_361,inputs/SIG-NIHDA-498_7d70a0ce/conf_004.xyz,far_vbur,0.6838138699531555,0.6838138388135624,3.113959312628367e-08,4.553811484761964e-08
matched_angular_count_361,inputs/SIG-NIHDA-498_7d70a0ce/conf_005.xyz,far_vbur,0.6838138699531555,0.6838138388135624,3.113959312628367e-08,4.553811484761964e-08
matched_angular_count_361,inputs/SIG-NIHDA-498_7d70a0ce/conf_006.xyz,far_vbur,0.6838138699531555,0.6838138388135624,3.113959312628367e-08,4.553811484761964e-08
matched_angular_count_361,inputs/SIG-NIHDA-498_7d70a0ce/conf_007.xyz,far_vbur,0.6838138699531555,0.6838138388135624,3.113959312628367e-08,4.553811484761964e-08
matched_angular_count_361,inputs/SIG-NIHDA-498_7d70a0ce/conf_008.xyz,far_vbur,0.6838138699531555,0.6838138388135624,3.113959312628367e-08,4.553811484761964e-08
matched_angular_count_361,inputs/SIG-NIHDA-723_1db84e66/conf_000.xyz,far_vbur,19.263347625732422,19.26334666385024,9.61882182792806e-07,4.9933285195862786e-08
matched_angular_count_361,inputs/SIG-NIHDA-723_1db84e66/conf_001.xyz,far_vbur,19.26723289489746,19.26723196975259,9.251448709335364e-07,4.8016491024030377e-08
matched_angular_count_361,inputs/SIG-NIHDA-724_0d5c5a07/conf_000.xyz,far_vbur,15.331417083740234,15.331417090672256,6.932021179295589e-09,4.521448433826173e-10
matched_angular_count_361,inputs/SIG-NIHDA-724_0d5c5a07/conf_001.xyz,far_vbur,15.335302352905273,15.335302396574606,4.366933303856513e-08,2.8476342956444992e-09
matched_angular_count_361,inputs/SIG-NIHDA-785_fe24eb0f/conf_000.xyz,far_vbur,0.0,0.0,0.0,
matched_angular_count_361,inputs/SIG-NIHDA-785_fe24eb0f/conf_001.xyz,far_vbur,0.0,0.0,0.0,
