stage,scientific_reason,metric,N,R2,pearson_r,MAE,RMSE,median_absolute_error,maximum_absolute_error,slope,intercept,mean_signed_error,SSE,SST,target_0_99999_SSE_budget
baseline,Frozen validated native defaults on the historical cohort,buried_volume_delta,1541,0.9991028057987198,0.9995565405412912,0.33142111057482454,0.6294659895758336,0.14441188933593452,9.7371894596875,0.9974680240305169,-0.01008882144415324,-0.05855106884539763,610.5864727623652,680551.0689782766,6.805510689782766
baseline,Frozen validated native defaults on the historical cohort,buried_volume_max,1541,0.9990671497270728,0.9995572683868084,0.4301623228134568,0.756441745464634,0.21495766182616904,9.780108866015638,0.9924981927169241,0.5925901998888463,0.048060731009319534,881.766540107918,945239.0868054144,9.452390868054145
baseline,Frozen validated native defaults on the historical cohort,buried_volume_min,1541,0.9981692814407757,0.9992288247376553,0.2657581374982191,0.49761869284253823,0.13622751656249932,4.483833204843748,0.9841538400376098,0.9535311582473582,0.10661177547833807,381.58914410159366,208436.8141563288,2.084368141563288
baseline,Frozen validated native defaults on the historical cohort,buried_volume_vburminconf,1541,0.9981692814407757,0.9992288247376553,0.2657581374982191,0.49761869284253823,0.13622751656249932,4.483833204843748,0.9841538400376098,0.9535311582473582,0.10661177547833807,381.58914410159366,208436.8141563288,2.084368141563288
baseline,Frozen validated native defaults on the historical cohort,far_vbur_delta,1541,0.9981710687651967,0.9990982742889799,0.309988411637278,0.6413480903690835,0.09168564528967282,9.748832028684085,0.995783384159369,-0.024679252239284466,-0.0678259738752837,633.8554818239279,346571.5220791722,3.465715220791722
baseline,Frozen validated native defaults on the historical cohort,far_vbur_max,1541,0.9977069658254293,0.9989056008444904,0.37356310899116946,0.7605644991876395,0.11218421192382877,9.663614776777344,0.9914399855120631,-0.028996034062698683,-0.12779288937528782,891.4043287912236,388744.45862024184,3.887444586202419
baseline,Frozen validated native defaults on the historical cohort,far_vbur_min,1541,0.9940194473043411,0.9979930565017417,0.0900826077434967,0.3702589698584915,0.0,4.68153157459961,0.9534866655212689,0.0009246987781461602,-0.059966918143093045,211.25831703619448,35324.212959370816,0.3532421295937082
baseline,Frozen validated native defaults on the historical cohort,far_vbur_vburminconf,1541,0.9934768016483544,0.9976881676193551,0.10016134731279812,0.3902789228862162,0.0,4.68153157459961,0.9534385257156766,0.006926207399975404,-0.05666000189345875,234.72147961745588,35982.57587219379,0.3598257587219379
baseline,Frozen validated native defaults on the historical cohort,max_delta_qvbur_delta,1541,0.9942569407627564,0.9971327914311442,0.33377401041618193,0.6251079158302815,0.14385003053808598,7.630637053053711,0.9983328558475685,0.010501873878538959,-0.004458802315758285,602.1610158142984,104850.21848796072,1.0485021848796072
baseline,Frozen validated native defaults on the historical cohort,max_delta_qvbur_max,1541,0.994146923483721,0.9970740504862164,0.38526287327562286,0.6732370061390296,0.1930624928857423,4.717058347617676,0.9910818502073431,0.12340456415092937,0.004207681559546539,698.4552703764025,119331.30695179146,1.1933130695179146
baseline,Frozen validated native defaults on the historical cohort,max_delta_qvbur_min,1541,0.9851575178859805,0.9926731334686528,0.27045059026072443,0.4906052013601019,0.11154300895556624,4.559474132548829,0.9700921557081633,0.14001625010626473,0.00866647813163188,370.9086274100441,24989.663087395787,0.2498966308739579
baseline,Frozen validated native defaults on the historical cohort,max_delta_qvbur_vburminconf,1541,0.9789219800314504,0.9894832967703401,0.34105041655189755,0.6314262699663671,0.14806050862109377,6.313376078544923,0.9667502464945997,0.18372651877420498,0.0005084789393336592,614.3953661160083,29148.628145942777,0.2914862814594278
baseline,Frozen validated native defaults on the historical cohort,near_vbur_delta,1541,0.9985157855924188,0.9992595544722067,0.16671438514537792,0.3324078738074615,0.08142620788867205,4.16666122852539,0.9983380425027746,0.03293501531643983,0.016904728870320622,170.27278663113293,114722.49949966677,1.1472249949966677
baseline,Frozen validated native defaults on the historical cohort,near_vbur_max,1541,0.9982175790695841,0.9992460095467567,0.24226901749053853,0.4833481929906517,0.1313491476171862,4.690599941220704,0.9943661253286156,0.5313192040922843,0.1838768459774307,360.01685800335275,201981.95154684858,2.019819515468486
baseline,Frozen validated native defaults on the historical cohort,near_vbur_min,1541,0.9974275613944921,0.99892156985553,0.2244830522617402,0.4167045420802361,0.12873596591796854,4.483833204843748,0.9959186356739897,0.37930431072209103,0.1669721194536382,267.5833627764511,104019.3387719787,1.040193387719787
baseline,Frozen validated native defaults on the historical cohort,near_vbur_vburminconf,1541,0.9970910529611279,0.9987396814698235,0.23477258345302607,0.44761859925832753,0.13069287425781084,4.483833204843748,0.9957886439829648,0.38260213069874993,0.163271726679079,308.75847442946235,106140.97482819084,1.0614097482819085
baseline,Frozen validated native defaults on the historical cohort,ovbur_max_delta,1541,0.9852667265366002,0.9926553517650383,0.17787233890907006,0.3524182789456312,0.07397967152050788,3.9858846967373047,0.9937991233674583,0.036404160574881494,0.01472572475477191,191.39010937923612,12990.331704266864,0.12990331704266866
baseline,Frozen validated native defaults on the historical cohort,ovbur_max_max,1541,0.9870532129683095,0.9937299904982072,0.1616452757716979,0.3739144211259037,0.05493565424804814,4.251487956347656,0.9750267519137363,0.5324084097866297,0.05582128644319397,215.45028325624213,16641.216290101478,0.1664121629010148
baseline,Frozen validated native defaults on the historical cohort,ovbur_max_min,1541,0.9844854331237073,0.9923473061429254,0.1871651603047604,0.35355061324689135,0.081053971801758,2.7833310931445325,0.9771874714499444,0.3966944728901485,0.04109554744053109,192.62197367209683,12415.555987349942,0.12415555987349944
baseline,Frozen validated native defaults on the historical cohort,ovbur_max_vburminconf,1541,0.9812552290278692,0.9907013065243804,0.2208996753524811,0.39962978148321293,0.10254215523925758,2.972639843144531,0.9773075686574967,0.40230893159463754,0.042902219535788405,246.10380582466195,13129.197800845996,0.13129197800845996
baseline,Frozen validated native defaults on the historical cohort,ovbur_min_delta,1541,0.996755449110327,0.9984019883101128,0.024094276102273608,0.10596703998108704,0.0,2.0623388312875974,1.0037753684309783,-0.0047818487706514645,-0.002858436421537167,17.303909899586436,5333.221912056414,0.05333221912056414
baseline,Frozen validated native defaults on the historical cohort,ovbur_min_max,1541,0.9971202254877205,0.9985775476223149,0.023976600202408497,0.10297620626239755,0.0,2.0623388312875974,1.0029103436569897,-0.005242299903906011,-0.003690705296567524,16.3409166455978,5674.373662215271,0.056743736622152714
baseline,Frozen validated native defaults on the historical cohort,ovbur_min_min,1541,0.9981853087331699,0.9991409760551208,0.0009180802023159255,0.016771800660868162,0.0,0.614029811440918,0.9886518464738948,-0.0005636855378145893,-0.0008322688724346404,0.4334729713055704,238.868715152176,0.0023886871515217604
baseline,Frozen validated native defaults on the historical cohort,ovbur_min_vburminconf,1541,0.9878459656182856,0.9940088971846922,0.0021033397901843924,0.04834925370181876,0.0,1.8041235974207763,1.0023364534497177,0.0004291909415749494,0.0004919280977299606,3.6023191639586885,296.38875873005236,0.002963887587300524
baseline,Frozen validated native defaults on the historical cohort,percent_buried_volume_delta,1541,0.9991028062366654,0.9995565406711675,0.18453858040395288,0.3504930587694044,0.08040806243346665,5.421769626617589,0.9974680430398857,-0.005617517487618073,-0.03260159324325527,189.30473712236662,210996.49246196233,2.1099649246196237
baseline,Frozen validated native defaults on the historical cohort,percent_buried_volume_max,1541,0.9990671499773748,0.9995572684966799,0.23951895305495668,0.42119449609352144,0.11969137552166842,5.4456665788273995,0.9924982169491423,0.329960366693399,0.02676173104706826,273.3808022543316,293059.75840037514,2.9305975840037517
baseline,Frozen validated native defaults on the historical cohort,percent_buried_volume_min,1541,0.9981692805658737,0.999228824910093,0.14797727152676132,0.27707927812941,0.0758546345885911,2.4966461288126744,0.9841538745323282,0.5309357168303492,0.05936331071730468,118.30707953418975,64623.271774384804,0.646232717743848
baseline,Frozen validated native defaults on the historical cohort,percent_buried_volume_vburminconf,1541,0.9981692805658737,0.999228824910093,0.14797727152676132,0.27707927812941,0.0758546345885911,2.4966461288126744,0.9841538745323282,0.5309357168303492,0.05936331071730468,118.30707953418975,64623.271774384804,0.646232717743848
baseline,Frozen validated native defaults on the historical cohort,pyr_alpha_delta,1541,0.9999057781367692,0.9999544814262089,0.007100722601684111,0.03822634432834602,0.0028438568115234375,1.1588592529296875,0.9989731928663755,0.011394836555030707,0.00598674162855936,2.2517914904929883,23898.821497272398,0.238988214972724
baseline,Frozen validated native defaults on the historical cohort,pyr_alpha_max,1541,0.9999675193143145,0.9999839082012603,0.0037843876000845035,0.030468016611961458,0.0017515169726571855,1.156000996384277,0.9997250277343459,0.008478181767621606,0.002610259070907408,1.4305103558870762,44041.876755289246,0.4404187675528925
baseline,Frozen validated native defaults on the historical cohort,pyr_alpha_min,1541,0.9999791704483548,0.9999898507033069,0.004460801119625053,0.022463290450931157,0.0019220806591810913,0.719317825498047,0.9997338364149237,0.0009016069420226813,-0.0033764799087227233,0.7775877029575412,37330.98610109584,0.3733098610109584
baseline,Frozen validated native defaults on the historical cohort,pyr_alpha_vburminconf,1541,0.9867069569894216,0.9933687947769779,0.08370986484590555,0.5994562891986177,0.0019080004931630867,8.871246330952147,0.9950134557548187,0.11172417134782364,0.012665027066193666,553.755025538716,41657.506494039466,0.4165750649403947
baseline,Frozen validated native defaults on the historical cohort,pyr_p_delta,1541,0.9999484355405008,0.9999751433745812,5.4089634200930314e-05,0.0002674724607620566,2.0386638122558975e-05,0.0072321295738220215,0.9993590639174514,7.145721372593672e-05,4.565380333532904e-05,0.00011024547810707539,2.138012871227327,2.138012871227327e-05
baseline,Frozen validated native defaults on the historical cohort,pyr_p_max,1541,0.9999775723975252,0.9999891214482253,3.216007200746375e-05,0.000171219293233392,1.1959909667957902e-05,0.004817062902160663,0.9995532713039299,0.0004457922821724525,2.530840659208973e-05,4.517602746440245e-05,2.014304806550478,2.0143048065504783e-05
baseline,Frozen validated native defaults on the historical cohort,pyr_p_min,1541,0.9999841108276053,0.9999921402216155,3.017811546664431e-05,0.00019969688311256812,1.3833793518047699e-05,0.007218747214965848,0.9999153548107126,5.5919263672321584e-05,-2.0345387658228393e-05,6.14533003374319e-05,3.8676212209602268,3.8676212209602274e-05
baseline,Frozen validated native defaults on the historical cohort,pyr_p_vburminconf,1541,0.9844899217194357,0.9922990804853103,0.0006954715240422877,0.005113946000132751,1.3979197753921646e-05,0.08410814719134518,0.9971175965159514,0.0025045228992651714,-0.00012900155706076124,0.040300915729793864,2.598369589165449,2.598369589165449e-05
baseline,Frozen validated native defaults on the historical cohort,qvbur_max_delta,1541,0.9959318855948326,0.997965404277122,0.302425749212967,0.5885363657229066,0.11932891302490245,6.608376134892579,0.9967895812381291,0.04383565034154557,0.014082391200552387,533.7639578724018,131206.72250377305,1.3120672250377305
baseline,Frozen validated native defaults on the historical cohort,qvbur_max_max,1541,0.9962123489883667,0.998124349523782,0.3595606536487439,0.6396372052479207,0.17972565129394624,4.270920681088867,0.9902544748408612,0.2714120504888413,0.020152830897046142,630.4781974338881,166456.25362459724,1.6645625362459726
baseline,Frozen validated native defaults on the historical cohort,qvbur_max_min,1541,0.9925519774072593,0.9965299752063115,0.24355048091711132,0.4511248784274178,0.10422855838378808,4.270920681088867,0.9703767906536637,0.49527672285146807,0.006070448144254961,313.61454379761085,42107.08814219782,0.42107088142197824
baseline,Frozen validated native defaults on the historical cohort,qvbur_max_vburminconf,1541,0.9905011428701489,0.9954529204860995,0.28709473455016465,0.5225149973339213,0.13454492811523266,5.280856050703125,0.9704534592527471,0.5055343057888884,0.008288245169849008,420.7267824782952,44292.35819918993,0.4429235819918993
baseline,Frozen validated native defaults on the historical cohort,qvbur_min_delta,1541,0.9955252685311903,0.9978365119523063,0.12411632049127717,0.2632993812838513,0.055347395671386745,3.771523521838379,1.001773219306724,0.037217919827791324,0.042231909959376965,106.83223540825117,23874.557870769248,0.2387455787076925
baseline,Frozen validated native defaults on the historical cohort,qvbur_min_max,1541,0.9962215242764754,0.9982189631550357,0.13470332972426333,0.25306774926169223,0.06609472654296944,3.5966979924121105,1.0059351387332296,-0.03198090322250202,0.04678078343451453,98.69070328893964,26119.18416585185,0.2611918416585185
baseline,Frozen validated native defaults on the historical cohort,qvbur_min_min,1541,0.9900233276122218,0.9951623157243075,0.0890285462963316,0.1674571018858001,0.044489765859374586,1.9780997105029297,1.0080760402849602,-0.07978746961245875,0.004548872880069452,43.21253857783849,4331.357881489179,0.04331357881489179
baseline,Frozen validated native defaults on the historical cohort,qvbur_min_vburminconf,1541,0.9807027882327776,0.9906456014724069,0.12512080157904326,0.2458594100711404,0.05957218431689526,3.0961687775878914,1.0064770857733039,-0.059802746880587065,0.010325786264521701,93.14859511113544,4827.049432569031,0.04827049432569031
baseline,Frozen validated native defaults on the historical cohort,sterimol_b1_delta,1541,0.9932011378981118,0.9968936796919238,0.03299923805285375,0.05539951109206579,0.018964095227661182,0.49983664783898923,1.004928613377454,0.011195848737349134,0.014584226059647069,4.729492082858719,695.6299468914448,0.006956299468914448
baseline,Frozen validated native defaults on the historical cohort,sterimol_b1_max,1541,0.9824817203453375,0.9987742805870339,0.10641990085693329,0.11392769284657593,0.114677123283081,0.36660701108496063,1.0162324130733753,0.033767502544974626,0.10442745634498837,20.001439083106714,1141.7467626613325,0.011417467626613326
baseline,Frozen validated native defaults on the historical cohort,sterimol_b1_min,1541,0.9814527716117342,0.9976340589452936,0.09629101421114591,0.10501785893609308,0.10913418658081042,0.43788609029602066,1.0109355290972368,0.04975877497453851,0.08984323028858594,16.99530482179809,916.3258502036011,0.009163258502036012
baseline,Frozen validated native defaults on the historical cohort,sterimol_b1_vburminconf,1541,0.9647883583905914,0.9906027572703715,0.11609718905127844,0.14688316059208428,0.11399543388793942,1.0665854200416258,1.0117979947411044,0.05004386853326004,0.09763260890858799,33.24655547576634,944.1921465792401,0.009441921465792402
baseline,Frozen validated native defaults on the historical cohort,sterimol_b5_delta,1541,0.9973225571487875,0.9986813068310894,0.03044753461770565,0.06062019038481177,0.009793128123291028,0.6481175792514648,0.9967646898141663,0.01055990116171579,0.007541199670221383,5.662878330210162,2115.0323816045807,0.02115032381604581
baseline,Frozen validated native defaults on the historical cohort,sterimol_b5_max,1541,0.9955230749686946,0.9995298461978711,0.10461246656690033,0.11574996038865977,0.1096591340659181,0.39939480193164023,0.9964040871526703,0.13030783195638573,0.10277906487908615,20.646400181493483,4611.7368589202115,0.046117368589202117
baseline,Frozen validated native defaults on the historical cohort,sterimol_b5_min,1541,0.9926519369482113,0.9986959152554127,0.1025993388013776,0.11882007197309886,0.10744204525244161,0.7770996714291991,0.9928357670254794,0.14339958216743742,0.0952378632536409,21.756160845189974,2960.802144980791,0.029608021449807915
baseline,Frozen validated native defaults on the historical cohort,sterimol_b5_vburminconf,1541,0.9850902709907966,0.9944867749440425,0.12113044963091602,0.18712894157221688,0.10879860497607474,3.230828623037109,0.9830560909053965,0.2165254125488758,0.09543432946861193,53.9615680326387,3619.2185652287553,0.03619218565228756
baseline,Frozen validated native defaults on the historical cohort,sterimol_l_delta,1541,0.9964187838574311,0.9982267244833856,0.057757106105889536,0.1008287158456488,0.027576692102294964,0.9521760940551758,0.9988999226236439,0.011470688728195011,0.00950405672430392,15.666468536126272,4374.622450151358,0.04374622450151358
baseline,Frozen validated native defaults on the historical cohort,sterimol_l_max,1541,0.9935462755745663,0.9984642431457076,0.11235681986712304,0.13583312626881658,0.10922640890234447,0.9863800918762209,1.0050407422166867,0.051462121133161176,0.09740420439423482,28.43243345381077,4405.585299204951,0.04405585299204952
baseline,Frozen validated native defaults on the historical cohort,sterimol_l_min,1541,0.9862827840197345,0.9962294110799041,0.11110358070270246,0.13286801609835827,0.10963227272485376,0.7599016906767577,1.0060874652016227,0.04330076870469046,0.08790015021243579,27.20467485064885,1983.2504561995177,0.019832504561995177
baseline,Frozen validated native defaults on the historical cohort,sterimol_l_vburminconf,1541,0.9774617622573286,0.9907833235075103,0.13617422769586499,0.22410192635400408,0.10977967349487283,2.77318821458252,1.0036274558410674,0.05926498477824005,0.0907739496289752,77.39159870258182,3433.791034871242,0.034337910348712426
raw_center,Original source raw-bond sum replaces unit-bond sum in reproduction inputs,buried_volume_delta,1541,0.9997566685699311,0.9998784024708804,0.09890040754671786,0.32781448914334516,0.059175180546874984,10.29280011642578,1.0001224213379523,0.00043374529458617417,0.0027769006951680465,165.59946484945337,680551.0689782766,6.805510689782766
raw_center,Original source raw-bond sum replaces unit-bond sum in reproduction inputs,buried_volume_max,1541,0.999814970666861,0.9999132094514349,0.12188892496531016,0.33689130982025717,0.08758064077148475,10.28909629277345,1.0004246052197183,0.05168621088360226,0.08250679131870797,174.89695788854155,945239.0868054144,9.452390868054145
raw_center,Original source raw-bond sum replaces unit-bond sum in reproduction inputs,buried_volume_min,1541,0.9998832130791933,0.9999653948047458,0.09892297828159212,0.1256848693269637,0.0888316652929717,1.3040257024999988,0.9991687726229552,0.12415593406284842,0.07972986624716082,24.342693708091094,208436.8141563288,2.084368141563288
raw_center,Original source raw-bond sum replaces unit-bond sum in reproduction inputs,buried_volume_vburminconf,1541,0.9998832130791933,0.9999653948047458,0.09892297828159212,0.1256848693269637,0.0888316652929717,1.3040257024999988,0.9991687726229552,0.12415593406284842,0.07972986624716082,24.342693708091094,208436.8141563288,2.084368141563288
raw_center,Original source raw-bond sum replaces unit-bond sum in reproduction inputs,far_vbur_delta,1541,0.9996294336659093,0.9998212828113486,0.0528653398407442,0.2886875787580994,0.021246477607423486,10.522012990292971,1.0031419959474561,-0.017815417880845175,0.014335204715602061,128.4277384371186,346571.5220791722,3.465715220791722
raw_center,Original source raw-bond sum replaces unit-bond sum in reproduction inputs,far_vbur_max,1541,0.9996832641860655,0.9998467241663392,0.050241066797032254,0.28266977465123244,0.022198899443360176,10.37074520890625,1.002867675196564,-0.02739351382111188,0.0057042445854552926,123.12929251362435,388744.45862024184,3.887444586202419
raw_center,Original source raw-bond sum replaces unit-bond sum in reproduction inputs,far_vbur_min,1541,0.9999325354715881,0.9999679759618125,0.012191081823337451,0.03932535685336115,0.0,0.9308857842769775,0.9995264084342849,-0.00801097376320592,-0.008630962773235676,2.3831313688237103,35324.212959370816,0.3532421295937082
raw_center,Original source raw-bond sum replaces unit-bond sum in reproduction inputs,far_vbur_vburminconf,1541,0.9998172248185633,0.9999107883148675,0.01317163119008092,0.06532860994107967,0.0,2.276060681064454,0.9986816330067778,-0.006652548070514186,-0.008452962701817926,6.576721833600785,35982.57587219379,0.3598257587219379
raw_center,Original source raw-bond sum replaces unit-bond sum in reproduction inputs,max_delta_qvbur_delta,1541,0.9994614314336896,0.9997417406635469,0.08160947910708916,0.19142729018925392,0.05588864786132852,4.708991050720215,1.002347234244789,0.009702429192900652,0.030766121518030588,56.46903184839847,104850.21848796072,1.0485021848796072
raw_center,Original source raw-bond sum replaces unit-bond sum in reproduction inputs,max_delta_qvbur_max,1541,0.9996632345937303,0.9998434388925175,0.06938901723436357,0.1614877619283767,0.049135499950195394,4.647122548972656,1.002858524009351,-0.00574734315929426,0.03245869269444239,40.18665606631218,119331.30695179146,1.1933130695179146
raw_center,Original source raw-bond sum replaces unit-bond sum in reproduction inputs,max_delta_qvbur_min,1541,0.9993107406241305,0.9996559081652031,0.05317153632286003,0.10572318115540473,0.04148382298925801,2.7872309247226563,1.0003202736863277,0.0002859820876430774,0.0016925654327388643,17.22435958280614,24989.663087395787,0.2498966308739579
raw_center,Original source raw-bond sum replaces unit-bond sum in reproduction inputs,max_delta_qvbur_vburminconf,1541,0.996727105725964,0.9983680446172716,0.07294423185618452,0.2488133787397375,0.04228670724462802,5.838614230291016,1.0001144190211149,0.0013832276377696573,0.0020137173875688736,95.40037815486133,29148.628145942777,0.2914862814594278
raw_center,Original source raw-bond sum replaces unit-bond sum in reproduction inputs,near_vbur_delta,1541,0.9995644345154708,0.9997839805307098,0.07287217889379487,0.18007346017219109,0.047862760234373525,4.16666122852539,0.9976871692423351,0.020714269681953112,-0.0015939660031698577,49.969161080972356,114722.49949966677,1.1472249949966677
raw_center,Original source raw-bond sum replaces unit-bond sum in reproduction inputs,near_vbur_max,1541,0.9996821971567779,0.9998698674744904,0.10626857749187575,0.2040956985665074,0.08775503550781139,4.396949153515628,0.9985886097731277,0.1728899369300123,0.0858491741783187,64.19043848113334,201981.95154684858,2.019819515468486
raw_center,Original source raw-bond sum replaces unit-bond sum in reproduction inputs,near_vbur_min,1541,0.9997665349743979,0.9999399102008483,0.10073584955083821,0.12553552408103963,0.09444895774414164,1.3040257024999988,0.9997681393027341,0.09950565054909788,0.08744314252801667,24.284877589510273,104019.3387719787,1.040193387719787
raw_center,Original source raw-bond sum replaces unit-bond sum in reproduction inputs,near_vbur_vburminconf,1541,0.9997281061042123,0.9999205647154185,0.10216737198173104,0.1368484697234084,0.09423476123046726,2.083097230390621,1.0002038846313364,0.07756424490382585,0.08818270090315225,28.85908314874911,106140.97482819084,1.0614097482819085
raw_center,Original source raw-bond sum replaces unit-bond sum in reproduction inputs,ovbur_max_delta,1541,0.9979669481845473,0.9989860012854519,0.04507850239605218,0.1309130752089695,0.030375407560546852,4.231098175048828,0.9966632921717737,0.017730284984427414,0.006065062340736032,26.41001745469139,12990.331704266864,0.12990331704266866
raw_center,Original source raw-bond sum replaces unit-bond sum in reproduction inputs,ovbur_max_max,1541,0.9986236176068215,0.9993431300613711,0.0396012995109786,0.12191601747321315,0.02761335903320372,4.193207965197754,0.9982844795457896,0.05880384658779647,0.02606501519971179,22.904677102770904,16641.216290101478,0.1664121629010148
raw_center,Original source raw-bond sum replaces unit-bond sum in reproduction inputs,ovbur_max_min,1541,0.9995408208974311,0.999795388919504,0.04054841703258335,0.060823698463025065,0.034268902570801174,1.14331782045166,1.0001837565652267,0.01713556358156687,0.01999993861108478,5.700963856165058,12415.555987349942,0.12415555987349944
raw_center,Original source raw-bond sum replaces unit-bond sum in reproduction inputs,ovbur_max_vburminconf,1541,0.9980202483462736,0.9990403097851565,0.05305615893368312,0.12987427419700873,0.0372033291674807,2.619144434921875,1.001137697770044,0.0030160348526635516,0.021035091897572487,25.99255105832591,13129.197800845996,0.13129197800845996
raw_center,Original source raw-bond sum replaces unit-bond sum in reproduction inputs,ovbur_min_delta,1541,0.9985953812153651,0.9993237011758618,0.009627491317056171,0.06972246678995486,0.0,2.5169200919687498,1.005829259281988,-0.004670957267638776,-0.0017011625325962668,7.491143680300869,5333.221912056414,0.05333221912056414
raw_center,Original source raw-bond sum replaces unit-bond sum in reproduction inputs,ovbur_min_max,1541,0.9986786407823556,0.9993633884561072,0.009781761972635984,0.06975383592906127,0.0,2.5169200919687498,1.0056153756474746,-0.0049447454194576634,-0.0019510142317759795,7.497885942927156,5674.373662215271,0.056743736622152714
raw_center,Original source raw-bond sum replaces unit-bond sum in reproduction inputs,ovbur_min_min,1541,0.9998518967798397,0.9999326087716,0.0004576482293143156,0.004791379474405372,0.0,0.07537936383544874,1.0034597789188793,-0.00033173629190103374,-0.000249851696583995,0.035377225909607526,238.868715152176,0.0023886871515217604
raw_center,Original source raw-bond sum replaces unit-bond sum in reproduction inputs,ovbur_min_vburminconf,1541,0.9889026791638821,0.9946067796213374,0.0016221419742690323,0.04619964258078112,0.0,1.8041235974207763,1.0074804130947368,0.0006465702255894108,0.0008474301419233541,3.289121147846153,296.38875873005236,0.002963887587300524
raw_center,Original source raw-bond sum replaces unit-bond sum in reproduction inputs,percent_buried_volume_delta,1541,0.9997566687215904,0.9998784025576032,0.055068683688402495,0.18253042602496253,0.03294909018498693,5.731137760162511,1.0001224414565983,0.00024161713856685196,0.0015465246044225245,51.34204625070052,210996.49246196233,2.1099649246196237
raw_center,Original source raw-bond sum replaces unit-bond sum in reproduction inputs,percent_buried_volume_max,1541,0.9998149702407321,0.9999132094938636,0.06786961650065963,0.18758476612655783,0.04876640754575945,5.729075697479743,1.0004246243057882,0.02877965355711609,0.04594164148777931,54.22477654792609,293059.75840037514,2.9305975840037517
raw_center,Original source raw-bond sum replaces unit-bond sum in reproduction inputs,percent_buried_volume_min,1541,0.999883211655174,0.9999653948046626,0.05508185424226078,0.0699830560181424,0.04946270169536149,0.7260942022636065,0.9991688008884813,0.06913115413724924,0.04439510331033794,7.547244947772863,64623.271774384804,0.646232717743848
raw_center,Original source raw-bond sum replaces unit-bond sum in reproduction inputs,percent_buried_volume_vburminconf,1541,0.999883211655174,0.9999653948046626,0.05508185424226078,0.0699830560181424,0.04946270169536149,0.7260942022636065,0.9991688008884813,0.06913115413724924,0.04439510331033794,7.547244947772863,64623.271774384804,0.646232717743848
raw_center,Original source raw-bond sum replaces unit-bond sum in reproduction inputs,pyr_alpha_delta,1541,0.9999057781367692,0.9999544814262089,0.007100722601684111,0.03822634432834602,0.0028438568115234375,1.1588592529296875,0.9989731928663755,0.011394836555030707,0.00598674162855936,2.2517914904929883,23898.821497272398,0.238988214972724
raw_center,Original source raw-bond sum replaces unit-bond sum in reproduction inputs,pyr_alpha_max,1541,0.9999675193143145,0.9999839082012603,0.0037843876000845035,0.030468016611961458,0.0017515169726571855,1.156000996384277,0.9997250277343459,0.008478181767621606,0.002610259070907408,1.4305103558870762,44041.876755289246,0.4404187675528925
raw_center,Original source raw-bond sum replaces unit-bond sum in reproduction inputs,pyr_alpha_min,1541,0.9999791704483548,0.9999898507033069,0.004460801119625053,0.022463290450931157,0.0019220806591810913,0.719317825498047,0.9997338364149237,0.0009016069420226813,-0.0033764799087227233,0.7775877029575412,37330.98610109584,0.3733098610109584
raw_center,Original source raw-bond sum replaces unit-bond sum in reproduction inputs,pyr_alpha_vburminconf,1541,0.9972461959554233,0.9986309214908199,0.030249084552680813,0.2728423821963181,0.0019311067187501862,7.012221107011719,1.001392916688174,-0.024283822924765275,0.0033868701247259437,114.71660987026765,41657.506494039466,0.4165750649403947
raw_center,Original source raw-bond sum replaces unit-bond sum in reproduction inputs,pyr_p_delta,1541,0.9999484355405008,0.9999751433745812,5.4089634200930314e-05,0.0002674724607620566,2.0386638122558975e-05,0.0072321295738220215,0.9993590639174514,7.145721372593672e-05,4.565380333532904e-05,0.00011024547810707539,2.138012871227327,2.138012871227327e-05
raw_center,Original source raw-bond sum replaces unit-bond sum in reproduction inputs,pyr_p_max,1541,0.9999775723975252,0.9999891214482253,3.216007200746375e-05,0.000171219293233392,1.1959909667957902e-05,0.004817062902160663,0.9995532713039299,0.0004457922821724525,2.530840659208973e-05,4.517602746440245e-05,2.014304806550478,2.0143048065504783e-05
raw_center,Original source raw-bond sum replaces unit-bond sum in reproduction inputs,pyr_p_min,1541,0.9999841108276053,0.9999921402216155,3.017811546664431e-05,0.00019969688311256812,1.3833793518047699e-05,0.007218747214965848,0.9999153548107126,5.5919263672321584e-05,-2.0345387658228393e-05,6.14533003374319e-05,3.8676212209602268,3.8676212209602274e-05
raw_center,Original source raw-bond sum replaces unit-bond sum in reproduction inputs,pyr_p_vburminconf,1541,0.9957890212944548,0.9979212470442056,0.00025552714891001856,0.0026646530235582945,1.4169019683873962e-05,0.08410814719134518,1.0033622707276282,-0.0031145600808841767,-4.260216832973243e-05,0.010941679009111836,2.598369589165449,2.598369589165449e-05
raw_center,Original source raw-bond sum replaces unit-bond sum in reproduction inputs,qvbur_max_delta,1541,0.99975180298106,0.9998785042209216,0.061872923271866186,0.14537007170812877,0.04116771936035235,4.231098175048828,1.0004655953868165,0.015727722189842197,0.020042729429187785,32.56511739032524,131206.72250377305,1.3120672250377305
raw_center,Original source raw-bond sum replaces unit-bond sum in reproduction inputs,qvbur_max_max,1541,0.9998176668325591,0.9999159490440522,0.06056326397998141,0.14034003381078355,0.043819596562499896,4.193207965197754,1.0009372190289438,0.013333402376197512,0.037496792029771506,30.350495963708294,166456.25362459724,1.6645625362459726
raw_center,Original source raw-bond sum replaces unit-bond sum in reproduction inputs,qvbur_max_min,1541,0.9998657349665938,0.9999385271600334,0.04308189276721218,0.060570024240565956,0.035772701564940945,0.7628163091503914,1.0002941705736919,0.012596052836958194,0.017454071048344923,5.653509596050735,42107.08814219782,0.42107088142197824
raw_center,Original source raw-bond sum replaces unit-bond sum in reproduction inputs,qvbur_max_vburminconf,1541,0.998766833248827,0.9993872970536848,0.05875870670645678,0.1882669061316353,0.037561909130857885,5.280856050703125,0.9987786121844532,0.03584742360228432,0.015292385198162041,54.61986346228645,44292.35819918993,0.4429235819918993
raw_center,Original source raw-bond sum replaces unit-bond sum in reproduction inputs,qvbur_min_delta,1541,0.9988307305854031,0.9994221551137181,0.04279098421036557,0.13459336288412155,0.028262397724121202,3.864770935473633,1.0006356850159477,0.011079059105929545,0.012876534683075048,27.915790305315976,23874.557870769248,0.2387455787076925
raw_center,Original source raw-bond sum replaces unit-bond sum in reproduction inputs,qvbur_min_max,1541,0.9989449284451813,0.9994848758597736,0.0432543416529765,0.13372710463085893,0.031127304057617877,3.829816049663087,1.0006828195422763,0.010315599125693353,0.019376890065863444,27.557608248460095,26119.18416585185,0.2611918416585185
raw_center,Original source raw-bond sum replaces unit-bond sum in reproduction inputs,qvbur_min_min,1541,0.9994969631870384,0.9997589165961265,0.02671405209667018,0.03760197007434827,0.019938655963379404,0.3900261138842769,1.0019452439790106,-0.013813407483981521,0.00650035478772029,2.178832464500634,4331.357881489179,0.04331357881489179
raw_center,Original source raw-bond sum replaces unit-bond sum in reproduction inputs,qvbur_min_vburminconf,1541,0.9946200846125923,0.9973735591493583,0.041487859825140784,0.12981571703031863,0.02481220294677655,3.0961687775878914,1.0041581036298277,-0.0331441339874452,0.011876376537062487,25.96911751805556,4827.049432569031,0.04827049432569031
raw_center,Original source raw-bond sum replaces unit-bond sum in reproduction inputs,sterimol_b1_delta,1541,0.9964894286154269,0.9984003057657831,0.024136914468442287,0.03980858308646358,0.012857180763061526,0.43572994262109377,1.0047534951645207,0.00736231735019599,0.010630302477776745,2.442058585809238,695.6299468914448,0.006956299468914448
raw_center,Original source raw-bond sum replaces unit-bond sum in reproduction inputs,sterimol_b1_max,1541,0.983187305327232,0.999234610100689,0.10607572496395096,0.11160977640711928,0.11512881284997567,0.3666012890390622,1.00830052366054,0.06993977622413716,0.1060720885130397,19.195839714246272,1141.7467626613325,0.011417467626613326
raw_center,Original source raw-bond sum replaces unit-bond sum in reproduction inputs,sterimol_b1_min,1541,0.9824758606424597,0.9989146541871468,0.09579919153793297,0.1020803143992756,0.11102313693286092,0.15626567706884753,1.0037945070624381,0.08153292553155955,0.0954417860385076,16.057821895884484,916.3258502036011,0.009163258502036012
raw_center,Original source raw-bond sum replaces unit-bond sum in reproduction inputs,sterimol_b1_vburminconf,1541,0.9734917643689808,0.9949484875987558,0.10823391890493793,0.12744396766632865,0.11334610475146523,0.8725113549124757,1.0017729617654236,0.09275055355269224,0.09990202454429786,25.02886790248032,944.1921465792401,0.009441921465792402
raw_center,Original source raw-bond sum replaces unit-bond sum in reproduction inputs,sterimol_b5_delta,1541,0.9990310680844608,0.9995217846786205,0.010634262157788435,0.03646731779713124,0.00012132934863284817,0.649272955685791,0.99704547258358,0.006218779542391362,0.003462062007961341,2.0493223769354425,2115.0323816045807,0.02115032381604581
raw_center,Original source raw-bond sum replaces unit-bond sum in reproduction inputs,sterimol_b5_max,1541,0.9963701429417444,0.9997959143447332,0.09819111825948759,0.10422591143902014,0.1100113451367184,0.3749246462021487,1.0001405289892094,0.09711140676084629,0.09818723645299984,16.73994558816878,4611.7368589202115,0.046117368589202117
raw_center,Original source raw-bond sum replaces unit-bond sum in reproduction inputs,sterimol_b5_min,1541,0.9944326194010197,0.9995521069282897,0.0968250027166916,0.1034257859473281,0.10995068226074256,0.5392274172827145,0.9977943354778656,0.10955280234369713,0.09472517248981462,16.483912419385515,2960.802144980791,0.029608021449807915
raw_center,Original source raw-bond sum replaces unit-bond sum in reproduction inputs,sterimol_b5_vburminconf,1541,0.9835138525797363,0.9936953689681929,0.11367266752766583,0.19677307645145212,0.10998804416259755,4.114336351613769,0.9870360466052984,0.18855577037031068,0.09590777817431609,59.66697081251645,3619.2185652287553,0.03619218565228756
raw_center,Original source raw-bond sum replaces unit-bond sum in reproduction inputs,sterimol_l_delta,1541,0.9988936273990017,0.9994511291629123,0.024525596652509942,0.05604278065174524,0.0003236708471678895,0.8817129135131836,1.000374164783006,0.003713141270385245,0.004382043706526965,4.839962418559812,4374.622450151358,0.04374622450151358
raw_center,Original source raw-bond sum replaces unit-bond sum in reproduction inputs,sterimol_l_max,1541,0.9961658953171114,0.9996121584357209,0.09333151785567172,0.10469657411974759,0.1100007147758788,0.9918761169616701,1.0027205075885885,0.06852809851841357,0.09332321415308695,16.891475226546582,4405.585299204951,0.04405585299204952
raw_center,Original source raw-bond sum replaces unit-bond sum in reproduction inputs,sterimol_l_min,1541,0.9923428283082633,0.9992495894098625,0.09106205262537866,0.09927083036691017,0.10984630080346669,0.3527618427893069,1.0017179847027022,0.07635448006474732,0.08894117298906486,15.18608925083495,1983.2504561995177,0.019832504561995177
raw_center,Original source raw-bond sum replaces unit-bond sum in reproduction inputs,sterimol_l_vburminconf,1541,0.9717495970673987,0.9873692954726181,0.11833338977462272,0.2508984250179484,0.1099657736579589,4.123069727767334,0.9901053882508075,0.16649042905067368,0.08054342170537139,97.00598032146657,3433.791034871242,0.034337910348712426
primary_radii,Original source Morfeus Bondi table and Sterimol Paton H substitution,buried_volume_delta,1541,0.9997916481156596,0.9998963470076834,0.09041143159237358,0.30333865527958703,0.058929909853516094,10.29280011642578,1.000672231432418,-0.0016887305671886566,0.011177839408741822,141.79409761150217,680551.0689782766,6.805510689782766
primary_radii,Original source Morfeus Bondi table and Sterimol Paton H substitution,buried_volume_max,1541,0.999843655313134,0.9999294193053598,0.11217699806491066,0.30967851811435665,0.0867158656640612,10.28909629277345,1.0006680833915051,0.04592357669501723,0.09441737033915433,147.78310904009757,945239.0868054144,9.452390868054145
primary_radii,Original source Morfeus Bondi table and Sterimol Paton H substitution,buried_volume_min,1541,0.9999004399613072,0.9999761326154305,0.09663436077880375,0.11604553158421634,0.08868510312500177,1.0243581548339833,0.9991775448216301,0.12719673238498075,0.08323950655403338,20.751977282422228,208436.8141563288,2.084368141563288
primary_radii,Original source Morfeus Bondi table and Sterimol Paton H substitution,buried_volume_vburminconf,1541,0.9999004399613072,0.9999761326154305,0.09663436077880375,0.11604553158421634,0.08868510312500177,1.0243581548339833,0.9991775448216301,0.12719673238498075,0.08323950655403338,20.751977282422228,208436.8141563288,2.084368141563288
primary_radii,Original source Morfeus Bondi table and Sterimol Paton H substitution,far_vbur_delta,1541,0.9996483249254356,0.999833397347257,0.050017030582222045,0.28123276166836164,0.021132053303222875,10.522012990292971,1.0038045467300645,-0.021370270169455807,0.017559934743089863,121.88056586908043,346571.5220791722,3.465715220791722
primary_radii,Original source Morfeus Bondi table and Sterimol Paton H substitution,far_vbur_max,1541,0.9997001060275962,0.9998571491829488,0.04739275753851011,0.2750519034796491,0.02208364708007693,10.37074520890625,1.0034416147033218,-0.030793003704378208,0.008928974612943095,116.58211994558623,388744.45862024184,3.887444586202419
primary_radii,Original source Morfeus Bondi table and Sterimol Paton H substitution,far_vbur_min,1541,0.9999325354715881,0.9999679759618125,0.012191081823337451,0.03932535685336115,0.0,0.9308857842769775,0.9995264084342849,-0.00801097376320592,-0.008630962773235676,2.3831313688237103,35324.212959370816,0.3532421295937082
primary_radii,Original source Morfeus Bondi table and Sterimol Paton H substitution,far_vbur_vburminconf,1541,0.9998172248185633,0.9999107883148675,0.01317163119008092,0.06532860994107967,0.0,2.276060681064454,0.9986816330067778,-0.006652548070514186,-0.008452962701817926,6.576721833600785,35982.57587219379,0.3598257587219379
primary_radii,Original source Morfeus Bondi table and Sterimol Paton H substitution,max_delta_qvbur_delta,1541,0.9994896595436038,0.999758550220018,0.07849115880250652,0.18634311426469885,0.05529674465087897,4.708991050720215,1.002802609454252,0.008558305059841231,0.033708459281951195,53.50930835638845,104850.21848796072,1.0485021848796072
primary_radii,Original source Morfeus Bondi table and Sterimol Paton H substitution,max_delta_qvbur_max,1541,0.9996831531805831,0.9998554459163417,0.06723282549824774,0.15663923563150087,0.049050290205078895,4.647122548972656,1.003124894755894,-0.00645598641753331,0.03531026801737026,37.80974506453934,119331.30695179146,1.1933130695179146
primary_radii,Original source Morfeus Bondi table and Sterimol Paton H substitution,max_delta_qvbur_min,1541,0.999331210413937,0.9996662048683828,0.05222689081539449,0.10414145284763235,0.041208902851562534,2.7872309247226563,1.0004057187506117,-0.0001800394191828758,0.0016018029917461167,16.712826432073282,24989.663087395787,0.2498966308739579
primary_radii,Original source Morfeus Bondi table and Sterimol Paton H substitution,max_delta_qvbur_vburminconf,1541,0.9967388938263272,0.9983743140790698,0.07223947655318336,0.24836489452248667,0.04201178610693379,5.838614230291016,1.0002305340048268,0.0008265979811037383,0.002096922841489826,95.0567712008267,29148.628145942777,0.2914862814594278
primary_radii,Original source Morfeus Bondi table and Sterimol Paton H substitution,near_vbur_delta,1541,0.9996570762989043,0.9998303018476364,0.06772325020654077,0.15977974807767664,0.04749973598046875,4.16666122852539,0.9978260239605062,0.02472258816514028,0.003753665254498155,39.34106412737513,114722.49949966677,1.1472249949966677
primary_radii,Original source Morfeus Bondi table and Sterimol Paton H substitution,near_vbur_max,1541,0.999757472429024,0.9999139579544762,0.10014794466503465,0.17829350440116093,0.08725754291015164,4.396949153515628,0.99836619986177,0.195382606280468,0.09462577269341771,48.986192089647695,201981.95154684858,2.019819515468486
primary_radii,Original source Morfeus Bondi table and Sterimol Paton H substitution,near_vbur_min,1541,0.9997998638170318,0.9999611088533991,0.0987277061690105,0.11623007854872613,0.09419105607421585,1.024361969531249,0.9997784507396262,0.1023981672925558,0.09087210978544767,20.818033416701738,104019.3387719787,1.040193387719787
primary_radii,Original source Morfeus Bondi table and Sterimol Paton H substitution,near_vbur_vburminconf,1541,0.9997614572212095,0.9999418139751597,0.10008889304482167,0.1281809109446335,0.09419105607421585,2.083097230390621,1.0002162738579492,0.08042864056320553,0.09169233625908742,25.319163079048526,106140.97482819084,1.0614097482819085
primary_radii,Original source Morfeus Bondi table and Sterimol Paton H substitution,ovbur_max_delta,1541,0.998123933273634,0.9990652652393301,0.0425897664281032,0.1257572238390969,0.02955568545751941,4.231098175048828,0.9972410159540741,0.017147680052639114,0.007502195694116041,24.370729074831463,12990.331704266864,0.12990331704266866
primary_radii,Original source Morfeus Bondi table and Sterimol Paton H substitution,ovbur_max_max,1541,0.9987398454831053,0.9994080819927234,0.037378962032954426,0.11665493432288827,0.027282339750977158,4.193207965197754,0.9979395027017464,0.06795150282064455,0.028629165708565173,20.970503874593035,16641.216290101478,0.1664121629010148
primary_radii,Original source Morfeus Bondi table and Sterimol Paton H substitution,ovbur_max_min,1541,0.9995718365355589,0.9998136792968968,0.039858613857708,0.058733593064401804,0.034268902570801174,1.14331782045166,1.0000231778799638,0.020765661787628176,0.021126955766558157,5.315887464506567,12415.555987349942,0.12415555987349944
primary_radii,Original source Morfeus Bondi table and Sterimol Paton H substitution,ovbur_max_vburminconf,1541,0.99804818231478,0.9990561872545303,0.052435710216761716,0.1289547668822286,0.0372033291674807,2.619144434921875,1.0009774362832886,0.006530024444971971,0.022010831923097145,25.625800460442527,13129.197800845996,0.13129197800845996
primary_radii,Original source Morfeus Bondi table and Sterimol Paton H substitution,ovbur_min_delta,1541,0.9986198393043799,0.9993361561198524,0.009407427288589669,0.06911277574806993,0.0,2.5169200919687498,1.0059001587701455,-0.004457470347529302,-0.0014515549123322545,7.36070326404023,5333.221912056414,0.05333221912056414
primary_radii,Original source Morfeus Bondi table and Sterimol Paton H substitution,ovbur_min_max,1541,0.9987016284148283,0.9993750538656571,0.00956169794416948,0.06914442148969824,0.0,2.5169200919687498,1.005680408213398,-0.004729808680189351,-0.001701406611511967,7.367445526666517,5674.373662215271,0.056743736622152714
primary_radii,Original source Morfeus Bondi table and Sterimol Paton H substitution,ovbur_min_min,1541,0.9998518967798397,0.9999326087716,0.0004576482293143156,0.004791379474405372,0.0,0.07537936383544874,1.0034597789188793,-0.00033173629190103374,-0.000249851696583995,0.035377225909607526,238.868715152176,0.0023886871515217604
primary_radii,Original source Morfeus Bondi table and Sterimol Paton H substitution,ovbur_min_vburminconf,1541,0.9889026791638821,0.9946067796213374,0.0016221419742690323,0.04619964258078112,0.0,1.8041235974207763,1.0074804130947368,0.0006465702255894108,0.0008474301419233541,3.289121147846153,296.38875873005236,0.002963887587300524
primary_radii,Original source Morfeus Bondi table and Sterimol Paton H substitution,percent_buried_volume_delta,1541,0.9997916481569367,0.9998963470588221,0.05034195115416066,0.1689020698648545,0.032813488195500895,5.731137760162511,1.000672250132106,-0.0009401909355233329,0.0062242469981540205,43.961508084338206,210996.49246196233,2.1099649246196237
primary_radii,Original source Morfeus Bondi table and Sterimol Paton H substitution,percent_buried_volume_max,1541,0.9998436547942259,0.9999294193404656,0.06246194241478955,0.17243247365169603,0.04828357600811728,5.729075697479743,1.0006681018654804,0.025570985332976193,0.052573575612269795,45.81848823121966,293059.75840037514,2.9305975840037517
primary_radii,Original source Morfeus Bondi table and Sterimol Paton H substitution,percent_buried_volume_min,1541,0.9999004384848572,0.9999761326281374,0.053807536654725215,0.0646158259652979,0.04938051654507092,0.570371517788665,0.9991775752049467,0.0708242467991198,0.04634931504109694,6.433990851338784,64623.271774384804,0.646232717743848
primary_radii,Original source Morfeus Bondi table and Sterimol Paton H substitution,percent_buried_volume_vburminconf,1541,0.9999004384848572,0.9999761326281374,0.053807536654725215,0.0646158259652979,0.04938051654507092,0.570371517788665,0.9991775752049467,0.0708242467991198,0.04634931504109694,6.433990851338784,64623.271774384804,0.646232717743848
primary_radii,Original source Morfeus Bondi table and Sterimol Paton H substitution,pyr_alpha_delta,1541,0.9999057781367692,0.9999544814262089,0.007100722601684111,0.03822634432834602,0.0028438568115234375,1.1588592529296875,0.9989731928663755,0.011394836555030707,0.00598674162855936,2.2517914904929883,23898.821497272398,0.238988214972724
primary_radii,Original source Morfeus Bondi table and Sterimol Paton H substitution,pyr_alpha_max,1541,0.9999675193143145,0.9999839082012603,0.0037843876000845035,0.030468016611961458,0.0017515169726571855,1.156000996384277,0.9997250277343459,0.008478181767621606,0.002610259070907408,1.4305103558870762,44041.876755289246,0.4404187675528925
primary_radii,Original source Morfeus Bondi table and Sterimol Paton H substitution,pyr_alpha_min,1541,0.9999791704483548,0.9999898507033069,0.004460801119625053,0.022463290450931157,0.0019220806591810913,0.719317825498047,0.9997338364149237,0.0009016069420226813,-0.0033764799087227233,0.7775877029575412,37330.98610109584,0.3733098610109584
primary_radii,Original source Morfeus Bondi table and Sterimol Paton H substitution,pyr_alpha_vburminconf,1541,0.9972461959554233,0.9986309214908199,0.030249084552680813,0.2728423821963181,0.0019311067187501862,7.012221107011719,1.001392916688174,-0.024283822924765275,0.0033868701247259437,114.71660987026765,41657.506494039466,0.4165750649403947
primary_radii,Original source Morfeus Bondi table and Sterimol Paton H substitution,pyr_p_delta,1541,0.9999484355405008,0.9999751433745812,5.4089634200930314e-05,0.0002674724607620566,2.0386638122558975e-05,0.0072321295738220215,0.9993590639174514,7.145721372593672e-05,4.565380333532904e-05,0.00011024547810707539,2.138012871227327,2.138012871227327e-05
primary_radii,Original source Morfeus Bondi table and Sterimol Paton H substitution,pyr_p_max,1541,0.9999775723975252,0.9999891214482253,3.216007200746375e-05,0.000171219293233392,1.1959909667957902e-05,0.004817062902160663,0.9995532713039299,0.0004457922821724525,2.530840659208973e-05,4.517602746440245e-05,2.014304806550478,2.0143048065504783e-05
primary_radii,Original source Morfeus Bondi table and Sterimol Paton H substitution,pyr_p_min,1541,0.9999841108276053,0.9999921402216155,3.017811546664431e-05,0.00019969688311256812,1.3833793518047699e-05,0.007218747214965848,0.9999153548107126,5.5919263672321584e-05,-2.0345387658228393e-05,6.14533003374319e-05,3.8676212209602268,3.8676212209602274e-05
primary_radii,Original source Morfeus Bondi table and Sterimol Paton H substitution,pyr_p_vburminconf,1541,0.9957890212944548,0.9979212470442056,0.00025552714891001856,0.0026646530235582945,1.4169019683873962e-05,0.08410814719134518,1.0033622707276282,-0.0031145600808841767,-4.260216832973243e-05,0.010941679009111836,2.598369589165449,2.598369589165449e-05
primary_radii,Original source Morfeus Bondi table and Sterimol Paton H substitution,qvbur_max_delta,1541,0.9997855140919549,0.9998963749811152,0.05748254557545671,0.13513757024906484,0.039697948076170775,4.231098175048828,1.0008543127340952,0.014908692767628295,0.02282622317421308,28.141993017837063,131206.72250377305,1.3120672250377305
primary_radii,Original source Morfeus Bondi table and Sterimol Paton H substitution,qvbur_max_max,1541,0.9998425511099055,0.9999299339247767,0.056555865119585796,0.13041229579010052,0.04339852950195322,4.193207965197754,1.0010730188007995,0.01371246960247774,0.04137705022729601,26.208352382490045,166456.25362459724,1.6645625362459726
primary_radii,Original source Morfeus Bondi table and Sterimol Paton H substitution,qvbur_max_min,1541,0.9998749591677017,0.9999438407479181,0.04236383087546772,0.05845238191854932,0.03541173177734436,0.7628163091503914,1.000249841095303,0.014424887158352107,0.018550835500844125,5.265105346957958,42107.08814219782,0.42107088142197824
primary_radii,Original source Morfeus Bondi table and Sterimol Paton H substitution,qvbur_max_vburminconf,1541,0.9987754237536028,0.9993921483899371,0.05807179463934933,0.18761000622873777,0.03730614358886797,5.280856050703125,0.9987606859074386,0.03715510704261149,0.016298382877598272,54.23936974764357,44292.35819918993,0.4429235819918993
primary_radii,Original source Morfeus Bondi table and Sterimol Paton H substitution,qvbur_min_delta,1541,0.9988403055890746,0.9994277634908478,0.04223652532733126,0.13404114578915144,0.028045283388183573,3.864770935473633,1.00071828186673,0.011647273789782808,0.013678301862748607,27.68719132604604,23874.557870769248,0.2387455787076925
primary_radii,Original source Morfeus Bondi table and Sterimol Paton H substitution,qvbur_min_max,1541,0.9989766483011725,0.999502654253037,0.04199257987378863,0.13170156687673892,0.03110971822705011,3.829816049663087,1.0007076799148225,0.011604356371369917,0.020995554489900703,26.729111488111513,26119.18416585185,0.2611918416585185
primary_radii,Original source Morfeus Bondi table and Sterimol Paton H substitution,qvbur_min_min,1541,0.9995714969871742,0.999798379599136,0.026042132094325418,0.03470464890065997,0.01985998306298775,0.2768209659204093,1.002097046719439,-0.014581753435088274,0.007317252032083984,1.85599990184516,4331.357881489179,0.04331357881489179
primary_radii,Original source Morfeus Bondi table and Sterimol Paton H substitution,qvbur_min_vburminconf,1541,0.9947037442745431,0.9974192346359227,0.04064631778621485,0.12880242125503621,0.024625894437500406,3.0961687775878914,1.0042593848902568,-0.03331793280526085,0.012799167524843415,25.565288194307254,4827.049432569031,0.04827049432569031
primary_radii,Original source Morfeus Bondi table and Sterimol Paton H substitution,sterimol_b1_delta,1541,0.9987510289959843,0.9994093867994219,0.010444161071887212,0.023744552750667402,0.006448360431640543,0.43572994262109377,0.9988250053832198,0.006352016245898207,0.005544218025909481,0.8688216331923386,695.6299468914448,0.006956299468914448
primary_radii,Original source Morfeus Bondi table and Sterimol Paton H substitution,sterimol_b1_max,1541,0.9993008898577633,0.9997855424971458,0.013240969714645714,0.022759167725050173,0.009805604107177679,0.293101300422852,1.0055520553660977,-0.0109882681225697,0.013179917709704758,0.7982067416424636,1141.7467626613325,0.011417467626613326
primary_radii,Original source Morfeus Bondi table and Sterimol Paton H substitution,sterimol_b1_min,1541,0.9996609843941445,0.9998821819318165,0.00891392902530071,0.014198206723094898,0.006555090064941371,0.22341160080761746,1.0020755384792863,2.7761498976985877e-05,0.007635699687039915,0.31064876326782703,916.3258502036011,0.009163258502036012
primary_radii,Original source Morfeus Bondi table and Sterimol Paton H substitution,sterimol_b1_vburminconf,1541,0.991506348076214,0.9958292934635906,0.020292412781945157,0.07213999405680269,0.007886682378173582,0.9055151745114749,0.9989045678294831,0.012883338681136891,0.008464771093553905,8.019639442216427,944.1921465792401,0.009441921465792402
primary_radii,Original source Morfeus Bondi table and Sterimol Paton H substitution,sterimol_b5_delta,1541,0.9996279733262285,0.9998169044829147,0.0027139947344349625,0.02259665894238159,9.753846313476089e-05,0.649272955685791,0.9988134173044306,0.0037775878506433047,0.0026704485820251466,0.786848461847162,2115.0323816045807,0.02115032381604581
primary_radii,Original source Morfeus Bondi table and Sterimol Paton H substitution,sterimol_b5_max,1541,0.999980608732652,0.9999903589543109,0.0005177425102490919,0.007617878420026962,4.2376908447216977e-05,0.2649245126877444,0.9998096437923591,0.0019465923457495649,0.0004893068317928983,0.0894274223699835,4611.7368589202115,0.046117368589202117
primary_radii,Original source Morfeus Bondi table and Sterimol Paton H substitution,sterimol_b5_min,1541,0.9997649758384293,0.9998840089451605,0.0022289397595007332,0.02125003403747123,6.248763452187944e-05,0.6492275507971188,0.9990069086800945,0.0044949352516532315,-0.0021811437054561297,0.6958600417008695,2960.802144980791,0.029608021449807915
primary_radii,Original source Morfeus Bondi table and Sterimol Paton H substitution,sterimol_b5_vburminconf,1541,0.9878509620055279,0.9939078351617012,0.021007361553857955,0.1689184280657666,5.555034179671736e-05,4.224336008291015,0.9869790377081482,0.09148506906445064,-0.0015703420490195156,43.97002385926294,3619.2185652287553,0.03619218565228756
primary_radii,Original source Morfeus Bondi table and Sterimol Paton H substitution,sterimol_l_delta,1541,0.9995763291141861,0.9997912112093409,0.0038488802788261777,0.034680334662478614,0.00017430891162109607,0.9548697471618652,0.9985345955587854,0.006401683071924458,0.0037819480108481746,1.8534001685566348,4374.622450151358,0.04374622450151358
primary_radii,Original source Morfeus Bondi table and Sterimol Paton H substitution,sterimol_l_max,1541,0.9997064021873726,0.9998540102706519,0.0020034691820317745,0.028971894536998045,9.226255908245662e-05,0.9550328170959475,0.9991380709772582,0.00979446904565151,0.001938718200696112,1.293470207189986,4405.585299204951,0.04405585299204952
primary_radii,Original source Morfeus Bondi table and Sterimol Paton H substitution,sterimol_l_min,1541,0.9997691285895831,0.9998874872350285,0.001912681115069298,0.017237430975273638,0.00011541586694363559,0.3527618427893069,0.9979811244029891,0.012947921426518683,-0.001843227267647195,0.4578758300327048,1983.2504561995177,0.019832504561995177
primary_radii,Original source Morfeus Bondi table and Sterimol Paton H substitution,sterimol_l_vburminconf,1541,0.9757093502010677,0.9878539369875879,0.03291258291567499,0.2326511364090047,0.00010342570654309213,4.233069861281738,0.9861678056269103,0.11106075418167904,-0.009089054776982823,83.40901551077044,3433.791034871242,0.034337910348712426
primary_grid_mean,Original documented 0.001 density; native public frame mean retained,buried_volume_delta,1541,0.9998139261757267,0.9999076128359888,0.02923764896216187,0.2866630271265626,0.0108074643046875,10.348876166230468,1.0005077725739904,0.009407519098289185,0.0191263317572067,126.63274001802255,680551.0689782766,6.805510689782766
primary_grid_mean,Original documented 0.001 density; native public frame mean retained,buried_volume_max,1541,0.9998681990062492,0.9999345455879535,0.024705282548657,0.2843340420774814,0.009066523906248847,10.3663057654297,1.0005887351786906,-0.02749698771201281,0.015237201806076668,124.58345097302737,945239.0868054144,9.452390868054145
primary_grid_mean,Original documented 0.001 density; native public frame mean retained,buried_volume_min,1541,0.9999891643449236,0.9999946416333477,0.010883793030157473,0.03828366258825072,0.006624068496094537,1.0605481877929677,0.9999048706463264,0.0011951622316885846,-0.0038891543275091484,2.2585494234245536,208436.8141563288,2.084368141563288
primary_grid_mean,Original documented 0.001 density; native public frame mean retained,buried_volume_vburminconf,1541,0.9999891643449236,0.9999946416333477,0.010883793030157473,0.03828366258825072,0.006624068496094537,1.0605481877929677,0.9999048706463264,0.0011951622316885846,-0.0038891543275091484,2.2585494234245536,208436.8141563288,2.084368141563288
primary_grid_mean,Original documented 0.001 density; native public frame mean retained,far_vbur_delta,1541,0.9996774778643427,0.999840650008725,0.016198290872806078,0.26932389145192154,0.0034863709171144563,10.38967303591675,1.0014803756241675,-0.003435884346153273,0.01171212946084378,111.77698745898873,346571.5220791722,3.465715220791722
primary_grid_mean,Original documented 0.001 density; native public frame mean retained,far_vbur_max,1541,0.9997155411506101,0.9998594065831751,0.01469675845639987,0.26788013606412503,0.0034861166735842275,10.379213836835937,1.0014128348491034,-0.005996835803099287,0.010309636617497729,110.58180140580835,388744.45862024184,3.887444586202419
primary_grid_mean,Original documented 0.001 density; native public frame mean retained,far_vbur_min,1541,0.9999725519507765,0.9999864055872449,0.002422801860952335,0.025083646387385423,0.0,0.8761193677272949,0.9995561643286052,-0.0008214605642686834,-0.0014024954864349597,0.9695807360906736,35324.212959370816,0.3532421295937082
primary_grid_mean,Original documented 0.001 density; native public frame mean retained,far_vbur_vburminconf,1541,0.9999939814818605,0.999997073187613,0.0020126282263485716,0.011854673370610894,0.0,0.35874618957031323,0.9996195036115996,-0.00023741496649787308,-0.0007570360343462632,0.21656178559548533,35982.57587219379,0.3598257587219379
primary_grid_mean,Original documented 0.001 density; native public frame mean retained,max_delta_qvbur_delta,1541,0.9996237244250827,0.9998128828212719,0.016389781638038815,0.160006035418611,0.0020919316870120497,4.639631271362305,0.9996298102433175,0.01520757575270082,0.011885554035446798,39.45257624175835,104850.21848796072,1.0485021848796072
primary_grid_mean,Original documented 0.001 density; native public frame mean retained,max_delta_qvbur_max,1541,0.9997642527052282,0.9998826696530979,0.010106919245643019,0.13511365368838116,0.0010464982724609495,4.6396323908916015,0.9997343257032641,0.012777784822890936,0.00922687474716362,28.132032795469666,119331.30695179146,1.1933130695179146
primary_grid_mean,Original documented 0.001 density; native public frame mean retained,max_delta_qvbur_min,1541,0.999548287582745,0.9997744159267081,0.00689398259106032,0.08558741227106083,0.001045765904296836,2.7862906018466798,0.9991498866441687,0.0010748570565830562,-0.0026586850319561205,11.288141119594318,24989.663087395787,0.2498966308739579
primary_grid_mean,Original documented 0.001 density; native public frame mean retained,max_delta_qvbur_vburminconf,1541,0.9995792459043774,0.9997897873236542,0.010002517336622545,0.0892117208210442,0.0010456797866211787,1.9767599534379885,0.9995989353477089,-0.0004446280823700022,-0.0026546378326044607,12.264404674183824,29148.628145942777,0.2914862814594278
primary_grid_mean,Original documented 0.001 density; native public frame mean retained,near_vbur_delta,1541,0.9997391177796915,0.9998704422307718,0.019893097566832114,0.13936227327161382,0.00837071125000044,4.268685306894531,0.999608340527666,0.015243534307428419,0.011465812228897134,29.92906038881666,114722.49949966677,1.1472249949966677
primary_grid_mean,Original documented 0.001 density; native public frame mean retained,near_vbur_max,1541,0.999860666425817,0.9999306238565108,0.01572546153270248,0.13513966921057116,0.006973822851563227,4.265899043652347,0.9995921912730089,0.03335521758286575,0.008205558772522426,28.142867229481954,201981.95154684858,2.019819515468486
primary_grid_mean,Original documented 0.001 density; native public frame mean retained,near_vbur_min,1541,0.9999839803931203,0.999992069770997,0.009538687037828035,0.03288377380267619,0.006276444033204598,1.0605481877929677,1.0000259048500835,-0.0046079459352412755,-0.0032602511098465846,1.666348915018087,104019.3387719787,1.040193387719787
primary_grid_mean,Original documented 0.001 density; native public frame mean retained,near_vbur_vburminconf,1541,0.9999838246332041,0.9999919850815208,0.009705604593772826,0.03337853608146363,0.006274924121093761,1.0605481877929677,1.0000401938896826,-0.005225496877073965,-0.00313217063546918,1.7168691999209584,106140.97482819084,1.0614097482819085
primary_grid_mean,Original documented 0.001 density; native public frame mean retained,ovbur_max_delta,1541,0.9984847186255915,0.9992444250889926,0.00817736818486975,0.11302003658182755,0.0010458337050778255,4.142827033996582,0.9985405731324395,0.011396528808162998,0.006294332206392148,19.68400767886372,12990.331704266864,0.12990331704266866
primary_grid_mean,Original documented 0.001 density; native public frame mean retained,ovbur_max_max,1541,0.9989434344949331,0.9994728738667465,0.004714017623537394,0.1068167665011545,1.1612451160658566e-06,4.1428272584106445,0.9980578075565648,0.041475127025186964,0.004410508662414833,17.582535094479496,16641.216290101478,0.1664121629010148
primary_grid_mean,Original documented 0.001 density; native public frame mean retained,ovbur_max_min,1541,0.999831647684602,0.9999160422913242,0.003683760421772013,0.03682911762291422,1.4697265626750777e-06,1.0887867230395507,0.9997731924266372,0.001651611125803143,-0.0018838377918682927,2.0901875974238564,12415.555987349942,0.12415555987349944
primary_grid_mean,Original documented 0.001 density; native public frame mean retained,ovbur_max_vburminconf,1541,0.9995211259745803,0.9997618293297353,0.006273712645240381,0.06387463285634333,1.6245410172643915e-06,1.5667652066357416,1.0003781818378235,-0.009969421508307263,-0.003979711157702468,6.28723180142282,13129.197800845996,0.13129197800845996
primary_grid_mean,Original documented 0.001 density; native public frame mean retained,ovbur_min_delta,1541,0.9986567595133055,0.9993522628684153,0.002858771270897862,0.06818210336451096,0.0,2.5854759238779295,1.0055243495741912,-0.0004457385753237064,0.0023687157980924562,7.163799596800847,5333.221912056414,0.05333221912056414
primary_grid_mean,Original documented 0.001 density; native public frame mean retained,ovbur_min_max,1541,0.998738241605136,0.9993906682968879,0.0027976857675837815,0.06816253718573706,0.0,2.5854759238779295,1.0052599189527172,-0.0004952386782817175,0.002308987503898754,7.159688603894955,5674.373662215271,0.056743736622152714
primary_grid_mean,Original documented 0.001 density; native public frame mean retained,ovbur_min_min,1541,0.9999827532588087,0.9999915077364926,6.515751577605302e-05,0.00163505302160769,0.0,0.057524877475769065,0.9994938656724107,-4.77493167668e-05,-5.9728291597984516e-05,0.004119706908924863,238.868715152176,0.0023886871515217604
primary_grid_mean,Original documented 0.001 density; native public frame mean retained,ovbur_min_vburminconf,1541,0.9999838857822902,0.9999929444591552,8.144663738339679e-05,0.0017604924140275362,0.0,0.057524877475769065,0.9985804633115776,-3.518556343935081e-05,-7.330217770361999e-05,0.004776072984906541,296.38875873005236,0.002963887587300524
primary_grid_mean,Original documented 0.001 density; native public frame mean retained,percent_buried_volume_delta,1541,0.9998139261175712,0.9999076128427244,0.016279912289019385,0.15961695008224788,0.006017947234752796,5.762361057281652,1.0005078018591809,0.005238091147898416,0.01064993821040649,39.26093653123411,210996.49246196233,2.1099649246196237
primary_grid_mean,Original documented 0.001 density; native public frame mean retained,percent_buried_volume_max,1541,0.9998681988855596,0.9999345455894744,0.013756336052211883,0.1583201947697122,0.005048350038073579,5.772067335663337,1.0005887615470543,-0.015310710303424457,0.00848519216105927,38.62560275482811,293059.75840037514,2.9305975840037517
primary_grid_mean,Original documented 0.001 density; native public frame mean retained,percent_buried_volume_min,1541,0.9999891644068138,0.9999946416223051,0.006060216467661572,0.02131667664038465,0.0036886022344901903,0.5905245634429619,0.9999049022446498,0.0006652998390457299,-0.0021647596223660632,0.7002314833087007,64623.271774384804,0.646232717743848
primary_grid_mean,Original documented 0.001 density; native public frame mean retained,percent_buried_volume_vburminconf,1541,0.9999891644068138,0.9999946416223051,0.006060216467661572,0.02131667664038465,0.0036886022344901903,0.5905245634429619,0.9999049022446498,0.0006652998390457299,-0.0021647596223660632,0.7002314833087007,64623.271774384804,0.646232717743848
primary_grid_mean,Original documented 0.001 density; native public frame mean retained,pyr_alpha_delta,1541,0.9999057781367692,0.9999544814262089,0.007100722601684111,0.03822634432834602,0.0028438568115234375,1.1588592529296875,0.9989731928663755,0.011394836555030707,0.00598674162855936,2.2517914904929883,23898.821497272398,0.238988214972724
primary_grid_mean,Original documented 0.001 density; native public frame mean retained,pyr_alpha_max,1541,0.9999675193143145,0.9999839082012603,0.0037843876000845035,0.030468016611961458,0.0017515169726571855,1.156000996384277,0.9997250277343459,0.008478181767621606,0.002610259070907408,1.4305103558870762,44041.876755289246,0.4404187675528925
primary_grid_mean,Original documented 0.001 density; native public frame mean retained,pyr_alpha_min,1541,0.9999791704483548,0.9999898507033069,0.004460801119625053,0.022463290450931157,0.0019220806591810913,0.719317825498047,0.9997338364149237,0.0009016069420226813,-0.0033764799087227233,0.7775877029575412,37330.98610109584,0.3733098610109584
primary_grid_mean,Original documented 0.001 density; native public frame mean retained,pyr_alpha_vburminconf,1541,0.9991823149913636,0.9995921381841127,0.013560678532468623,0.14867513233748272,0.0017995685400400419,3.492772245488281,1.0000680450933253,-0.007384582580854726,-0.0060328471131785594,34.0627185573503,41657.506494039466,0.4165750649403947
primary_grid_mean,Original documented 0.001 density; native public frame mean retained,pyr_p_delta,1541,0.9999484355405008,0.9999751433745812,5.4089634200930314e-05,0.0002674724607620566,2.0386638122558975e-05,0.0072321295738220215,0.9993590639174514,7.145721372593672e-05,4.565380333532904e-05,0.00011024547810707539,2.138012871227327,2.138012871227327e-05
primary_grid_mean,Original documented 0.001 density; native public frame mean retained,pyr_p_max,1541,0.9999775723975252,0.9999891214482253,3.216007200746375e-05,0.000171219293233392,1.1959909667957902e-05,0.004817062902160663,0.9995532713039299,0.0004457922821724525,2.530840659208973e-05,4.517602746440245e-05,2.014304806550478,2.0143048065504783e-05
primary_grid_mean,Original documented 0.001 density; native public frame mean retained,pyr_p_min,1541,0.9999841108276053,0.9999921402216155,3.017811546664431e-05,0.00019969688311256812,1.3833793518047699e-05,0.007218747214965848,0.9999153548107126,5.5919263672321584e-05,-2.0345387658228393e-05,6.14533003374319e-05,3.8676212209602268,3.8676212209602274e-05
primary_grid_mean,Original documented 0.001 density; native public frame mean retained,pyr_p_vburminconf,1541,0.9993458758617624,0.9996735376623447,0.00010098289987998668,0.001050217451706991,1.319469985960886e-05,0.022368255701690654,0.9997930126038419,0.0002323219640769647,4.3206743758115886e-05,0.0016996562683355553,2.598369589165449,2.598369589165449e-05
primary_grid_mean,Original documented 0.001 density; native public frame mean retained,qvbur_max_delta,1541,0.9998494288035085,0.999925292566921,0.01012117994266513,0.11322639365477624,0.0010480430507815441,4.142827033996582,0.999487433696655,0.014115092175385868,0.009364771677794235,19.75595319512225,131206.72250377305,1.3120672250377305
primary_grid_mean,Original documented 0.001 density; native public frame mean retained,qvbur_max_max,1541,0.999885951577814,0.9999432075760889,0.007072410963804139,0.11099243500675801,0.0010456963647467177,4.1428272584106445,0.9995795025395401,0.017185300940855797,0.006344031534615983,18.98407308887201,166456.25362459724,1.6645625362459726
primary_grid_mean,Original documented 0.001 density; native public frame mean retained,qvbur_max_min,1541,0.9999618868349357,0.9999811557326611,0.00404687580942646,0.03227110179189913,0.0010447927246097777,0.7718781225048836,0.9996605842443734,0.0025844785789246316,-0.003020731695417052,1.6048344007400608,42107.08814219782,0.42107088142197824
primary_grid_mean,Original documented 0.001 density; native public frame mean retained,qvbur_max_vburminconf,1541,0.9998439116999298,0.9999223409905614,0.007281602824747901,0.06698048035422252,0.001045167797851576,1.5667652066357416,0.9999532875516858,-0.0039015288071517773,-0.004687664182685611,6.913518897411362,44292.35819918993,0.4429235819918993
primary_grid_mean,Original documented 0.001 density; native public frame mean retained,qvbur_min_delta,1541,0.9989910626377275,0.9994986158613599,0.008712864962952732,0.12502545735203185,0.001045402846679977,3.853113220629883,1.000909706705261,0.003967078954868697,0.006539383703367711,24.08793344355656,23874.557870769248,0.2387455787076925
primary_grid_mean,Original documented 0.001 density; native public frame mean retained,qvbur_min_max,1541,0.9990819794562094,0.9995448058430758,0.007803397760789584,0.12473969691549709,9.061669921095472e-07,3.8552047673144543,1.0015266060637522,-0.014589658463428634,0.005669020203807652,23.977947651304486,26119.18416585185,0.2611918416585185
primary_grid_mean,Original documented 0.001 density; native public frame mean retained,qvbur_min_min,1541,0.9999712497537634,0.9999858272975504,0.0010672319716649782,0.008989416433106124,4.873461918464272e-07,0.2823942386254874,0.9996035177643479,0.0032700141648049907,-0.0008703640946281682,0.12452760563181738,4331.357881489179,0.04331357881489179
primary_grid_mean,Original documented 0.001 density; native public frame mean retained,qvbur_min_vburminconf,1541,0.9993323060857838,0.9996661673418015,0.003915805364590995,0.04573284957239265,5.023950198079774e-07,1.23939722380371,0.9993591301454618,0.006278174893402877,-0.000660634381120935,3.222991529747097,4827.049432569031,0.04827049432569031
primary_grid_mean,Original documented 0.001 density; native public frame mean retained,sterimol_b1_delta,1541,0.9987510289959843,0.9994093867994219,0.010444161071887212,0.023744552750667402,0.006448360431640543,0.43572994262109377,0.9988250053832198,0.006352016245898207,0.005544218025909481,0.8688216331923386,695.6299468914448,0.006956299468914448
primary_grid_mean,Original documented 0.001 density; native public frame mean retained,sterimol_b1_max,1541,0.9993008898577633,0.9997855424971458,0.013240969714645714,0.022759167725050173,0.009805604107177679,0.293101300422852,1.0055520553660977,-0.0109882681225697,0.013179917709704758,0.7982067416424636,1141.7467626613325,0.011417467626613326
primary_grid_mean,Original documented 0.001 density; native public frame mean retained,sterimol_b1_min,1541,0.9996609843941445,0.9998821819318165,0.00891392902530071,0.014198206723094898,0.006555090064941371,0.22341160080761746,1.0020755384792863,2.7761498976985877e-05,0.007635699687039915,0.31064876326782703,916.3258502036011,0.009163258502036012
primary_grid_mean,Original documented 0.001 density; native public frame mean retained,sterimol_b1_vburminconf,1541,0.9961047791352146,0.9981430921605937,0.014011947178764809,0.04885341374829163,0.007800033765624992,0.8867487580383298,1.0045284994458303,-0.009809520952028805,0.008456768290041045,3.677836949721987,944.1921465792401,0.009441921465792402
primary_grid_mean,Original documented 0.001 density; native public frame mean retained,sterimol_b5_delta,1541,0.9996279733262285,0.9998169044829147,0.0027139947344349625,0.02259665894238159,9.753846313476089e-05,0.649272955685791,0.9988134173044306,0.0037775878506433047,0.0026704485820251466,0.786848461847162,2115.0323816045807,0.02115032381604581
primary_grid_mean,Original documented 0.001 density; native public frame mean retained,sterimol_b5_max,1541,0.999980608732652,0.9999903589543109,0.0005177425102490919,0.007617878420026962,4.2376908447216977e-05,0.2649245126877444,0.9998096437923591,0.0019465923457495649,0.0004893068317928983,0.0894274223699835,4611.7368589202115,0.046117368589202117
primary_grid_mean,Original documented 0.001 density; native public frame mean retained,sterimol_b5_min,1541,0.9997649758384293,0.9998840089451605,0.0022289397595007332,0.02125003403747123,6.248763452187944e-05,0.6492275507971188,0.9990069086800945,0.0044949352516532315,-0.0021811437054561297,0.6958600417008695,2960.802144980791,0.029608021449807915
primary_grid_mean,Original documented 0.001 density; native public frame mean retained,sterimol_b5_vburminconf,1541,0.9962350966510307,0.9981179846891975,0.006608870181497169,0.09403358677883668,5.2803499999143355e-05,3.0252136746865235,0.9980591767505607,0.01547100999709805,0.0016007520755188984,13.626008096881726,3619.2185652287553,0.03619218565228756
primary_grid_mean,Original documented 0.001 density; native public frame mean retained,sterimol_l_delta,1541,0.9995763291141861,0.9997912112093409,0.0038488802788261777,0.034680334662478614,0.00017430891162109607,0.9548697471618652,0.9985345955587854,0.006401683071924458,0.0037819480108481746,1.8534001685566348,4374.622450151358,0.04374622450151358
primary_grid_mean,Original documented 0.001 density; native public frame mean retained,sterimol_l_max,1541,0.9997064021873726,0.9998540102706519,0.0020034691820317745,0.028971894536998045,9.226255908245662e-05,0.9550328170959475,0.9991380709772582,0.00979446904565151,0.001938718200696112,1.293470207189986,4405.585299204951,0.04405585299204952
primary_grid_mean,Original documented 0.001 density; native public frame mean retained,sterimol_l_min,1541,0.9997691285895831,0.9998874872350285,0.001912681115069298,0.017237430975273638,0.00011541586694363559,0.3527618427893069,0.9979811244029891,0.012947921426518683,-0.001843227267647195,0.4578758300327048,1983.2504561995177,0.019832504561995177
primary_grid_mean,Original documented 0.001 density; native public frame mean retained,sterimol_l_vburminconf,1541,0.9895380563801098,0.9947612288730985,0.013167152833586398,0.15268339194574926,0.00010168547753863777,4.482360327590332,0.9928410537118519,0.06076818898968206,-0.0014161619286158567,35.92412820930736,3433.791034871242,0.034337910348712426
historical_frame_reduction,"Historical source last-plane scalars; explicit reproduction view, not a general default",buried_volume_delta,1541,0.9998137871043445,0.9999076042720678,0.02293878283116935,0.2867701329413614,0.003136250058593859,10.364920782929687,1.000423194290273,0.013539049840499473,0.02163902655480921,126.72738519584459,680551.0689782766,6.805510689782766
historical_frame_reduction,"Historical source last-plane scalars; explicit reproduction view, not a general default",buried_volume_max,1541,0.9998683612671068,0.9999346384185076,0.01808991851819781,0.2841589656512911,0.002090253027347444,10.364917215625013,1.0005502651801959,-0.023216563514367294,0.016725225844976935,124.43007566817789,945239.0868054144,9.452390868054145
historical_frame_reduction,"Historical source last-plane scalars; explicit reproduction view, not a general default",buried_volume_min,1541,0.9999898419489193,0.9999950225842311,0.005809243690278275,0.03706731170736288,0.0010480288183600805,1.0584577336914052,0.9998327810965991,0.004023414648315793,-0.0049138250862113915,2.117311805301845,208436.8141563288,2.084368141563288
historical_frame_reduction,"Historical source last-plane scalars; explicit reproduction view, not a general default",buried_volume_vburminconf,1541,0.9999898419489193,0.9999950225842311,0.005809243690278275,0.03706731170736288,0.0010480288183600805,1.0584577336914052,0.9998327810965991,0.004023414648315793,-0.0049138250862113915,2.117311805301845,208436.8141563288,2.084368141563288
historical_frame_reduction,"Historical source last-plane scalars; explicit reproduction view, not a general default",far_vbur_delta,1541,0.9996790036800328,0.9998414240723591,0.013266987739450469,0.2686860657759065,0.001045624524902422,10.367005627927249,1.00146584902266,-0.0025458024487132747,0.012453567219180386,111.24818319282961,346571.5220791722,3.465715220791722
historical_frame_reduction,"Historical source last-plane scalars; explicit reproduction view, not a general default",far_vbur_max,1541,0.9997163305038274,0.9998598026289366,0.01169575212669936,0.26750820363400474,0.0010452240625014042,10.3690972596875,1.0014013004623088,-0.00533583396277848,0.010837512381354419,110.27494471670938,388744.45862024184,3.887444586202419
historical_frame_reduction,"Historical source last-plane scalars; explicit reproduction view, not a general default",far_vbur_min,1541,0.9999721513166114,0.9999862280919984,0.0017260025577002006,0.025266044788290944,0.0,0.889019004949585,0.9995352832977932,-0.0010076867475585782,-0.0016160574809148745,0.9837328226548869,35324.212959370816,0.3532421295937082
historical_frame_reduction,"Historical source last-plane scalars; explicit reproduction view, not a general default",far_vbur_vburminconf,1541,0.9999943226778236,0.9999972467751742,0.00120610824798219,0.011513744176905845,0.0,0.3597914166210945,0.9996208550128575,-0.0003367666975675476,-0.0008545422378731263,0.20428467596067051,35982.57587219379,0.3598257587219379
historical_frame_reduction,"Historical source last-plane scalars; explicit reproduction view, not a general default",max_delta_qvbur_delta,1541,0.9996237244250827,0.9998128828212719,0.016389781638038815,0.160006035418611,0.0020919316870120497,4.639631271362305,0.9996298102433175,0.01520757575270082,0.011885554035446798,39.45257624175835,104850.21848796072,1.0485021848796072
historical_frame_reduction,"Historical source last-plane scalars; explicit reproduction view, not a general default",max_delta_qvbur_max,1541,0.9997642527052282,0.9998826696530979,0.010106919245643019,0.13511365368838116,0.0010464982724609495,4.6396323908916015,0.9997343257032641,0.012777784822890936,0.00922687474716362,28.132032795469666,119331.30695179146,1.1933130695179146
historical_frame_reduction,"Historical source last-plane scalars; explicit reproduction view, not a general default",max_delta_qvbur_min,1541,0.999548287582745,0.9997744159267081,0.00689398259106032,0.08558741227106083,0.001045765904296836,2.7862906018466798,0.9991498866441687,0.0010748570565830562,-0.0026586850319561205,11.288141119594318,24989.663087395787,0.2498966308739579
historical_frame_reduction,"Historical source last-plane scalars; explicit reproduction view, not a general default",max_delta_qvbur_vburminconf,1541,0.9997549891098259,0.9998775509027054,0.0071797281556767924,0.06807700400739602,0.0010456497436521772,1.9767599534379885,0.9994049726286751,0.0035881381274514013,0.0003093243881389052,7.141731329394064,29148.628145942777,0.2914862814594278
historical_frame_reduction,"Historical source last-plane scalars; explicit reproduction view, not a general default",near_vbur_delta,1541,0.9997404516816332,0.9998715589166706,0.014755090084901994,0.13900553405193103,0.0020934933203129447,4.274613346445312,0.9994411664607223,0.019279911350157164,0.013889724341599165,29.7760318239734,114722.49949966677,1.1472249949966677
historical_frame_reduction,"Historical source last-plane scalars; explicit reproduction view, not a general default",near_vbur_max,1541,0.9998607774713081,0.9999307983356777,0.010621584994188906,0.13508580695161373,0.001047756757813545,4.2714761310546905,0.9995642474367111,0.03669187004341268,0.009818908365262276,28.120438044483492,201981.95154684858,2.019819515468486
historical_frame_reduction,"Historical source last-plane scalars; explicit reproduction view, not a general default",near_vbur_min,1541,0.9999850832171864,0.999992664667408,0.0048930342336932124,0.031731697702980524,0.0010475503808606845,1.0584577336914052,0.999959411973185,-0.001959229369141724,-0.0040708136298087646,1.5516338848736564,104019.3387719787,1.040193387719787
historical_frame_reduction,"Historical source last-plane scalars; explicit reproduction view, not a general default",near_vbur_vburminconf,1541,0.99998494857138,0.9999925943206515,0.00497650451756175,0.03219801351266716,0.0010475724999992053,1.0584577336914052,0.9999552321783971,-0.0017277086607094816,-0.0040592485161701245,1.5975733062834838,106140.97482819084,1.0614097482819085
historical_frame_reduction,"Historical source last-plane scalars; explicit reproduction view, not a general default",ovbur_max_delta,1541,0.9984847186255915,0.9992444250889926,0.00817736818486975,0.11302003658182755,0.0010458337050778255,4.142827033996582,0.9985405731324395,0.011396528808162998,0.006294332206392148,19.68400767886372,12990.331704266864,0.12990331704266866
historical_frame_reduction,"Historical source last-plane scalars; explicit reproduction view, not a general default",ovbur_max_max,1541,0.9989434344949331,0.9994728738667465,0.004714017623537394,0.1068167665011545,1.1612451160658566e-06,4.1428272584106445,0.9980578075565648,0.041475127025186964,0.004410508662414833,17.582535094479496,16641.216290101478,0.1664121629010148
historical_frame_reduction,"Historical source last-plane scalars; explicit reproduction view, not a general default",ovbur_max_min,1541,0.999831647684602,0.9999160422913242,0.003683760421772013,0.03682911762291422,1.4697265626750777e-06,1.0887867230395507,0.9997731924266372,0.001651611125803143,-0.0018838377918682927,2.0901875974238564,12415.555987349942,0.12415555987349944
historical_frame_reduction,"Historical source last-plane scalars; explicit reproduction view, not a general default",ovbur_max_vburminconf,1541,0.99991892337506,0.9999595716134083,0.003520830698566633,0.02628243548884098,1.423872070915877e-06,0.5794311956445313,1.000082836897773,-0.002599904007043463,-0.0012879186751741279,1.0644710458618598,13129.197800845996,0.13129197800845996
historical_frame_reduction,"Historical source last-plane scalars; explicit reproduction view, not a general default",ovbur_min_delta,1541,0.9986567595133055,0.9993522628684153,0.002858771270897862,0.06818210336451096,0.0,2.5854759238779295,1.0055243495741912,-0.0004457385753237064,0.0023687157980924562,7.163799596800847,5333.221912056414,0.05333221912056414
historical_frame_reduction,"Historical source last-plane scalars; explicit reproduction view, not a general default",ovbur_min_max,1541,0.998738241605136,0.9993906682968879,0.0027976857675837815,0.06816253718573706,0.0,2.5854759238779295,1.0052599189527172,-0.0004952386782817175,0.002308987503898754,7.159688603894955,5674.373662215271,0.056743736622152714
historical_frame_reduction,"Historical source last-plane scalars; explicit reproduction view, not a general default",ovbur_min_min,1541,0.9999827532588087,0.9999915077364926,6.515751577605302e-05,0.00163505302160769,0.0,0.057524877475769065,0.9994938656724107,-4.77493167668e-05,-5.9728291597984516e-05,0.004119706908924863,238.868715152176,0.0023886871515217604
historical_frame_reduction,"Historical source last-plane scalars; explicit reproduction view, not a general default",ovbur_min_vburminconf,1541,0.9999837529135259,0.99999284768405,8.551897678974137e-05,0.0017677355285216575,0.0,0.057524877475769065,0.9986012920367326,-3.3029913233791064e-05,-7.05872460868585e-05,0.004815453793047323,296.38875873005236,0.002963887587300524
historical_frame_reduction,"Historical source last-plane scalars; explicit reproduction view, not a general default",percent_buried_volume_delta,1541,0.9998137871043445,0.9999076042720678,0.012772550470293156,0.15967656275943204,0.0017462963251189123,5.771294614667681,1.0004231942902724,0.007538682356448945,0.012048832792634901,39.29026783448162,210996.49246196233,2.1099649246196237
historical_frame_reduction,"Historical source last-plane scalars; explicit reproduction view, not a general default",percent_buried_volume_max,1541,0.9998683612671068,0.9999346384185079,0.010072652894347008,0.158222637926355,0.001163874407986043,5.7712926283557096,1.000550265180196,-0.01292722161488058,0.0093127779622983,38.57801525780898,293059.75840037514,2.9305975840037517
historical_frame_reduction,"Historical source last-plane scalars; explicit reproduction view, not a general default",percent_buried_volume_min,1541,0.9999898419489193,0.9999950225842312,0.0032346467018066574,0.020639460823398795,0.0005835532371243346,0.5893601645626774,0.9998327810965992,0.002240278703400378,-0.002736068403355447,0.6564464956872258,64623.271774384804,0.646232717743848
historical_frame_reduction,"Historical source last-plane scalars; explicit reproduction view, not a general default",percent_buried_volume_vburminconf,1541,0.9999898419489193,0.9999950225842312,0.0032346467018066574,0.020639460823398795,0.0005835532371243346,0.5893601645626774,0.9998327810965992,0.002240278703400378,-0.002736068403355447,0.6564464956872258,64623.271774384804,0.646232717743848
historical_frame_reduction,"Historical source last-plane scalars; explicit reproduction view, not a general default",pyr_alpha_delta,1541,0.9999057781367692,0.9999544814262089,0.007100722601684111,0.03822634432834602,0.0028438568115234375,1.1588592529296875,0.9989731928663755,0.011394836555030707,0.00598674162855936,2.2517914904929883,23898.821497272398,0.238988214972724
historical_frame_reduction,"Historical source last-plane scalars; explicit reproduction view, not a general default",pyr_alpha_max,1541,0.9999675193143145,0.9999839082012603,0.0037843876000845035,0.030468016611961458,0.0017515169726571855,1.156000996384277,0.9997250277343459,0.008478181767621606,0.002610259070907408,1.4305103558870762,44041.876755289246,0.4404187675528925
historical_frame_reduction,"Historical source last-plane scalars; explicit reproduction view, not a general default",pyr_alpha_min,1541,0.9999791704483548,0.9999898507033069,0.004460801119625053,0.022463290450931157,0.0019220806591810913,0.719317825498047,0.9997338364149237,0.0009016069420226813,-0.0033764799087227233,0.7775877029575412,37330.98610109584,0.3733098610109584
historical_frame_reduction,"Historical source last-plane scalars; explicit reproduction view, not a general default",pyr_alpha_vburminconf,1541,0.9997381922397557,0.9998696285966912,0.008850088966271182,0.08412722694320454,0.0017742341894528835,2.114142068085936,0.9993971388263371,0.006868866677823604,-0.005107144974207252,10.906258472569453,41657.506494039466,0.4165750649403947
historical_frame_reduction,"Historical source last-plane scalars; explicit reproduction view, not a general default",pyr_p_delta,1541,0.9999484355405008,0.9999751433745812,5.4089634200930314e-05,0.0002674724607620566,2.0386638122558975e-05,0.0072321295738220215,0.9993590639174514,7.145721372593672e-05,4.565380333532904e-05,0.00011024547810707539,2.138012871227327,2.138012871227327e-05
historical_frame_reduction,"Historical source last-plane scalars; explicit reproduction view, not a general default",pyr_p_max,1541,0.9999775723975252,0.9999891214482253,3.216007200746375e-05,0.000171219293233392,1.1959909667957902e-05,0.004817062902160663,0.9995532713039299,0.0004457922821724525,2.530840659208973e-05,4.517602746440245e-05,2.014304806550478,2.0143048065504783e-05
historical_frame_reduction,"Historical source last-plane scalars; explicit reproduction view, not a general default",pyr_p_min,1541,0.9999841108276053,0.9999921402216155,3.017811546664431e-05,0.00019969688311256812,1.3833793518047699e-05,0.007218747214965848,0.9999153548107126,5.5919263672321584e-05,-2.0345387658228393e-05,6.14533003374319e-05,3.8676212209602268,3.8676212209602274e-05
historical_frame_reduction,"Historical source last-plane scalars; explicit reproduction view, not a general default",pyr_p_vburminconf,1541,0.9997009097995537,0.9998510954589881,7.247611199983027e-05,0.0007101502346546736,1.3109478790296336e-05,0.017135320088043193,0.9992805232014181,0.0007009158789862413,4.356178012047365e-05,0.0007771468812571154,2.598369589165449,2.598369589165449e-05
historical_frame_reduction,"Historical source last-plane scalars; explicit reproduction view, not a general default",qvbur_max_delta,1541,0.9998494288035085,0.999925292566921,0.01012117994266513,0.11322639365477624,0.0010480430507815441,4.142827033996582,0.999487433696655,0.014115092175385868,0.009364771677794235,19.75595319512225,131206.72250377305,1.3120672250377305
historical_frame_reduction,"Historical source last-plane scalars; explicit reproduction view, not a general default",qvbur_max_max,1541,0.999885951577814,0.9999432075760889,0.007072410963804139,0.11099243500675801,0.0010456963647467177,4.1428272584106445,0.9995795025395401,0.017185300940855797,0.006344031534615983,18.98407308887201,166456.25362459724,1.6645625362459726
historical_frame_reduction,"Historical source last-plane scalars; explicit reproduction view, not a general default",qvbur_max_min,1541,0.9999618868349357,0.9999811557326611,0.00404687580942646,0.03227110179189913,0.0010447927246097777,0.7718781225048836,0.9996605842443734,0.0025844785789246316,-0.003020731695417052,1.6048344007400608,42107.08814219782,0.42107088142197824
historical_frame_reduction,"Historical source last-plane scalars; explicit reproduction view, not a general default",qvbur_max_vburminconf,1541,0.9999623355388674,0.9999812333403726,0.004468301042641741,0.032902504829476174,0.0010451159472673055,0.7718781225048836,0.9998304076151457,0.001043531904425521,-0.0018105803925457867,1.6682478038667568,44292.35819918993,0.4429235819918993
historical_frame_reduction,"Historical source last-plane scalars; explicit reproduction view, not a general default",qvbur_min_delta,1541,0.9989910626377275,0.9994986158613599,0.008712864962952732,0.12502545735203185,0.001045402846679977,3.853113220629883,1.000909706705261,0.003967078954868697,0.006539383703367711,24.08793344355656,23874.557870769248,0.2387455787076925
historical_frame_reduction,"Historical source last-plane scalars; explicit reproduction view, not a general default",qvbur_min_max,1541,0.9990819794562094,0.9995448058430758,0.007803397760789584,0.12473969691549709,9.061669921095472e-07,3.8552047673144543,1.0015266060637522,-0.014589658463428634,0.005669020203807652,23.977947651304486,26119.18416585185,0.2611918416585185
historical_frame_reduction,"Historical source last-plane scalars; explicit reproduction view, not a general default",qvbur_min_min,1541,0.9999712497537634,0.9999858272975504,0.0010672319716649782,0.008989416433106124,4.873461918464272e-07,0.2823942386254874,0.9996035177643479,0.0032700141648049907,-0.0008703640946281682,0.12452760563181738,4331.357881489179,0.04331357881489179
historical_frame_reduction,"Historical source last-plane scalars; explicit reproduction view, not a general default",qvbur_min_vburminconf,1541,0.9994025783622315,0.9997016567444591,0.00329274091537034,0.043259353810993904,4.982812491505229e-07,1.23939722380371,0.9992644207897948,0.006376480916376437,-0.0015877630089302158,2.883783777595063,4827.049432569031,0.04827049432569031
historical_frame_reduction,"Historical source last-plane scalars; explicit reproduction view, not a general default",sterimol_b1_delta,1541,0.9987510289959843,0.9994093867994219,0.010444161071887212,0.023744552750667402,0.006448360431640543,0.43572994262109377,0.9988250053832198,0.006352016245898207,0.005544218025909481,0.8688216331923386,695.6299468914448,0.006956299468914448
historical_frame_reduction,"Historical source last-plane scalars; explicit reproduction view, not a general default",sterimol_b1_max,1541,0.9993008898577633,0.9997855424971458,0.013240969714645714,0.022759167725050173,0.009805604107177679,0.293101300422852,1.0055520553660977,-0.0109882681225697,0.013179917709704758,0.7982067416424636,1141.7467626613325,0.011417467626613326
historical_frame_reduction,"Historical source last-plane scalars; explicit reproduction view, not a general default",sterimol_b1_min,1541,0.9996609843941445,0.9998821819318165,0.00891392902530071,0.014198206723094898,0.006555090064941371,0.22341160080761746,1.0020755384792863,2.7761498976985877e-05,0.007635699687039915,0.31064876326782703,916.3258502036011,0.009163258502036012
historical_frame_reduction,"Historical source last-plane scalars; explicit reproduction view, not a general default",sterimol_b1_vburminconf,1541,0.9984178498195226,0.9993224300178225,0.01189050397880108,0.03113527637355482,0.007704852965454201,0.6420467004084474,1.0054393987873829,-0.011402366630111516,0.010538153125231665,1.4938537751156242,944.1921465792401,0.009441921465792402
historical_frame_reduction,"Historical source last-plane scalars; explicit reproduction view, not a general default",sterimol_b5_delta,1541,0.9996279733262285,0.9998169044829147,0.0027139947344349625,0.02259665894238159,9.753846313476089e-05,0.649272955685791,0.9988134173044306,0.0037775878506433047,0.0026704485820251466,0.786848461847162,2115.0323816045807,0.02115032381604581
historical_frame_reduction,"Historical source last-plane scalars; explicit reproduction view, not a general default",sterimol_b5_max,1541,0.999980608732652,0.9999903589543109,0.0005177425102490919,0.007617878420026962,4.2376908447216977e-05,0.2649245126877444,0.9998096437923591,0.0019465923457495649,0.0004893068317928983,0.0894274223699835,4611.7368589202115,0.046117368589202117
historical_frame_reduction,"Historical source last-plane scalars; explicit reproduction view, not a general default",sterimol_b5_min,1541,0.9997649758384293,0.9998840089451605,0.0022289397595007332,0.02125003403747123,6.248763452187944e-05,0.6492275507971188,0.9990069086800945,0.0044949352516532315,-0.0021811437054561297,0.6958600417008695,2960.802144980791,0.029608021449807915
historical_frame_reduction,"Historical source last-plane scalars; explicit reproduction view, not a general default",sterimol_b5_vburminconf,1541,0.998314328510911,0.9991571297676991,0.004513181357506238,0.06292055675341393,5.341933789093645e-05,2.023195786700196,0.9984660040420683,0.009757483299051906,-0.0012053488874027788,6.100813548187915,3619.2185652287553,0.03619218565228756
historical_frame_reduction,"Historical source last-plane scalars; explicit reproduction view, not a general default",sterimol_l_delta,1541,0.9995763291141861,0.9997912112093409,0.0038488802788261777,0.034680334662478614,0.00017430891162109607,0.9548697471618652,0.9985345955587854,0.006401683071924458,0.0037819480108481746,1.8534001685566348,4374.622450151358,0.04374622450151358
historical_frame_reduction,"Historical source last-plane scalars; explicit reproduction view, not a general default",sterimol_l_max,1541,0.9997064021873726,0.9998540102706519,0.0020034691820317745,0.028971894536998045,9.226255908245662e-05,0.9550328170959475,0.9991380709772582,0.00979446904565151,0.001938718200696112,1.293470207189986,4405.585299204951,0.04405585299204952
historical_frame_reduction,"Historical source last-plane scalars; explicit reproduction view, not a general default",sterimol_l_min,1541,0.9997691285895831,0.9998874872350285,0.001912681115069298,0.017237430975273638,0.00011541586694363559,0.3527618427893069,0.9979811244029891,0.012947921426518683,-0.001843227267647195,0.4578758300327048,1983.2504561995177,0.019832504561995177
historical_frame_reduction,"Historical source last-plane scalars; explicit reproduction view, not a general default",sterimol_l_vburminconf,1541,0.9973491500226999,0.9986755528807376,0.0066234318408765576,0.07685607239685886,0.00010099313891576145,2.0942494987932125,0.9992657509453402,0.0060754797400299765,-0.00030238636464863656,9.102464886841938,3433.791034871242,0.034337910348712426
sampling_3600,Source-requested 3600 endpoint-inclusive directions through optional native API,buried_volume_delta,1541,0.9998137871043445,0.9999076042720678,0.02293878283116935,0.2867701329413614,0.003136250058593859,10.364920782929687,1.000423194290273,0.013539049840499473,0.02163902655480921,126.72738519584459,680551.0689782766,6.805510689782766
sampling_3600,Source-requested 3600 endpoint-inclusive directions through optional native API,buried_volume_max,1541,0.9998683612671068,0.9999346384185076,0.01808991851819781,0.2841589656512911,0.002090253027347444,10.364917215625013,1.0005502651801959,-0.023216563514367294,0.016725225844976935,124.43007566817789,945239.0868054144,9.452390868054145
sampling_3600,Source-requested 3600 endpoint-inclusive directions through optional native API,buried_volume_min,1541,0.9999898419489193,0.9999950225842311,0.005809243690278275,0.03706731170736288,0.0010480288183600805,1.0584577336914052,0.9998327810965991,0.004023414648315793,-0.0049138250862113915,2.117311805301845,208436.8141563288,2.084368141563288
sampling_3600,Source-requested 3600 endpoint-inclusive directions through optional native API,buried_volume_vburminconf,1541,0.9999898419489193,0.9999950225842311,0.005809243690278275,0.03706731170736288,0.0010480288183600805,1.0584577336914052,0.9998327810965991,0.004023414648315793,-0.0049138250862113915,2.117311805301845,208436.8141563288,2.084368141563288
sampling_3600,Source-requested 3600 endpoint-inclusive directions through optional native API,far_vbur_delta,1541,0.9996790036800328,0.9998414240723591,0.013266987739450469,0.2686860657759065,0.001045624524902422,10.367005627927249,1.00146584902266,-0.0025458024487132747,0.012453567219180386,111.24818319282961,346571.5220791722,3.465715220791722
sampling_3600,Source-requested 3600 endpoint-inclusive directions through optional native API,far_vbur_max,1541,0.9997163305038274,0.9998598026289366,0.01169575212669936,0.26750820363400474,0.0010452240625014042,10.3690972596875,1.0014013004623088,-0.00533583396277848,0.010837512381354419,110.27494471670938,388744.45862024184,3.887444586202419
sampling_3600,Source-requested 3600 endpoint-inclusive directions through optional native API,far_vbur_min,1541,0.9999721513166114,0.9999862280919984,0.0017260025577002006,0.025266044788290944,0.0,0.889019004949585,0.9995352832977932,-0.0010076867475585782,-0.0016160574809148745,0.9837328226548869,35324.212959370816,0.3532421295937082
sampling_3600,Source-requested 3600 endpoint-inclusive directions through optional native API,far_vbur_vburminconf,1541,0.9999943226778236,0.9999972467751742,0.00120610824798219,0.011513744176905845,0.0,0.3597914166210945,0.9996208550128575,-0.0003367666975675476,-0.0008545422378731263,0.20428467596067051,35982.57587219379,0.3598257587219379
sampling_3600,Source-requested 3600 endpoint-inclusive directions through optional native API,max_delta_qvbur_delta,1541,0.9996237244250827,0.9998128828212719,0.016389781638038815,0.160006035418611,0.0020919316870120497,4.639631271362305,0.9996298102433175,0.01520757575270082,0.011885554035446798,39.45257624175835,104850.21848796072,1.0485021848796072
sampling_3600,Source-requested 3600 endpoint-inclusive directions through optional native API,max_delta_qvbur_max,1541,0.9997642527052282,0.9998826696530979,0.010106919245643019,0.13511365368838116,0.0010464982724609495,4.6396323908916015,0.9997343257032641,0.012777784822890936,0.00922687474716362,28.132032795469666,119331.30695179146,1.1933130695179146
sampling_3600,Source-requested 3600 endpoint-inclusive directions through optional native API,max_delta_qvbur_min,1541,0.999548287582745,0.9997744159267081,0.00689398259106032,0.08558741227106083,0.001045765904296836,2.7862906018466798,0.9991498866441687,0.0010748570565830562,-0.0026586850319561205,11.288141119594318,24989.663087395787,0.2498966308739579
sampling_3600,Source-requested 3600 endpoint-inclusive directions through optional native API,max_delta_qvbur_vburminconf,1541,0.9997549891098259,0.9998775509027054,0.0071797281556767924,0.06807700400739602,0.0010456497436521772,1.9767599534379885,0.9994049726286751,0.0035881381274514013,0.0003093243881389052,7.141731329394064,29148.628145942777,0.2914862814594278
sampling_3600,Source-requested 3600 endpoint-inclusive directions through optional native API,near_vbur_delta,1541,0.9997404516816332,0.9998715589166706,0.014755090084901994,0.13900553405193103,0.0020934933203129447,4.274613346445312,0.9994411664607223,0.019279911350157164,0.013889724341599165,29.7760318239734,114722.49949966677,1.1472249949966677
sampling_3600,Source-requested 3600 endpoint-inclusive directions through optional native API,near_vbur_max,1541,0.9998607774713081,0.9999307983356777,0.010621584994188906,0.13508580695161373,0.001047756757813545,4.2714761310546905,0.9995642474367111,0.03669187004341268,0.009818908365262276,28.120438044483492,201981.95154684858,2.019819515468486
sampling_3600,Source-requested 3600 endpoint-inclusive directions through optional native API,near_vbur_min,1541,0.9999850832171864,0.999992664667408,0.0048930342336932124,0.031731697702980524,0.0010475503808606845,1.0584577336914052,0.999959411973185,-0.001959229369141724,-0.0040708136298087646,1.5516338848736564,104019.3387719787,1.040193387719787
sampling_3600,Source-requested 3600 endpoint-inclusive directions through optional native API,near_vbur_vburminconf,1541,0.99998494857138,0.9999925943206515,0.00497650451756175,0.03219801351266716,0.0010475724999992053,1.0584577336914052,0.9999552321783971,-0.0017277086607094816,-0.0040592485161701245,1.5975733062834838,106140.97482819084,1.0614097482819085
sampling_3600,Source-requested 3600 endpoint-inclusive directions through optional native API,ovbur_max_delta,1541,0.9984847186255915,0.9992444250889926,0.00817736818486975,0.11302003658182755,0.0010458337050778255,4.142827033996582,0.9985405731324395,0.011396528808162998,0.006294332206392148,19.68400767886372,12990.331704266864,0.12990331704266866
sampling_3600,Source-requested 3600 endpoint-inclusive directions through optional native API,ovbur_max_max,1541,0.9989434344949331,0.9994728738667465,0.004714017623537394,0.1068167665011545,1.1612451160658566e-06,4.1428272584106445,0.9980578075565648,0.041475127025186964,0.004410508662414833,17.582535094479496,16641.216290101478,0.1664121629010148
sampling_3600,Source-requested 3600 endpoint-inclusive directions through optional native API,ovbur_max_min,1541,0.999831647684602,0.9999160422913242,0.003683760421772013,0.03682911762291422,1.4697265626750777e-06,1.0887867230395507,0.9997731924266372,0.001651611125803143,-0.0018838377918682927,2.0901875974238564,12415.555987349942,0.12415555987349944
sampling_3600,Source-requested 3600 endpoint-inclusive directions through optional native API,ovbur_max_vburminconf,1541,0.99991892337506,0.9999595716134083,0.003520830698566633,0.02628243548884098,1.423872070915877e-06,0.5794311956445313,1.000082836897773,-0.002599904007043463,-0.0012879186751741279,1.0644710458618598,13129.197800845996,0.13129197800845996
sampling_3600,Source-requested 3600 endpoint-inclusive directions through optional native API,ovbur_min_delta,1541,0.9986567595133055,0.9993522628684153,0.002858771270897862,0.06818210336451096,0.0,2.5854759238779295,1.0055243495741912,-0.0004457385753237064,0.0023687157980924562,7.163799596800847,5333.221912056414,0.05333221912056414
sampling_3600,Source-requested 3600 endpoint-inclusive directions through optional native API,ovbur_min_max,1541,0.998738241605136,0.9993906682968879,0.0027976857675837815,0.06816253718573706,0.0,2.5854759238779295,1.0052599189527172,-0.0004952386782817175,0.002308987503898754,7.159688603894955,5674.373662215271,0.056743736622152714
sampling_3600,Source-requested 3600 endpoint-inclusive directions through optional native API,ovbur_min_min,1541,0.9999827532588087,0.9999915077364926,6.515751577605302e-05,0.00163505302160769,0.0,0.057524877475769065,0.9994938656724107,-4.77493167668e-05,-5.9728291597984516e-05,0.004119706908924863,238.868715152176,0.0023886871515217604
sampling_3600,Source-requested 3600 endpoint-inclusive directions through optional native API,ovbur_min_vburminconf,1541,0.9999837529135259,0.99999284768405,8.551897678974137e-05,0.0017677355285216575,0.0,0.057524877475769065,0.9986012920367326,-3.3029913233791064e-05,-7.05872460868585e-05,0.004815453793047323,296.38875873005236,0.002963887587300524
sampling_3600,Source-requested 3600 endpoint-inclusive directions through optional native API,percent_buried_volume_delta,1541,0.9998137871043445,0.9999076042720678,0.012772550470293156,0.15967656275943204,0.0017462963251189123,5.771294614667681,1.0004231942902724,0.007538682356448945,0.012048832792634901,39.29026783448162,210996.49246196233,2.1099649246196237
sampling_3600,Source-requested 3600 endpoint-inclusive directions through optional native API,percent_buried_volume_max,1541,0.9998683612671068,0.9999346384185079,0.010072652894347008,0.158222637926355,0.001163874407986043,5.7712926283557096,1.000550265180196,-0.01292722161488058,0.0093127779622983,38.57801525780898,293059.75840037514,2.9305975840037517
sampling_3600,Source-requested 3600 endpoint-inclusive directions through optional native API,percent_buried_volume_min,1541,0.9999898419489193,0.9999950225842312,0.0032346467018066574,0.020639460823398795,0.0005835532371243346,0.5893601645626774,0.9998327810965992,0.002240278703400378,-0.002736068403355447,0.6564464956872258,64623.271774384804,0.646232717743848
sampling_3600,Source-requested 3600 endpoint-inclusive directions through optional native API,percent_buried_volume_vburminconf,1541,0.9999898419489193,0.9999950225842312,0.0032346467018066574,0.020639460823398795,0.0005835532371243346,0.5893601645626774,0.9998327810965992,0.002240278703400378,-0.002736068403355447,0.6564464956872258,64623.271774384804,0.646232717743848
sampling_3600,Source-requested 3600 endpoint-inclusive directions through optional native API,pyr_alpha_delta,1541,0.9999057781367692,0.9999544814262089,0.007100722601684111,0.03822634432834602,0.0028438568115234375,1.1588592529296875,0.9989731928663755,0.011394836555030707,0.00598674162855936,2.2517914904929883,23898.821497272398,0.238988214972724
sampling_3600,Source-requested 3600 endpoint-inclusive directions through optional native API,pyr_alpha_max,1541,0.9999675193143145,0.9999839082012603,0.0037843876000845035,0.030468016611961458,0.0017515169726571855,1.156000996384277,0.9997250277343459,0.008478181767621606,0.002610259070907408,1.4305103558870762,44041.876755289246,0.4404187675528925
sampling_3600,Source-requested 3600 endpoint-inclusive directions through optional native API,pyr_alpha_min,1541,0.9999791704483548,0.9999898507033069,0.004460801119625053,0.022463290450931157,0.0019220806591810913,0.719317825498047,0.9997338364149237,0.0009016069420226813,-0.0033764799087227233,0.7775877029575412,37330.98610109584,0.3733098610109584
sampling_3600,Source-requested 3600 endpoint-inclusive directions through optional native API,pyr_alpha_vburminconf,1541,0.9997381922397557,0.9998696285966912,0.008850088966271182,0.08412722694320454,0.0017742341894528835,2.114142068085936,0.9993971388263371,0.006868866677823604,-0.005107144974207252,10.906258472569453,41657.506494039466,0.4165750649403947
sampling_3600,Source-requested 3600 endpoint-inclusive directions through optional native API,pyr_p_delta,1541,0.9999484355405008,0.9999751433745812,5.4089634200930314e-05,0.0002674724607620566,2.0386638122558975e-05,0.0072321295738220215,0.9993590639174514,7.145721372593672e-05,4.565380333532904e-05,0.00011024547810707539,2.138012871227327,2.138012871227327e-05
sampling_3600,Source-requested 3600 endpoint-inclusive directions through optional native API,pyr_p_max,1541,0.9999775723975252,0.9999891214482253,3.216007200746375e-05,0.000171219293233392,1.1959909667957902e-05,0.004817062902160663,0.9995532713039299,0.0004457922821724525,2.530840659208973e-05,4.517602746440245e-05,2.014304806550478,2.0143048065504783e-05
sampling_3600,Source-requested 3600 endpoint-inclusive directions through optional native API,pyr_p_min,1541,0.9999841108276053,0.9999921402216155,3.017811546664431e-05,0.00019969688311256812,1.3833793518047699e-05,0.007218747214965848,0.9999153548107126,5.5919263672321584e-05,-2.0345387658228393e-05,6.14533003374319e-05,3.8676212209602268,3.8676212209602274e-05
sampling_3600,Source-requested 3600 endpoint-inclusive directions through optional native API,pyr_p_vburminconf,1541,0.9997009097995537,0.9998510954589881,7.247611199983027e-05,0.0007101502346546736,1.3109478790296336e-05,0.017135320088043193,0.9992805232014181,0.0007009158789862413,4.356178012047365e-05,0.0007771468812571154,2.598369589165449,2.598369589165449e-05
sampling_3600,Source-requested 3600 endpoint-inclusive directions through optional native API,qvbur_max_delta,1541,0.9998494288035085,0.999925292566921,0.01012117994266513,0.11322639365477624,0.0010480430507815441,4.142827033996582,0.999487433696655,0.014115092175385868,0.009364771677794235,19.75595319512225,131206.72250377305,1.3120672250377305
sampling_3600,Source-requested 3600 endpoint-inclusive directions through optional native API,qvbur_max_max,1541,0.999885951577814,0.9999432075760889,0.007072410963804139,0.11099243500675801,0.0010456963647467177,4.1428272584106445,0.9995795025395401,0.017185300940855797,0.006344031534615983,18.98407308887201,166456.25362459724,1.6645625362459726
sampling_3600,Source-requested 3600 endpoint-inclusive directions through optional native API,qvbur_max_min,1541,0.9999618868349357,0.9999811557326611,0.00404687580942646,0.03227110179189913,0.0010447927246097777,0.7718781225048836,0.9996605842443734,0.0025844785789246316,-0.003020731695417052,1.6048344007400608,42107.08814219782,0.42107088142197824
sampling_3600,Source-requested 3600 endpoint-inclusive directions through optional native API,qvbur_max_vburminconf,1541,0.9999623355388674,0.9999812333403726,0.004468301042641741,0.032902504829476174,0.0010451159472673055,0.7718781225048836,0.9998304076151457,0.001043531904425521,-0.0018105803925457867,1.6682478038667568,44292.35819918993,0.4429235819918993
sampling_3600,Source-requested 3600 endpoint-inclusive directions through optional native API,qvbur_min_delta,1541,0.9989910626377275,0.9994986158613599,0.008712864962952732,0.12502545735203185,0.001045402846679977,3.853113220629883,1.000909706705261,0.003967078954868697,0.006539383703367711,24.08793344355656,23874.557870769248,0.2387455787076925
sampling_3600,Source-requested 3600 endpoint-inclusive directions through optional native API,qvbur_min_max,1541,0.9990819794562094,0.9995448058430758,0.007803397760789584,0.12473969691549709,9.061669921095472e-07,3.8552047673144543,1.0015266060637522,-0.014589658463428634,0.005669020203807652,23.977947651304486,26119.18416585185,0.2611918416585185
sampling_3600,Source-requested 3600 endpoint-inclusive directions through optional native API,qvbur_min_min,1541,0.9999712497537634,0.9999858272975504,0.0010672319716649782,0.008989416433106124,4.873461918464272e-07,0.2823942386254874,0.9996035177643479,0.0032700141648049907,-0.0008703640946281682,0.12452760563181738,4331.357881489179,0.04331357881489179
sampling_3600,Source-requested 3600 endpoint-inclusive directions through optional native API,qvbur_min_vburminconf,1541,0.9994025783622315,0.9997016567444591,0.00329274091537034,0.043259353810993904,4.982812491505229e-07,1.23939722380371,0.9992644207897948,0.006376480916376437,-0.0015877630089302158,2.883783777595063,4827.049432569031,0.04827049432569031
sampling_3600,Source-requested 3600 endpoint-inclusive directions through optional native API,sterimol_b1_delta,1541,0.999019004216574,0.9995209796228698,0.003719635032761777,0.021043665315698,0.0008929963085937409,0.4376124957216797,0.997621121502369,0.0047263057713995416,0.003090848222477737,0.6824100447253499,695.6299468914448,0.006956299468914448
sampling_3600,Source-requested 3600 endpoint-inclusive directions through optional native API,sterimol_b1_max,1541,0.9996346614693815,0.9998231438509038,0.0027229644510929313,0.016452477818018934,0.0006451196794432512,0.2731447116777348,1.0019462571193203,-0.0063003161038786,0.0021717722733986464,0.41712408460905614,1141.7467626613325,0.011417467626613326
sampling_3600,Source-requested 3600 endpoint-inclusive directions through optional native API,sterimol_b1_min,1541,0.9998582888699546,0.9999302412849279,0.0014207036513887215,0.00917963959408434,0.0005531608844604463,0.23502544663281277,0.9989784948135184,0.002825276854701908,-0.0009190759458344525,0.12985357172208986,916.3258502036011,0.009163258502036012
sampling_3600,Source-requested 3600 endpoint-inclusive directions through optional native API,sterimol_b1_vburminconf,1541,0.9987524903213357,0.9993822760798132,0.003132023952094733,0.027647179640972398,0.0005438756782227827,0.6313283547663575,1.002061513507182,-0.007336917372700036,0.0009784644550033478,1.177888841376406,944.1921465792401,0.009441921465792402
sampling_3600,Source-requested 3600 endpoint-inclusive directions through optional native API,sterimol_b5_delta,1541,0.9996279733262285,0.9998169044829147,0.0027139947344349625,0.02259665894238159,9.753846313476089e-05,0.649272955685791,0.9988134173044306,0.0037775878506433047,0.0026704485820251466,0.786848461847162,2115.0323816045807,0.02115032381604581
sampling_3600,Source-requested 3600 endpoint-inclusive directions through optional native API,sterimol_b5_max,1541,0.999980608732652,0.9999903589543109,0.0005177425102490919,0.007617878420026962,4.2376908447216977e-05,0.2649245126877444,0.9998096437923591,0.0019465923457495649,0.0004893068317928983,0.0894274223699835,4611.7368589202115,0.046117368589202117
sampling_3600,Source-requested 3600 endpoint-inclusive directions through optional native API,sterimol_b5_min,1541,0.9997649758384293,0.9998840089451605,0.0022289397595007332,0.02125003403747123,6.248763452187944e-05,0.6492275507971188,0.9990069086800945,0.0044949352516532315,-0.0021811437054561297,0.6958600417008695,2960.802144980791,0.029608021449807915
sampling_3600,Source-requested 3600 endpoint-inclusive directions through optional native API,sterimol_b5_vburminconf,1541,0.998314328510911,0.9991571297676991,0.004513181357506238,0.06292055675341393,5.341933789093645e-05,2.023195786700196,0.9984660040420683,0.009757483299051906,-0.0012053488874027788,6.100813548187915,3619.2185652287553,0.03619218565228756
sampling_3600,Source-requested 3600 endpoint-inclusive directions through optional native API,sterimol_l_delta,1541,0.9995763291141861,0.9997912112093409,0.0038488802788261777,0.034680334662478614,0.00017430891162109607,0.9548697471618652,0.9985345955587854,0.006401683071924458,0.0037819480108481746,1.8534001685566348,4374.622450151358,0.04374622450151358
sampling_3600,Source-requested 3600 endpoint-inclusive directions through optional native API,sterimol_l_max,1541,0.9997064021873726,0.9998540102706519,0.0020034691820317745,0.028971894536998045,9.226255908245662e-05,0.9550328170959475,0.9991380709772582,0.00979446904565151,0.001938718200696112,1.293470207189986,4405.585299204951,0.04405585299204952
sampling_3600,Source-requested 3600 endpoint-inclusive directions through optional native API,sterimol_l_min,1541,0.9997691285895831,0.9998874872350285,0.001912681115069298,0.017237430975273638,0.00011541586694363559,0.3527618427893069,0.9979811244029891,0.012947921426518683,-0.001843227267647195,0.4578758300327048,1983.2504561995177,0.019832504561995177
sampling_3600,Source-requested 3600 endpoint-inclusive directions through optional native API,sterimol_l_vburminconf,1541,0.9973491500226999,0.9986755528807376,0.0066234318408765576,0.07685607239685886,0.00010099313891576145,2.0942494987932125,0.9992657509453402,0.0060754797400299765,-0.00030238636464863656,9.102464886841938,3433.791034871242,0.034337910348712426
recovered_XYZ_precision,Use maximum available original API precision for all 31611 IDs; 27 changed,buried_volume_delta,1541,0.9998137871300732,0.9999076044938248,0.022936072192943614,0.2867701131301986,0.0031361979921875616,10.364920782929687,1.0004233197797083,0.01353935859966171,0.021641737193034947,126.72736768623335,680551.0689782766,6.805510689782766
recovered_XYZ_precision,Use maximum available original API precision for all 31611 IDs; 27 changed,buried_volume_max,1541,0.9998683612775566,0.9999346385156025,0.018087883682926985,0.2841589543726941,0.0020902455273414944,10.364917215625013,1.0005503187837024,-0.023218419566688908,0.01672726068024776,124.43006579063179,945239.0868054144,9.452390868054145
recovered_XYZ_precision,Use maximum available original API precision for all 31611 IDs; 27 changed,buried_volume_min,1541,0.9999898419541243,0.9999950226080256,0.0058085678873233655,0.037067302210712284,0.0010480288183600805,1.0584577336914052,0.9998328025144158,0.004021594141271123,-0.004914500889166301,2.117310720390806,208436.8141563288,2.084368141563288
recovered_XYZ_precision,Use maximum available original API precision for all 31611 IDs; 27 changed,buried_volume_vburminconf,1541,0.9999898419541243,0.9999950226080256,0.0058085678873233655,0.037067302210712284,0.0010480288183600805,1.0584577336914052,0.9998328025144158,0.004021594141271123,-0.004914500889166301,2.117310720390806,208436.8141563288,2.084368141563288
recovered_XYZ_precision,Use maximum available original API precision for all 31611 IDs; 27 changed,far_vbur_delta,1541,0.9996790036831993,0.9998414242134096,0.013266309461026861,0.268686064450693,0.001045613216309249,10.367005627927249,1.0014659064304345,-0.002545711598065381,0.012454245497603994,111.24818209543298,346571.5220791722,3.465715220791722
recovered_XYZ_precision,Use maximum available original API precision for all 31611 IDs; 27 changed,far_vbur_max,1541,0.9997163305066503,0.9998598027393039,0.01169507384827575,0.2675082023029562,0.001045216347655753,10.3690972596875,1.0014013481223327,-0.005335705760582954,0.010838190659778028,110.27494361931275,388744.45862024184,3.887444586202419
recovered_XYZ_precision,Use maximum available original API precision for all 31611 IDs; 27 changed,far_vbur_min,1541,0.9999721513166114,0.9999862280919984,0.0017260025577002006,0.025266044788290944,0.0,0.889019004949585,0.9995352832977932,-0.0010076867475585782,-0.0016160574809148745,0.9837328226548869,35324.212959370816,0.3532421295937082
recovered_XYZ_precision,Use maximum available original API precision for all 31611 IDs; 27 changed,far_vbur_vburminconf,1541,0.9999943226778236,0.9999972467751742,0.00120610824798219,0.011513744176905845,0.0,0.3597914166210945,0.9996208550128575,-0.0003367666975675476,-0.0008545422378731263,0.20428467596067051,35982.57587219379,0.3598257587219379
recovered_XYZ_precision,Use maximum available original API precision for all 31611 IDs; 27 changed,max_delta_qvbur_delta,1541,0.9996237243938598,0.9998128831637554,0.01639045831280231,0.1600060420571655,0.0020919316870120497,4.639631271362305,0.9996303075609722,0.01520515021697122,0.011887591346186324,39.45257951548589,104850.21848796072,1.0485021848796072
recovered_XYZ_precision,Use maximum available original API precision for all 31611 IDs; 27 changed,max_delta_qvbur_max,1541,0.9997642527878375,0.9998826699240927,0.010104881934903493,0.13511363001546364,0.0010464935742184878,4.6396323908916015,0.9997347518822066,0.012774125974386763,0.009228912057903146,28.132022937587568,119331.30695179146,1.1933130695179146
recovered_XYZ_precision,Use maximum available original API precision for all 31611 IDs; 27 changed,max_delta_qvbur_min,1541,0.999548287582745,0.9997744159267081,0.00689398259106032,0.08558741227106083,0.001045765904296836,2.7862906018466798,0.9991498866441687,0.0010748570565830562,-0.0026586850319561205,11.288141119594318,24989.663087395787,0.2498966308739579
recovered_XYZ_precision,Use maximum available original API precision for all 31611 IDs; 27 changed,max_delta_qvbur_vburminconf,1541,0.9997549892599383,0.9998775509226129,0.007178370979962399,0.06807698315279445,0.0010456457001950525,1.9767599534379885,0.9994050669214067,0.003586261365043697,0.0003079672124245127,7.141726953821411,29148.628145942777,0.2914862814594278
recovered_XYZ_precision,Use maximum available original API precision for all 31611 IDs; 27 changed,near_vbur_delta,1541,0.9997404516911593,0.9998715590396018,0.014754411806478384,0.13900553150100822,0.0020934933203129447,4.274613346445312,0.9994411945136974,0.0192803190457127,0.013890402620022772,29.776030731119683,114722.49949966677,1.1472249949966677
recovered_XYZ_precision,Use maximum available original API precision for all 31611 IDs; 27 changed,near_vbur_max,1541,0.9998607774767241,0.999930798388976,0.010620906715765297,0.13508580432406336,0.001047756757813545,4.2714761310546905,0.9995642483052314,0.03669249475999692,0.009819586643685886,28.120436950543738,201981.95154684858,2.019819515468486
recovered_XYZ_precision,Use maximum available original API precision for all 31611 IDs; 27 changed,near_vbur_min,1541,0.9999850832171864,0.999992664667408,0.0048930342336932124,0.031731697702980524,0.0010475503808606845,1.0584577336914052,0.999959411973185,-0.001959229369141724,-0.0040708136298087646,1.5516338848736564,104019.3387719787,1.040193387719787
recovered_XYZ_precision,Use maximum available original API precision for all 31611 IDs; 27 changed,near_vbur_vburminconf,1541,0.9999849485816763,0.9999925943650613,0.004975828483210322,0.032198002499745845,0.0010475724999992053,1.0584577336914052,0.9999552610489952,-0.0017298930157991776,-0.004059929270062433,1.5975722134243786,106140.97482819084,1.0614097482819085
recovered_XYZ_precision,Use maximum available original API precision for all 31611 IDs; 27 changed,ovbur_max_delta,1541,0.998484718709762,0.9992444246043009,0.008176689964855162,0.11302003344282346,0.0010458337050778255,4.142827033996582,0.9985401896723254,0.011397190498012577,0.006293653309101364,19.684006585461493,12990.331704266864,0.12990331704266866
recovered_XYZ_precision,Use maximum available original API precision for all 31611 IDs; 27 changed,ovbur_max_max,1541,0.9989434344949331,0.9994728738667465,0.004714017623537394,0.1068167665011545,1.1612451160658566e-06,4.1428272584106445,0.9980578075565648,0.041475127025186964,0.004410508662414833,17.582535094479496,16641.216290101478,0.1664121629010148
recovered_XYZ_precision,Use maximum available original API precision for all 31611 IDs; 27 changed,ovbur_max_min,1541,0.9998316477728214,0.9999160421841476,0.0036830815244812292,0.036829107973374194,1.469541015097775e-06,1.0887867230395507,0.9997730661577315,0.0016542582874645717,-0.001883158894577509,2.090186502130374,12415.555987349942,0.12415555987349944
recovered_XYZ_precision,Use maximum available original API precision for all 31611 IDs; 27 changed,ovbur_max_vburminconf,1541,0.9999189237081997,0.9999595720291279,0.0035194735630871216,0.02628238149219726,1.414057617665776e-06,0.5794311956445313,1.0000831054744677,-0.0026055149476071904,-0.0012892758508885205,1.0644666720050462,13129.197800845996,0.13129197800845996
recovered_XYZ_precision,Use maximum available original API precision for all 31611 IDs; 27 changed,ovbur_min_delta,1541,0.9986567595133055,0.9993522628684153,0.002858771270897862,0.06818210336451096,0.0,2.5854759238779295,1.0055243495741912,-0.0004457385753237064,0.0023687157980924562,7.163799596800847,5333.221912056414,0.05333221912056414
recovered_XYZ_precision,Use maximum available original API precision for all 31611 IDs; 27 changed,ovbur_min_max,1541,0.998738241605136,0.9993906682968879,0.0027976857675837815,0.06816253718573706,0.0,2.5854759238779295,1.0052599189527172,-0.0004952386782817175,0.002308987503898754,7.159688603894955,5674.373662215271,0.056743736622152714
recovered_XYZ_precision,Use maximum available original API precision for all 31611 IDs; 27 changed,ovbur_min_min,1541,0.9999827532588087,0.9999915077364926,6.515751577605302e-05,0.00163505302160769,0.0,0.057524877475769065,0.9994938656724107,-4.77493167668e-05,-5.9728291597984516e-05,0.004119706908924863,238.868715152176,0.0023886871515217604
recovered_XYZ_precision,Use maximum available original API precision for all 31611 IDs; 27 changed,ovbur_min_vburminconf,1541,0.9999837529135259,0.99999284768405,8.551897678974137e-05,0.0017677355285216575,0.0,0.057524877475769065,0.9986012920367326,-3.3029913233791064e-05,-7.05872460868585e-05,0.004815453793047323,296.38875873005236,0.002963887587300524
recovered_XYZ_precision,Use maximum available original API precision for all 31611 IDs; 27 changed,percent_buried_volume_delta,1541,0.9998137871300732,0.9999076044938243,0.012771041159018899,0.1596765517283726,0.0017462673340093993,5.771294614667681,1.0004233197797086,0.0075388542767225175,0.01205034210390916,39.29026240584191,210996.49246196233,2.1099649246196237
recovered_XYZ_precision,Use maximum available original API precision for all 31611 IDs; 27 changed,percent_buried_volume_max,1541,0.9998683612775566,0.9999346385156027,0.010071519877116467,0.1582226316463161,0.001163870231902564,5.7712926283557096,1.0005503187837022,-0.012928255083913598,0.00931391097952884,38.57801219539724,293059.75840037514,2.9305975840037517
recovered_XYZ_precision,Use maximum available original API precision for all 31611 IDs; 27 changed,percent_buried_volume_min,1541,0.9999898419541243,0.9999950226080255,0.0032342704077629385,0.020639455535565964,0.0005835532371243346,0.5893601645626774,0.999832802514416,0.002239265026329207,-0.002736444697399166,0.6564461593238957,64623.271774384804,0.646232717743848
recovered_XYZ_precision,Use maximum available original API precision for all 31611 IDs; 27 changed,percent_buried_volume_vburminconf,1541,0.9999898419541243,0.9999950226080255,0.0032342704077629385,0.020639455535565964,0.0005835532371243346,0.5893601645626774,0.999832802514416,0.002239265026329207,-0.002736444697399166,0.6564461593238957,64623.271774384804,0.646232717743848
recovered_XYZ_precision,Use maximum available original API precision for all 31611 IDs; 27 changed,pyr_alpha_delta,1541,0.999905778202412,0.9999544816570787,0.007099914980020963,0.03822633101251852,0.0028438568115234375,1.1588592529296875,0.9989733148777875,0.011395001554260986,0.005987549250222508,2.2517899217077786,23898.821497272398,0.238988214972724
recovered_XYZ_precision,Use maximum available original API precision for all 31611 IDs; 27 changed,pyr_alpha_max,1541,0.9999675193273836,0.9999839082552981,0.0037838999327507407,0.030468010482342513,0.0017515169726571855,1.156000996384277,0.9997250156522342,0.008478927267855596,0.0026107467382411706,1.4305097803010374,44041.876755289246,0.4404187675528925
recovered_XYZ_precision,Use maximum available original API precision for all 31611 IDs; 27 changed,pyr_alpha_min,1541,0.9999791704548875,0.9999898507412823,0.004460481165295668,0.022463286928429343,0.0019220806591810913,0.719317825498047,0.9997338767116906,0.0009006392917747519,-0.0033767998630521083,0.7775874590882034,37330.98610109584,0.3733098610109584
recovered_XYZ_precision,Use maximum available original API precision for all 31611 IDs; 27 changed,pyr_alpha_vburminconf,1541,0.999738192278853,0.9998696285153162,0.008849263761235833,0.08412722066158808,0.0017742341894528835,2.114142068085936,0.9993969747851721,0.006872956541648989,-0.005106313835591461,10.906256843871288,41657.506494039466,0.4165750649403947
recovered_XYZ_precision,Use maximum available original API precision for all 31611 IDs; 27 changed,pyr_p_delta,1541,0.9999484355422905,0.999975143341208,5.408837186337255e-05,0.00026747245612053386,2.0386638122558975e-05,0.0072321295738220215,0.999359050771337,7.145646656107896e-05,4.5652526921780964e-05,0.00011024547428083558,2.138012871227327,2.138012871227327e-05
recovered_XYZ_precision,Use maximum available original API precision for all 31611 IDs; 27 changed,pyr_p_max,1541,0.999977572401265,0.9999891214722079,3.215829276433613e-05,0.000171219278958293,1.1959909667957902e-05,0.004817062902160663,0.999553300385097,0.00044576668873497205,2.5310185835217355e-05,4.5176019931463546e-05,2.014304806550478,2.0143048065504783e-05
recovered_XYZ_precision,Use maximum available original API precision for all 31611 IDs; 27 changed,pyr_p_min,1541,0.9999841108333185,0.9999921401991074,3.017507024187098e-05,0.00019969684721001722,1.3833793518047699e-05,0.007218747214965848,0.9999153634249267,5.591455798970024e-05,-2.0342332001552694e-05,6.145327824064191e-05,3.8676212209602268,3.8676212209602274e-05
recovered_XYZ_precision,Use maximum available original API precision for all 31611 IDs; 27 changed,pyr_p_vburminconf,1541,0.999700909822845,0.9998510953922145,7.247108230388997e-05,0.000710150207003542,1.3109478790296336e-05,0.017135320088043193,0.9992803986529502,0.0007010246064326209,4.3556713145479763e-05,0.0007771468207375544,2.598369589165449,2.598369589165449e-05
recovered_XYZ_precision,Use maximum available original API precision for all 31611 IDs; 27 changed,qvbur_max_delta,1541,0.999849428803574,0.999925292616469,0.010121177275443852,0.11322639363014307,0.0010480430507815441,4.142827033996582,0.999487708593721,0.014113901682321739,0.009366128853508628,19.75595318652617,131206.72250377305,1.3120672250377305
recovered_XYZ_precision,Use maximum available original API precision for all 31611 IDs; 27 changed,qvbur_max_max,1541,0.999885951577814,0.9999432075760889,0.007072410963804139,0.11099243500675801,0.0010456963647467177,4.1428272584106445,0.9995795025395401,0.017185300940855797,0.006344031534615983,18.98407308887201,166456.25362459724,1.6645625362459726
recovered_XYZ_precision,Use maximum available original API precision for all 31611 IDs; 27 changed,qvbur_max_min,1541,0.9999618869388103,0.999981155899377,0.004045518673946949,0.03227105781562514,0.0010447801391606504,0.7718781225048836,0.9996607015696993,0.0025811838587337377,-0.0030220888711314444,1.6048300268832472,42107.08814219782,0.42107088142197824
recovered_XYZ_precision,Use maximum available original API precision for all 31611 IDs; 27 changed,qvbur_max_vburminconf,1541,0.999962335637617,0.9999812334586196,0.004466943907162229,0.032902461697113305,0.0010451104980475634,0.7718781225048836,0.9998305340237015,0.0010400473677840694,-0.0018119375682601794,1.6682434300099431,44292.35819918993,0.4429235819918993
recovered_XYZ_precision,Use maximum available original API precision for all 31611 IDs; 27 changed,qvbur_min_delta,1541,0.9989910626377275,0.9994986158613599,0.008712864962952732,0.12502545735203185,0.001045402846679977,3.853113220629883,1.000909706705261,0.003967078954868697,0.006539383703367711,24.08793344355656,23874.557870769248,0.2387455787076925
recovered_XYZ_precision,Use maximum available original API precision for all 31611 IDs; 27 changed,qvbur_min_max,1541,0.9990819794562094,0.9995448058430758,0.007803397760789584,0.12473969691549709,9.061669921095472e-07,3.8552047673144543,1.0015266060637522,-0.014589658463428634,0.005669020203807652,23.977947651304486,26119.18416585185,0.2611918416585185
recovered_XYZ_precision,Use maximum available original API precision for all 31611 IDs; 27 changed,qvbur_min_min,1541,0.9999712497537634,0.9999858272975504,0.0010672319716649782,0.008989416433106124,4.873461918464272e-07,0.2823942386254874,0.9996035177643479,0.0032700141648049907,-0.0008703640946281682,0.12452760563181738,4331.357881489179,0.04331357881489179
recovered_XYZ_precision,Use maximum available original API precision for all 31611 IDs; 27 changed,qvbur_min_vburminconf,1541,0.9994025783622315,0.9997016567444591,0.00329274091537034,0.043259353810993904,4.982812491505229e-07,1.23939722380371,0.9992644207897948,0.006376480916376437,-0.0015877630089302158,2.883783777595063,4827.049432569031,0.04827049432569031
recovered_XYZ_precision,Use maximum available original API precision for all 31611 IDs; 27 changed,sterimol_b1_delta,1541,0.9990190043328001,0.9995209792142459,0.003719557674364924,0.021043664069095733,0.0008929963085937409,0.4376124957216797,0.9976210763070377,0.004726259484386097,0.0030907708640808837,0.6824099638749971,695.6299468914448,0.006956299468914448
recovered_XYZ_precision,Use maximum available original API precision for all 31611 IDs; 27 changed,sterimol_b1_max,1541,0.9996346615434765,0.999823143656515,0.00272290720587926,0.016452476149640592,0.0006451196794432512,0.2731447116777348,1.0019462290840013,-0.0063002513109005065,0.002171715028184975,0.4171240000113731,1141.7467626613325,0.011417467626613326
recovered_XYZ_precision,Use maximum available original API precision for all 31611 IDs; 27 changed,sterimol_b1_min,1541,0.9998582888604576,0.9999302412460628,0.0014207237645719034,0.009179639901681056,0.0005531608844604463,0.23502544663281277,0.9989784981663532,0.0028252846779852625,-0.0009190558326512706,0.1298535804245084,916.3258502036011,0.009163258502036012
recovered_XYZ_precision,Use maximum available original API precision for all 31611 IDs; 27 changed,sterimol_b1_vburminconf,1541,0.9987524903202855,0.9993822760966078,0.003132030535260817,0.027647179652610383,0.0005438756782227827,0.6313283547663575,1.0020614880931593,-0.007336751428060673,0.0009785278888887674,1.1778888423680627,944.1921465792401,0.009441921465792402
recovered_XYZ_precision,Use maximum available original API precision for all 31611 IDs; 27 changed,sterimol_b5_delta,1541,0.9996279733266343,0.9998169045283889,0.0027139761684197177,0.022596658930060097,9.753846313476089e-05,0.649272955685791,0.9988134062597529,0.00377761672187904,0.0026704671480403913,0.7868484609890573,2115.0323816045807,0.02115032381604581
recovered_XYZ_precision,Use maximum available original API precision for all 31611 IDs; 27 changed,sterimol_b5_max,1541,0.9999806087326543,0.9999903589541878,0.0005177406536475674,0.007617878419570136,4.2376908447216977e-05,0.2649245126877444,0.9998096427426076,0.0019465985255955331,0.0004893049751913738,0.08942742235925802,4611.7368589202115,0.046117368589202117
recovered_XYZ_precision,Use maximum available original API precision for all 31611 IDs; 27 changed,sterimol_b5_min,1541,0.999764975838788,0.9998840089888958,0.002228919336883964,0.02125003402125725,6.248763452187944e-05,0.6492275507971188,0.9990068820154334,0.004495094082826334,-0.002181164128072899,0.695860040638974,2960.802144980791,0.029608021449807915
recovered_XYZ_precision,Use maximum available original API precision for all 31611 IDs; 27 changed,sterimol_b5_vburminconf,1541,0.9983143285109719,0.9991571297709627,0.00451317269336579,0.06292055675227706,5.341933789093645e-05,2.023195786700196,0.9984659960093822,0.009757532041183126,-0.0012053575515432265,6.100813547967451,3619.2185652287553,0.03619218565228756
recovered_XYZ_precision,Use maximum available original API precision for all 31611 IDs; 27 changed,sterimol_l_delta,1541,0.9995763291149286,0.9997912111537727,0.0038488437656628628,0.03468033463209243,0.00017430891162109607,0.9548697471618652,0.9985346023972241,0.006401634333537354,0.0037819114976848597,1.8534001653088141,4374.622450151358,0.04374622450151358
recovered_XYZ_precision,Use maximum available original API precision for all 31611 IDs; 27 changed,sterimol_l_max,1541,0.9997064021877298,0.999854010267275,0.0020034436918018347,0.028971894519377626,9.226255908245662e-05,0.9550328170959475,0.9991380462900372,0.009794668056278155,0.0019386922082747693,1.2934702056166345,4405.585299204951,0.04405585299204952
recovered_XYZ_precision,Use maximum available original API precision for all 31611 IDs; 27 changed,sterimol_l_min,1541,0.999769128589734,0.9998874871721775,0.0019126705943273258,0.01723743096964281,0.00011541586694363559,0.3527618427893069,0.9979811509464452,0.012947737478514298,-0.001843216746905223,0.45787582973356267,1983.2504561995177,0.019832504561995177
recovered_XYZ_precision,Use maximum available original API precision for all 31611 IDs; 27 changed,sterimol_l_vburminconf,1541,0.9973491500254167,0.998675553034112,0.006623369335291901,0.07685607235747358,0.00010099313891576145,2.0942494987932125,0.9992658348253505,0.006074813643417443,-0.00030232385906397914,9.102464877512727,3433.791034871242,0.034337910348712426
